HIERARCHY
ROOT mixamorig:Hips
{
	OFFSET 0.000000 69.776680 0.000000
	CHANNELS 6 Xposition Yposition Zposition Xrotation Yrotation Zrotation
	JOINT mixamorig:Spine
	{
		OFFSET 0.000000 3.962402 -0.274300
		CHANNELS 6 Xposition Yposition Zposition Xrotation Yrotation Zrotation
		JOINT mixamorig:Spine1
		{
			OFFSET 0.000000 14.122147 -0.320033
			CHANNELS 6 Xposition Yposition Zposition Xrotation Yrotation Zrotation
			JOINT mixamorig:Spine2
			{
				OFFSET 0.000000 11.399124 -0.365735
				CHANNELS 6 Xposition Yposition Zposition Xrotation Yrotation Zrotation
				JOINT mixamorig:Neck
				{
					OFFSET 0.000000 9.938187 -0.411442
					CHANNELS 6 Xposition Yposition Zposition Xrotation Yrotation Zrotation
					JOINT mixamorig:Head
					{
						OFFSET 0.000000 8.579102 0.114200
						CHANNELS 6 Xposition Yposition Zposition Xrotation Yrotation Zrotation
						JOINT mixamorig:HeadTop_End
						{
							OFFSET 0.000000 25.089104 0.333900
							CHANNELS 6 Xposition Yposition Zposition Xrotation Yrotation Zrotation
							End Site
							{
								OFFSET 0.000000 25.091324 0.000000
							}
						}
					}
				}
				JOINT mixamorig:LeftShoulder
				{
					OFFSET 4.224100 8.888443 -0.424631
					CHANNELS 6 Xposition Yposition Zposition Xrotation Yrotation Zrotation
					JOINT mixamorig:LeftArm
					{
						OFFSET 8.606815 -2.106979 -0.026412
						CHANNELS 3 Xrotation Yrotation Zrotation
						JOINT mixamorig:LeftForeArm
						{
							OFFSET 18.975199 0.000000 0.000001
							CHANNELS 3 Xrotation Yrotation Zrotation
							JOINT mixamorig:LeftHand
							{
								OFFSET 19.896011 0.000000 0.000001
								CHANNELS 3 Xrotation Yrotation Zrotation
								JOINT mixamorig:LeftHandThumb1
								{
									OFFSET 2.354134 -1.272461 1.802826
									CHANNELS 6 Xposition Yposition Zposition Xrotation Yrotation Zrotation
									JOINT mixamorig:LeftHandThumb2
									{
										OFFSET 1.999432 -1.154373 1.154373
										CHANNELS 6 Xposition Yposition Zposition Xrotation Yrotation Zrotation
										JOINT mixamorig:LeftHandThumb3
										{
											OFFSET 2.113319 -1.220123 1.220126
											CHANNELS 6 Xposition Yposition Zposition Xrotation Yrotation Zrotation
											JOINT mixamorig:LeftHandThumb4
											{
												OFFSET 1.744274 -1.007057 1.007057
												CHANNELS 6 Xposition Yposition Zposition Xrotation Yrotation Zrotation
												End Site
												{
													OFFSET 1.605682 -1.003258 1.219047
												}
											}
										}
									}
								}
								JOINT mixamorig:LeftHandIndex1
								{
									OFFSET 7.198479 -0.169243 1.742686
									CHANNELS 6 Xposition Yposition Zposition Xrotation Yrotation Zrotation
									JOINT mixamorig:LeftHandIndex2
									{
										OFFSET 2.844902 0.000000 0.000000
										CHANNELS 6 Xposition Yposition Zposition Xrotation Yrotation Zrotation
										JOINT mixamorig:LeftHandIndex3
										{
											OFFSET 2.665497 0.000000 0.000000
											CHANNELS 6 Xposition Yposition Zposition Xrotation Yrotation Zrotation
											JOINT mixamorig:LeftHandIndex4
											{
												OFFSET 2.297401 0.000000 0.000000
												CHANNELS 6 Xposition Yposition Zposition Xrotation Yrotation Zrotation
												End Site
												{
													OFFSET 2.297401 0.000000 0.000300
												}
											}
										}
									}
								}
								JOINT mixamorig:LeftHandMiddle1
								{
									OFFSET 6.876549 0.000000 0.000000
									CHANNELS 6 Xposition Yposition Zposition Xrotation Yrotation Zrotation
									JOINT mixamorig:LeftHandMiddle2
									{
										OFFSET 3.256821 0.000000 0.000000
										CHANNELS 6 Xposition Yposition Zposition Xrotation Yrotation Zrotation
										JOINT mixamorig:LeftHandMiddle3
										{
											OFFSET 3.177902 0.000000 0.000000
											CHANNELS 6 Xposition Yposition Zposition Xrotation Yrotation Zrotation
											JOINT mixamorig:LeftHandMiddle4
											{
												OFFSET 2.695129 0.000000 0.000000
												CHANNELS 6 Xposition Yposition Zposition Xrotation Yrotation Zrotation
												End Site
												{
													OFFSET 2.695099 -0.000191 0.012399
												}
											}
										}
									}
								}
								JOINT mixamorig:LeftHandRing1
								{
									OFFSET 6.623886 -0.059456 -1.696961
									CHANNELS 6 Xposition Yposition Zposition Xrotation Yrotation Zrotation
									JOINT mixamorig:LeftHandRing2
									{
										OFFSET 2.958004 0.000000 0.000000
										CHANNELS 6 Xposition Yposition Zposition Xrotation Yrotation Zrotation
										JOINT mixamorig:LeftHandRing3
										{
											OFFSET 2.756901 0.000000 0.000000
											CHANNELS 6 Xposition Yposition Zposition Xrotation Yrotation Zrotation
											JOINT mixamorig:LeftHandRing4
											{
												OFFSET 2.334602 0.000000 0.000000
												CHANNELS 6 Xposition Yposition Zposition Xrotation Yrotation Zrotation
												End Site
												{
													OFFSET 2.334602 -0.000031 0.001500
												}
											}
										}
									}
								}
								JOINT mixamorig:LeftHandPinky1
								{
									OFFSET 6.046967 -0.139206 -3.244337
									CHANNELS 6 Xposition Yposition Zposition Xrotation Yrotation Zrotation
									JOINT mixamorig:LeftHandPinky2
									{
										OFFSET 2.623703 0.000000 0.000000
										CHANNELS 6 Xposition Yposition Zposition Xrotation Yrotation Zrotation
										JOINT mixamorig:LeftHandPinky3
										{
											OFFSET 2.132103 0.000000 0.000000
											CHANNELS 6 Xposition Yposition Zposition Xrotation Yrotation Zrotation
											JOINT mixamorig:LeftHandPinky4
											{
												OFFSET 1.793213 0.000000 0.000000
												CHANNELS 6 Xposition Yposition Zposition Xrotation Yrotation Zrotation
												End Site
												{
													OFFSET 1.793198 0.000099 -0.007099
												}
											}
										}
									}
								}
							}
						}
					}
				}
				JOINT mixamorig:RightShoulder
				{
					OFFSET -4.224100 8.888435 -0.398208
					CHANNELS 6 Xposition Yposition Zposition Xrotation Yrotation Zrotation
					JOINT mixamorig:RightArm
					{
						OFFSET -8.606817 -2.106972 0.026400
						CHANNELS 3 Xrotation Yrotation Zrotation
						JOINT mixamorig:RightForeArm
						{
							OFFSET -18.973604 0.000000 -0.000000
							CHANNELS 3 Xrotation Yrotation Zrotation
							JOINT mixamorig:RightHand
							{
								OFFSET -19.898298 0.000000 -0.000000
								CHANNELS 3 Xrotation Yrotation Zrotation
								JOINT mixamorig:RightHandThumb1
								{
									OFFSET -2.342537 -1.287621 1.805296
									CHANNELS 6 Xposition Yposition Zposition Xrotation Yrotation Zrotation
									JOINT mixamorig:RightHandThumb2
									{
										OFFSET -1.998871 -1.154045 1.154048
										CHANNELS 6 Xposition Yposition Zposition Xrotation Yrotation Zrotation
										JOINT mixamorig:RightHandThumb3
										{
											OFFSET -2.115639 -1.221466 1.221465
											CHANNELS 6 Xposition Yposition Zposition Xrotation Yrotation Zrotation
											JOINT mixamorig:RightHandThumb4
											{
												OFFSET -1.745159 -1.007568 1.007568
												CHANNELS 6 Xposition Yposition Zposition Xrotation Yrotation Zrotation
												End Site
												{
													OFFSET -1.638237 -1.006813 1.174085
												}
											}
										}
									}
								}
								JOINT mixamorig:RightHandIndex1
								{
									OFFSET -7.289619 -0.160568 1.788511
									CHANNELS 6 Xposition Yposition Zposition Xrotation Yrotation Zrotation
									JOINT mixamorig:RightHandIndex2
									{
										OFFSET -2.816299 0.000000 -0.000000
										CHANNELS 6 Xposition Yposition Zposition Xrotation Yrotation Zrotation
										JOINT mixamorig:RightHandIndex3
										{
											OFFSET -2.639603 0.000000 -0.000000
											CHANNELS 6 Xposition Yposition Zposition Xrotation Yrotation Zrotation
											JOINT mixamorig:RightHandIndex4
											{
												OFFSET -2.241501 0.000000 -0.000000
												CHANNELS 6 Xposition Yposition Zposition Xrotation Yrotation Zrotation
												End Site
												{
													OFFSET -2.241501 0.000000 -0.000300
												}
											}
										}
									}
								}
								JOINT mixamorig:RightHandMiddle1
								{
									OFFSET -7.060406 0.000000 -0.000000
									CHANNELS 6 Xposition Yposition Zposition Xrotation Yrotation Zrotation
									JOINT mixamorig:RightHandMiddle2
									{
										OFFSET -3.340210 0.000000 0.000000
										CHANNELS 6 Xposition Yposition Zposition Xrotation Yrotation Zrotation
										JOINT mixamorig:RightHandMiddle3
										{
											OFFSET -3.056713 0.000000 0.000000
											CHANNELS 6 Xposition Yposition Zposition Xrotation Yrotation Zrotation
											JOINT mixamorig:RightHandMiddle4
											{
												OFFSET -2.639503 0.000000 0.000000
												CHANNELS 6 Xposition Yposition Zposition Xrotation Yrotation Zrotation
												End Site
												{
													OFFSET -2.639503 -0.000008 0.000600
												}
											}
										}
									}
								}
								JOINT mixamorig:RightHandRing1
								{
									OFFSET -6.774601 0.049789 -1.636027
									CHANNELS 6 Xposition Yposition Zposition Xrotation Yrotation Zrotation
									JOINT mixamorig:RightHandRing2
									{
										OFFSET -2.923901 0.000000 0.000000
										CHANNELS 6 Xposition Yposition Zposition Xrotation Yrotation Zrotation
										JOINT mixamorig:RightHandRing3
										{
											OFFSET -2.718002 0.000000 0.000000
											CHANNELS 6 Xposition Yposition Zposition Xrotation Yrotation Zrotation
											JOINT mixamorig:RightHandRing4
											{
												OFFSET -2.379601 0.000000 0.000000
												CHANNELS 6 Xposition Yposition Zposition Xrotation Yrotation Zrotation
												End Site
												{
													OFFSET -2.379601 0.000000 -0.000300
												}
											}
										}
									}
								}
								JOINT mixamorig:RightHandPinky1
								{
									OFFSET -6.148533 -0.175697 -3.130196
									CHANNELS 6 Xposition Yposition Zposition Xrotation Yrotation Zrotation
									JOINT mixamorig:RightHandPinky2
									{
										OFFSET -2.627903 0.000000 0.000000
										CHANNELS 6 Xposition Yposition Zposition Xrotation Yrotation Zrotation
										JOINT mixamorig:RightHandPinky3
										{
											OFFSET -2.122501 0.000000 0.000000
											CHANNELS 6 Xposition Yposition Zposition Xrotation Yrotation Zrotation
											JOINT mixamorig:RightHandPinky4
											{
												OFFSET -1.792004 0.000000 0.000000
												CHANNELS 6 Xposition Yposition Zposition Xrotation Yrotation Zrotation
												End Site
												{
													OFFSET -1.792000 0.000046 -0.004500
												}
											}
										}
									}
								}
							}
						}
					}
				}
			}
		}
	}
	JOINT mixamorig:LeftUpLeg
	{
		OFFSET 7.557000 -4.826302 0.300500
		CHANNELS 6 Xposition Yposition Zposition Xrotation Yrotation Zrotation
		JOINT mixamorig:LeftLeg
		{
			OFFSET 0.315538 -24.058289 0.537030
			CHANNELS 6 Xposition Yposition Zposition Xrotation Yrotation Zrotation
			JOINT mixamorig:LeftFoot
			{
				OFFSET -0.315538 -33.061485 0.084935
				CHANNELS 6 Xposition Yposition Zposition Xrotation Yrotation Zrotation
				JOINT mixamorig:LeftToeBase
				{
					OFFSET 0.092043 -7.483322 10.511632
					CHANNELS 6 Xposition Yposition Zposition Xrotation Yrotation Zrotation
					JOINT mixamorig:LeftToe_End
					{
						OFFSET 0.082187 -0.046743 6.420126
						CHANNELS 6 Xposition Yposition Zposition Xrotation Yrotation Zrotation
						End Site
						{
							OFFSET 0.096298 -0.054795 6.419865
						}
					}
				}
			}
		}
	}
	JOINT mixamorig:RightUpLeg
	{
		OFFSET -7.557000 -4.826302 0.300500
		CHANNELS 6 Xposition Yposition Zposition Xrotation Yrotation Zrotation
		JOINT mixamorig:RightLeg
		{
			OFFSET -0.315556 -24.058254 0.712177
			CHANNELS 6 Xposition Yposition Zposition Xrotation Yrotation Zrotation
			JOINT mixamorig:RightFoot
			{
				OFFSET 0.315562 -33.061455 0.096916
				CHANNELS 6 Xposition Yposition Zposition Xrotation Yrotation Zrotation
				JOINT mixamorig:RightToeBase
				{
					OFFSET -0.092061 -7.483409 10.296515
					CHANNELS 6 Xposition Yposition Zposition Xrotation Yrotation Zrotation
					JOINT mixamorig:RightToe_End
					{
						OFFSET -0.082209 -0.046778 6.411424
						CHANNELS 6 Xposition Yposition Zposition Xrotation Yrotation Zrotation
						End Site
						{
							OFFSET -0.096323 -0.054825 6.411163
						}
					}
				}
			}
		}
	}
}
MOTION
Frames: 250
Frame Time: 0.033333
0.219347 68.685066 -0.485714 -0.285095 9.949105 -3.536939 -0.000001 3.962402 -0.274300 2.603319 -0.672810 2.332724 0.000000 14.122128 -0.320032 1.656093 -2.278674 0.845950 0.000000 11.399137 -0.365735 -2.923703 -2.285053 0.251910 0.000000 9.938197 -0.411443 -3.367574 -1.151238 -0.983951 0.000000 8.579116 0.114201 -1.349393 -3.841517 0.310224 0.000000 25.089104 0.333900 0.000000 -0.000000 0.000000 4.224103 8.888470 -0.424632 8.280037 -20.929226 3.137765 1.625316 4.497732 -76.980248 -0.000001 -36.305112 0.000000 19.884192 -19.957145 5.430791 2.354134 -1.272453 1.802828 28.897530 8.894116 20.768607 1.999422 -1.154372 1.154373 -8.694727 18.043857 -12.336299 2.113328 -1.220122 1.220124 7.946587 -11.221928 1.406947 1.744271 -1.007039 1.007059 -0.000001 -0.000005 -0.000001 7.198486 -0.169237 1.742687 0.321248 3.500382 3.987072 2.844907 0.000007 -0.000001 0.265679 2.465252 -16.816416 2.665500 -0.000004 0.000000 -0.020300 0.178494 -3.850813 2.297400 -0.000015 0.000006 -0.000003 -0.000003 0.000001 6.876548 0.000001 0.000004 0.605076 7.624338 -16.487699 3.256815 0.000005 -0.000001 0.612758 3.443009 -27.102858 3.177894 -0.000004 0.000001 0.271797 1.846632 -15.987016 2.695120 -0.000009 0.000002 -0.000001 0.000001 0.000001 6.623891 -0.059442 -1.696962 0.877101 8.006949 -34.399804 2.958005 -0.000002 0.000000 0.422008 2.000697 -17.172345 2.756896 0.000001 0.000002 0.298773 1.211750 -12.585005 2.334620 0.000006 0.000000 0.000001 0.000003 0.000003 6.046974 -0.139197 -3.244338 3.574130 13.525533 -31.383869 2.623706 0.000008 0.000001 0.487210 2.680661 -29.100786 2.132108 0.000002 -0.000003 0.074790 1.530289 -6.724083 1.793203 -0.000014 0.000001 0.000000 0.000002 0.000001 -4.224100 8.888441 -0.398210 -0.855009 5.246475 5.396728 22.093516 -2.728013 73.794750 -0.000004 32.516775 0.000019 25.457300 8.380628 4.049665 -2.342554 -1.287613 1.805293 12.593942 -8.153671 -17.222409 -1.998870 -1.154043 1.154048 6.064820 -5.313244 -13.324103 -2.115647 -1.221474 1.221469 -13.753600 7.447217 9.069847 -1.745160 -1.007585 1.007568 -0.000000 -0.000007 -0.000004 -7.289635 -0.160561 1.788510 -0.934016 0.803138 10.773198 -2.816303 -0.000000 0.000000 0.637299 -3.394051 26.746404 -2.639592 -0.000011 0.000001 -0.167841 -0.590576 17.433257 -2.241498 -0.000008 -0.000000 0.000002 0.000002 0.000003 -7.060417 -0.000002 -0.000001 0.839953 -8.113489 23.112395 -3.340207 -0.000001 0.000001 1.181246 -4.370031 38.023499 -3.056704 0.000012 0.000004 0.821937 -3.075370 31.081729 -2.639489 -0.000001 0.000002 -0.000000 0.000003 0.000000 -6.774602 0.049804 -1.636027 1.275656 -8.669018 41.005577 -2.923891 0.000004 -0.000001 0.713406 -2.594938 23.801263 -2.718002 -0.000000 0.000003 -0.130799 -0.209814 20.215111 -2.379608 -0.000010 0.000002 -0.000000 -0.000001 0.000000 -6.148537 -0.175693 -3.130197 2.500279 -10.281930 45.253073 -2.627901 -0.000009 0.000001 1.612574 -4.332252 49.089683 -2.122504 -0.000001 -0.000002 -0.378854 -2.603577 43.266772 -1.792001 0.000015 -0.000000 0.000004 -0.000001 0.000003 7.557001 -4.826308 0.300500 -28.471063 -0.342209 1.304133 0.315538 -24.058292 0.537033 67.064186 2.618815 7.077235 -0.315538 -33.061493 0.084938 4.493372 0.182785 -0.860750 0.092043 -7.483323 10.511634 -5.994841 0.425107 -5.474222 0.082186 -0.046743 6.420124 0.000001 0.000001 -0.000001 -7.557000 -4.826306 0.300501 -4.101870 -12.101552 9.621854 -0.315556 -24.058260 0.712178 12.317644 1.831901 -1.835714 0.315562 -33.061455 0.096918 -7.148624 -5.093192 -4.973713 -0.092060 -7.483409 10.296513 -2.773169 -0.000003 -0.000001 -0.082208 -0.046778 6.411420 -0.000000 0.000000 -0.000000 
0.399954 68.864136 3.190024 0.511757 8.437420 -2.634085 -0.000001 3.962405 -0.274300 2.216266 -0.256936 1.861362 -0.000000 14.122131 -0.320032 1.320653 -1.249887 0.284490 0.000000 11.399117 -0.365734 -3.217853 -1.239439 -0.283699 -0.000000 9.938181 -0.411441 -2.924324 -1.309465 -0.732111 0.000000 8.579100 0.114200 -0.381135 -4.256674 0.844487 -0.000000 25.089104 0.333898 -0.000000 0.000000 0.000000 4.224103 8.888457 -0.424629 8.097217 -21.022441 2.432441 4.324107 7.969252 -78.978304 0.000030 -32.694022 0.000024 23.868026 -14.990821 -3.994034 2.354132 -1.272471 1.802827 27.832543 9.961610 24.160724 1.999434 -1.154380 1.154375 -4.456015 10.903839 -13.932520 2.113319 -1.220124 1.220125 6.998364 -19.987941 2.374265 1.744277 -1.007046 1.007056 0.000000 0.000000 0.000001 7.198476 -0.169248 1.742688 1.471150 4.060054 0.584773 2.844905 -0.000001 0.000000 0.271729 2.485127 -17.022346 2.665508 -0.000007 0.000003 -0.019638 0.199337 -4.056422 2.297408 -0.000009 0.000001 0.000003 0.000000 0.000000 6.876543 -0.000016 0.000006 0.977810 8.746243 -18.138134 3.256816 0.000009 0.000001 0.611823 3.441104 -27.081492 3.177893 0.000006 -0.000001 0.271297 1.845037 -15.970326 2.695107 0.000006 0.000003 0.000000 -0.000002 -0.000000 6.623896 -0.059459 -1.696960 1.077427 8.345165 -36.267113 2.958014 -0.000008 -0.000001 0.415462 1.985025 -17.002180 2.756909 0.000015 0.000001 0.293499 1.195625 -12.414085 2.334615 0.000015 -0.000003 0.000001 -0.000000 0.000002 6.046970 -0.139214 -3.244339 4.137720 14.274668 -32.287001 2.623694 0.000009 0.000002 0.486427 2.678937 -29.081962 2.132099 -0.000006 -0.000001 0.074448 1.528437 -6.705300 1.793190 -0.000001 -0.000002 0.000000 0.000000 0.000000 -4.224097 8.888412 -0.398208 -0.860277 5.573557 5.481427 16.311014 -2.509328 72.699263 0.000008 33.397125 -0.000002 26.503325 6.496387 3.270033 -2.342540 -1.287613 1.805293 12.230978 -7.969373 -17.507185 -1.998883 -1.154033 1.154040 5.750131 -5.677850 -13.140416 -2.115644 -1.221475 1.221460 -13.830018 7.698066 9.048484 -1.745161 -1.007582 1.007567 0.000002 -0.000002 0.000001 -7.289625 -0.160557 1.788510 -1.010265 1.145070 10.974194 -2.816290 -0.000004 0.000002 0.637993 -3.395408 26.761509 -2.639599 -0.000003 0.000004 -0.167689 -0.592155 17.448360 -2.241497 0.000003 0.000002 0.000001 -0.000001 0.000002 -7.060402 -0.000001 -0.000001 0.568639 -7.468972 23.643176 -3.340212 0.000003 0.000002 1.182073 -4.371128 38.037149 -3.056696 0.000005 0.000003 0.822442 -3.076200 31.091499 -2.639488 -0.000001 0.000003 -0.000000 0.000003 0.000000 -6.774600 0.049796 -1.636029 1.265191 -8.658407 41.226260 -2.923892 -0.000002 -0.000001 0.716042 -2.599627 23.855476 -2.718000 -0.000023 0.000001 -0.130059 -0.215376 20.269655 -2.379615 -0.000015 0.000003 0.000000 -0.000001 -0.000000 -6.148523 -0.175711 -3.130196 2.438152 -10.190914 45.626026 -2.627893 0.000005 0.000001 1.615121 -4.334850 49.125739 -2.122497 0.000007 -0.000002 -0.377524 -2.607401 43.302672 -1.792009 0.000030 -0.000001 0.000001 0.000001 0.000003 7.557000 -4.826312 0.300499 -32.783532 -0.490931 -1.584649 0.315537 -24.058292 0.537027 59.859894 4.480542 6.858255 -0.315539 -33.061481 0.084936 0.992790 0.594816 -2.727329 0.092042 -7.483322 10.511632 -5.228271 0.210415 -2.708333 0.082186 -0.046742 6.420124 0.000001 -0.000001 0.000001 -7.557001 -4.826309 0.300500 -1.435160 -12.341997 9.094085 -0.315555 -24.058266 0.712177 12.149078 1.528458 -2.211977 0.315561 -33.061455 0.096918 -9.244261 -2.698952 -4.833743 -0.092060 -7.483409 10.296514 -2.707267 -0.000001 -0.000001 -0.082208 -0.046778 6.411420 -0.000000 0.000000 -0.000000 
0.638358 68.631729 6.897065 1.396524 6.092737 -1.696314 0.000000 3.962399 -0.274300 1.742926 0.232446 1.390791 0.000000 14.122130 -0.320032 1.189310 -0.070742 -0.010986 -0.000000 11.399122 -0.365733 -3.312096 -0.061147 -0.540019 -0.000000 9.938191 -0.411442 -3.121415 -1.251189 -1.091544 0.000000 8.579098 0.114199 0.167239 -4.499403 0.960836 -0.000000 25.089088 0.333899 0.000000 -0.000000 0.000000 4.224102 8.888458 -0.424632 7.521386 -19.869749 0.240300 7.610257 12.305075 -79.228132 0.000013 -32.034998 0.000005 32.365712 -11.114738 -15.322949 2.354127 -1.272455 1.802825 26.732915 11.080679 27.786880 1.999420 -1.154369 1.154370 4.526249 11.647268 -14.819178 2.113325 -1.220118 1.220126 6.389806 -24.187862 1.896342 1.744277 -1.007055 1.007055 0.000002 -0.000001 0.000003 7.198480 -0.169230 1.742685 2.784290 4.353348 -1.311123 2.844903 0.000000 -0.000002 0.275460 2.497242 -17.147745 2.665499 0.000001 0.000003 -0.019173 0.212014 -4.181507 2.297409 -0.000010 0.000000 0.000001 -0.000001 0.000000 6.876541 -0.000014 -0.000001 1.247581 9.508270 -18.726195 3.256819 -0.000001 0.000003 0.610886 3.439149 -27.059779 3.177898 0.000013 -0.000000 0.270808 1.843505 -15.954337 2.695117 -0.000017 -0.000000 0.000003 -0.000001 -0.000002 6.623883 -0.059457 -1.696961 1.201607 8.534435 -36.867152 2.957991 0.000001 0.000002 0.412946 1.978972 -16.936613 2.756912 0.000003 -0.000000 0.291508 1.189420 -12.348222 2.334606 -0.000001 -0.000000 0.000000 -0.000000 -0.000002 6.046971 -0.139196 -3.244335 4.218385 14.408497 -32.278347 2.623717 -0.000001 -0.000002 0.487736 2.681804 -29.113316 2.132100 -0.000003 0.000001 0.075009 1.531532 -6.736584 1.793197 -0.000006 0.000003 0.000001 -0.000001 0.000000 -4.224102 8.888432 -0.398208 -0.784121 6.381130 3.869971 10.664967 -1.627277 72.742546 -0.000029 33.865714 0.000016 26.095829 5.164864 3.122575 -2.342537 -1.287619 1.805298 12.435334 -7.282888 -17.169494 -1.998875 -1.154040 1.154047 5.104395 -5.979275 -13.198505 -2.115636 -1.221476 1.221465 -13.898155 7.922616 9.030002 -1.745157 -1.007578 1.007566 0.000000 -0.000004 -0.000008 -7.289621 -0.160563 1.788514 -1.097824 1.464651 11.275849 -2.816297 -0.000015 0.000000 0.634552 -3.388612 26.685940 -2.639604 0.000011 0.000001 -0.168454 -0.584321 17.373006 -2.241493 -0.000003 0.000001 0.000002 -0.000000 0.000000 -7.060407 -0.000006 0.000004 0.265910 -6.785758 24.208938 -3.340213 0.000003 -0.000001 1.182748 -4.372056 38.048785 -3.056705 0.000002 0.000002 0.822794 -3.076786 31.098394 -2.639494 -0.000008 0.000004 0.000000 -0.000001 -0.000001 -6.774587 0.049792 -1.636025 1.261684 -8.658652 41.584282 -2.923897 0.000003 0.000001 0.719804 -2.606249 23.931538 -2.718008 -0.000005 -0.000004 -0.129010 -0.223176 20.346165 -2.379606 0.000009 -0.000001 -0.000000 -0.000001 0.000003 -6.148522 -0.175703 -3.130194 2.336663 -10.050660 46.145615 -2.627885 0.000013 0.000002 1.610549 -4.330188 49.060757 -2.122501 0.000019 -0.000000 -0.379917 -2.600481 43.237993 -1.792004 0.000010 0.000000 0.000001 -0.000002 0.000000 7.557003 -4.826304 0.300505 -34.932958 -0.429391 -3.087673 0.315537 -24.058289 0.537032 49.552927 5.342134 6.146077 -0.315539 -33.061489 0.084935 -0.746683 0.764507 -2.906882 0.092042 -7.483319 10.511634 -0.131248 0.000001 -0.000001 0.082184 -0.046743 6.420124 0.000000 -0.000000 0.000000 -7.557002 -4.826298 0.300501 0.100202 -12.638807 7.756142 -0.315556 -24.058262 0.712177 13.870619 2.401070 -2.359401 0.315563 -33.061455 0.096919 -12.972617 0.095656 -4.256823 -0.092061 -7.483409 10.296514 -2.411219 -0.000000 0.000001 -0.082208 -0.046778 6.411420 -0.000000 0.000000 0.000000 
0.904201 68.164131 10.719244 2.163216 3.325771 -0.550829 -0.000000 3.962416 -0.274302 1.378425 0.641000 1.084245 -0.000000 14.122128 -0.320033 1.083230 0.807521 -0.532532 -0.000000 11.399121 -0.365734 -3.396407 0.838324 -1.023559 -0.000000 9.938180 -0.411444 -3.502632 -1.039022 -1.491721 0.000000 8.579096 0.114199 0.265012 -4.087353 0.791329 0.000000 25.089104 0.333901 -0.000000 0.000000 -0.000000 4.224102 8.888448 -0.424632 6.979804 -16.953689 -2.130136 10.941194 16.423895 -78.862300 0.000019 -32.026904 0.000012 42.935204 -8.791947 -24.867725 2.354145 -1.272465 1.802824 25.783599 11.942569 31.121900 1.999424 -1.154375 1.154371 5.421175 15.496753 -14.216036 2.113319 -1.220122 1.220131 6.529953 -25.873817 2.600810 1.744279 -1.007048 1.007060 -0.000004 -0.000005 -0.000001 7.198485 -0.169234 1.742685 4.150928 3.608825 1.083049 2.844905 0.000003 0.000001 0.285543 2.529543 -17.483169 2.665508 -0.000003 -0.000001 -0.017834 0.245986 -4.516603 2.297412 -0.000014 0.000001 -0.000004 0.000001 -0.000001 6.876549 -0.000008 0.000002 0.974700 9.022057 -15.604897 3.256816 0.000004 0.000003 0.606476 3.430115 -26.959044 3.177902 -0.000003 -0.000002 0.267727 1.833818 -15.852671 2.695122 -0.000005 0.000001 0.000000 -0.000001 -0.000000 6.623883 -0.059444 -1.696957 1.110878 8.384992 -33.997837 2.958003 -0.000003 0.000002 0.414991 1.983887 -16.990135 2.756915 -0.000003 -0.000001 0.293132 1.194486 -12.402010 2.334604 0.000006 0.000000 0.000000 0.000001 -0.000001 6.046968 -0.139198 -3.244336 3.399124 13.587584 -29.573664 2.623701 0.000009 -0.000003 0.496495 2.701173 -29.324543 2.132102 -0.000005 -0.000002 0.078884 1.552417 -6.947525 1.793212 -0.000007 0.000001 -0.000001 0.000001 0.000001 -4.224101 8.888434 -0.398210 -0.665294 7.917492 2.245684 5.789308 0.249691 72.986568 -0.000030 33.995692 0.000019 24.326648 4.748581 3.478587 -2.342541 -1.287615 1.805294 12.781765 -6.238735 -16.634516 -1.998879 -1.154038 1.154049 4.454110 -6.335022 -13.308172 -2.115637 -1.221464 1.221465 -13.953986 8.107173 9.015267 -1.745158 -1.007586 1.007564 0.000004 -0.000003 -0.000001 -7.289619 -0.160570 1.788509 -1.198448 1.615920 11.863532 -2.816297 -0.000001 0.000003 0.625405 -3.370372 26.483551 -2.639608 0.000001 -0.000000 -0.170478 -0.563323 17.171213 -2.241490 -0.000013 0.000006 0.000004 0.000002 0.000003 -7.060407 -0.000004 -0.000004 -0.045793 -6.125296 24.866922 -3.340204 -0.000005 -0.000001 1.183211 -4.372625 38.055939 -3.056707 0.000009 -0.000003 0.822955 -3.077037 31.101311 -2.639491 0.000000 0.000002 0.000000 0.000001 -0.000003 -6.774598 0.049794 -1.636031 1.212972 -8.607785 42.166928 -2.923891 0.000008 -0.000001 0.721412 -2.609092 23.964313 -2.718000 -0.000010 0.000002 -0.128547 -0.226571 20.379633 -2.379603 0.000002 0.000005 -0.000000 0.000002 0.000001 -6.148522 -0.175707 -3.130199 2.170922 -9.846769 46.696504 -2.627912 0.000001 -0.000000 1.604822 -4.324301 48.979020 -2.122499 0.000015 -0.000000 -0.382906 -2.591783 43.156677 -1.792007 0.000003 0.000000 0.000001 0.000003 0.000002 7.557001 -4.826296 0.300495 -35.541330 0.384549 -3.621572 0.315536 -24.058289 0.537035 37.218975 5.350701 5.214834 -0.315540 -33.061493 0.084937 -1.567421 0.599347 -1.905535 0.092042 -7.483325 10.511627 -0.230121 0.000001 0.000000 0.082187 -0.046743 6.420124 -0.000000 0.000000 -0.000000 -7.557001 -4.826291 0.300497 2.104398 -13.227348 5.918729 -0.315555 -24.058254 0.712175 15.194094 5.690570 -2.488486 0.315563 -33.061455 0.096918 -16.995280 0.468066 -3.961928 -0.092060 -7.483408 10.296515 -2.392532 -0.000001 -0.000001 -0.082208 -0.046778 6.411422 -0.000000 0.000000 -0.000000 
1.153071 67.586998 14.707310 2.544809 0.638360 0.314518 0.000000 3.962396 -0.274299 1.096933 1.064592 1.141216 0.000000 14.122141 -0.320033 1.317317 1.554028 -0.953883 0.000000 11.399119 -0.365733 -3.139771 1.612092 -1.404390 -0.000001 9.938187 -0.411443 -4.127209 -0.688555 -2.262227 0.000001 8.579100 0.114202 0.043119 -3.611778 0.446548 -0.000000 25.089104 0.333900 0.000000 0.000000 0.000000 4.224102 8.888457 -0.424631 6.658612 -13.989901 -3.998178 13.562555 18.214950 -78.326314 0.000009 -30.359200 0.000027 49.791884 -10.447007 -29.645528 2.354144 -1.272461 1.802823 25.158537 12.277347 33.605412 1.999420 -1.154382 1.154373 -1.210174 21.433509 -12.093446 2.113322 -1.220123 1.220129 7.174862 -24.497720 3.925247 1.744282 -1.007053 1.007058 0.000001 -0.000006 -0.000001 7.198476 -0.169244 1.742686 5.679389 2.592711 4.475650 2.844907 0.000007 -0.000002 0.293758 2.555385 -17.751617 2.665503 -0.000012 -0.000001 -0.016633 0.273225 -4.785378 2.297415 -0.000010 0.000000 0.000000 -0.000000 0.000001 6.876543 -0.000005 0.000002 0.558129 7.774618 -11.362745 3.256811 0.000006 0.000001 0.603625 3.424233 -26.893665 3.177900 -0.000006 -0.000002 0.265620 1.827102 -15.781985 2.695121 0.000015 -0.000001 0.000000 0.000001 0.000000 6.623897 -0.059452 -1.696961 0.958426 8.113589 -30.083876 2.958008 0.000002 -0.000001 0.420442 1.996920 -17.131089 2.756909 0.000020 -0.000001 0.297474 1.207791 -12.543105 2.334597 0.000007 -0.000003 -0.000001 -0.000003 -0.000001 6.046963 -0.139208 -3.244337 2.508284 12.508306 -26.393050 2.623700 -0.000004 -0.000003 0.507761 2.725725 -29.593092 2.132097 -0.000005 0.000000 0.083911 1.578946 -7.215630 1.793204 -0.000015 0.000001 0.000000 0.000001 0.000001 -4.224101 8.888437 -0.398209 -0.410013 9.988302 -0.224645 1.848029 2.357963 74.124000 -0.000022 34.234062 0.000017 21.897544 5.566474 3.978098 -2.342536 -1.287611 1.805292 13.074950 -4.449810 -16.007105 -1.998878 -1.154048 1.154048 3.716091 -6.976327 -13.370846 -2.115650 -1.221477 1.221460 -14.009509 8.290908 9.001448 -1.745161 -1.007582 1.007564 0.000005 -0.000002 0.000001 -7.289617 -0.160563 1.788510 -1.377388 1.593204 13.130859 -2.816292 -0.000006 0.000000 0.620303 -3.360134 26.370180 -2.639591 0.000002 0.000003 -0.171579 -0.551561 17.058155 -2.241487 0.000003 -0.000004 -0.000000 0.000001 0.000001 -7.060390 0.000008 -0.000002 -0.388972 -5.507773 26.154966 -3.340197 0.000000 0.000005 1.182779 -4.372089 38.048914 -3.056703 0.000011 -0.000002 0.822355 -3.076055 31.089819 -2.639498 0.000008 -0.000001 0.000001 -0.000001 0.000001 -6.774590 0.049806 -1.636026 1.049147 -8.438094 43.327872 -2.923901 -0.000001 0.000004 0.718172 -2.603376 23.898472 -2.718014 -0.000006 -0.000003 -0.129472 -0.219812 20.313249 -2.379608 0.000009 0.000004 0.000001 0.000004 -0.000000 -6.148520 -0.175694 -3.130193 1.832266 -9.518734 47.625164 -2.627905 0.000007 -0.000001 1.591058 -4.310090 48.781867 -2.122502 0.000002 0.000000 -0.390080 -2.570702 42.959892 -1.792004 0.000007 -0.000001 0.000001 0.000000 0.000000 7.557001 -4.826317 0.300504 -35.576386 1.595855 -3.219100 0.315538 -24.058298 0.537031 25.632841 4.693385 4.150877 -0.315538 -33.061485 0.084934 -2.601727 0.273439 -1.106028 0.092042 -7.483325 10.511641 -1.825975 0.000002 0.000000 0.082186 -0.046743 6.420128 0.000000 -0.000000 -0.000000 -7.557001 -4.826306 0.300501 5.583036 -14.305522 4.199336 -0.315555 -24.058256 0.712175 14.874941 9.202466 -2.382596 0.315563 -33.061459 0.096917 -19.951701 0.509119 -3.835434 -0.092060 -7.483409 10.296514 -2.994579 -0.000004 -0.000000 -0.082208 -0.046778 6.411420 0.000000 0.000000 -0.000000 
1.375824 66.927979 18.860138 2.466836 -1.595343 0.405658 0.000000 3.962402 -0.274297 0.782766 1.641797 1.913424 -0.000001 14.122133 -0.320032 1.770414 2.004591 -1.357624 0.000000 11.399123 -0.365732 -2.661845 2.100362 -1.775228 -0.000001 9.938193 -0.411442 -4.792348 -0.408327 -2.848745 -0.000001 8.579101 0.114197 -0.470473 -3.190122 0.058210 -0.000000 25.089088 0.333901 0.000000 -0.000000 -0.000000 4.224102 8.888462 -0.424634 6.534699 -11.506196 -5.152600 15.131570 17.915779 -77.605033 -0.000005 -26.230501 0.000002 50.378471 -14.215957 -28.810223 2.354135 -1.272453 1.802829 24.929928 11.904543 35.008428 1.999435 -1.154362 1.154372 -3.643023 24.423577 -11.249284 2.113326 -1.220125 1.220129 7.379273 -23.404393 4.267112 1.744284 -1.007051 1.007055 0.000001 0.000001 -0.000001 7.198477 -0.169243 1.742688 6.963249 2.307621 3.153337 2.844902 0.000005 -0.000003 0.293452 2.554394 -17.741645 2.665514 0.000006 0.000002 -0.016670 0.272305 -4.776185 2.297399 -0.000017 0.000001 0.000001 0.000001 0.000001 6.876550 0.000007 0.000002 0.511286 7.573384 -10.943157 3.256812 0.000003 0.000002 0.607227 3.431653 -26.976274 3.177894 0.000011 0.000000 0.268075 1.834912 -15.863871 2.695117 0.000007 -0.000000 0.000000 0.000000 -0.000001 6.623871 -0.059453 -1.696959 0.978156 8.153130 -29.690303 2.958014 0.000000 0.000000 0.423535 2.004272 -17.211102 2.756903 0.000010 0.000003 0.299961 1.215361 -12.623266 2.334611 0.000007 0.000000 0.000000 0.000000 -0.000001 6.046959 -0.139197 -3.244334 2.524109 12.562311 -26.291314 2.623698 0.000003 0.000003 0.510326 2.731284 -29.654014 2.132100 0.000008 -0.000000 0.085061 1.584967 -7.276519 1.793206 -0.000008 0.000002 0.000000 -0.000004 -0.000000 -4.224101 8.888437 -0.398211 -0.152799 11.575466 -2.086868 -0.777481 5.398337 74.533763 -0.000018 35.297786 0.000020 19.240307 7.269956 4.274543 -2.342545 -1.287617 1.805299 13.268183 -1.443577 -15.195885 -1.998875 -1.154042 1.154050 2.605084 -8.195416 -13.399505 -2.115637 -1.221488 1.221464 -14.086662 8.547914 8.981833 -1.745156 -1.007576 1.007568 0.000003 -0.000001 0.000003 -7.289623 -0.160558 1.788515 -1.766567 1.668824 15.619845 -2.816298 -0.000015 0.000002 0.624725 -3.369010 26.468499 -2.639601 0.000013 0.000007 -0.170627 -0.561759 17.156196 -2.241493 0.000001 -0.000006 -0.000000 -0.000001 0.000000 -7.060403 -0.000006 0.000002 -0.855378 -4.908037 28.752337 -3.340208 0.000009 -0.000002 1.193872 -4.386756 38.233596 -3.056686 0.000021 0.000008 0.831690 -3.091412 31.269812 -2.639479 -0.000002 0.000002 -0.000000 0.000001 -0.000001 -6.774600 0.049798 -1.636023 0.730073 -8.149727 45.401193 -2.923886 -0.000003 -0.000007 0.716951 -2.601216 23.873586 -2.717988 -0.000002 -0.000003 -0.129829 -0.217092 20.286449 -2.379615 -0.000006 -0.000007 0.000002 0.000002 -0.000001 -6.148520 -0.175722 -3.130195 1.212098 -8.987807 49.658146 -2.627904 0.000004 0.000001 1.581327 -4.299987 48.642189 -2.122494 0.000009 0.000003 -0.395229 -2.555408 42.817179 -1.791998 0.000023 0.000002 0.000001 0.000002 0.000001 7.557000 -4.826306 0.300501 -36.178375 2.485028 -2.070949 0.315538 -24.058289 0.537032 18.334881 3.991683 3.150925 -0.315540 -33.061485 0.084939 -5.341412 0.003868 -0.882022 0.092043 -7.483322 10.511632 -4.451605 0.000000 0.000000 0.082186 -0.046742 6.420120 -0.000001 0.000000 0.000000 -7.557001 -4.826303 0.300503 9.773689 -15.618737 3.045396 -0.315556 -24.058252 0.712177 14.300491 9.879297 -2.074441 0.315562 -33.061455 0.096919 -21.393664 2.964376 -2.733234 -0.092060 -7.483408 10.296515 -5.339531 -0.000003 -0.000001 -0.082209 -0.046778 6.411420 0.000000 0.000000 -0.000000 
1.677262 66.075172 23.153917 2.382756 -3.410812 0.296074 -0.000000 3.962395 -0.274297 0.038420 2.296913 2.826469 -0.000001 14.122139 -0.320035 2.245696 2.328186 -1.741152 -0.000000 11.399136 -0.365735 -2.162761 2.472010 -2.116204 -0.000000 9.938187 -0.411443 -5.187687 -0.304133 -3.033674 -0.000000 8.579110 0.114199 -1.079224 -2.932556 -0.497320 -0.000000 25.089073 0.333898 0.000000 0.000000 0.000000 4.224104 8.888452 -0.424633 6.540501 -10.159217 -5.453968 18.059824 18.342586 -78.239059 0.000012 -24.837534 0.000015 44.913012 -15.129887 -25.581913 2.354135 -1.272459 1.802828 24.975929 10.998820 35.652402 1.999424 -1.154371 1.154375 -2.735650 25.507775 -11.499362 2.113331 -1.220120 1.220126 7.185313 -22.684552 3.619155 1.744275 -1.007037 1.007055 -0.000004 -0.000002 -0.000001 7.198473 -0.169230 1.742688 8.017775 2.113663 0.757396 2.844900 0.000007 -0.000001 0.291043 2.546898 -17.663479 2.665513 -0.000006 -0.000001 -0.017032 0.264441 -4.698623 2.297410 -0.000013 0.000001 0.000002 0.000003 -0.000001 6.876540 -0.000007 0.000002 0.560364 7.772605 -11.503370 3.256803 -0.000000 -0.000000 0.609821 3.436996 -27.035735 3.177888 0.000002 -0.000000 0.269896 1.840656 -15.924367 2.695122 0.000001 -0.000000 0.000000 0.000001 -0.000000 6.623887 -0.059455 -1.696959 1.031655 8.253527 -30.289673 2.958004 0.000018 -0.000001 0.423296 2.003710 -17.205158 2.756907 0.000005 -0.000001 0.299791 1.214834 -12.617741 2.334602 0.000001 -0.000001 0.000000 -0.000003 0.000000 6.046958 -0.139208 -3.244334 2.701729 12.813056 -26.869204 2.623714 0.000020 -0.000001 0.509117 2.728692 -29.625481 2.132098 0.000009 0.000002 0.084528 1.582143 -7.247988 1.793198 -0.000000 0.000001 -0.000001 -0.000002 -0.000000 -4.224102 8.888432 -0.398209 -0.020229 12.307260 -2.876374 -1.668219 8.439632 73.671220 -0.000022 38.648987 0.000028 17.303646 8.557617 3.848340 -2.342531 -1.287621 1.805295 13.186239 1.917451 -14.483899 -1.998880 -1.154038 1.154046 1.538542 -9.905002 -13.327085 -2.115638 -1.221478 1.221462 -14.191198 8.902477 8.951088 -1.745157 -1.007607 1.007557 0.000008 -0.000004 0.000003 -7.289617 -0.160566 1.788518 -2.329595 1.878877 18.783739 -2.816298 -0.000018 -0.000003 0.644061 -3.407407 26.894691 -2.639602 0.000005 0.000003 -0.166299 -0.605945 17.581148 -2.241488 -0.000001 0.000002 -0.000001 0.000001 0.000001 -7.060403 0.000000 -0.000001 -1.425641 -4.400936 32.042214 -3.340204 0.000000 0.000001 1.219573 -4.420332 38.657778 -3.056705 0.000007 0.000002 0.853647 -3.127101 31.689469 -2.639491 -0.000014 -0.000002 0.000001 -0.000001 0.000002 -6.774602 0.049798 -1.636024 0.367061 -7.887765 47.766624 -2.923901 0.000010 -0.000003 0.722895 -2.611692 23.994135 -2.718014 0.000005 -0.000001 -0.128224 -0.229024 20.403776 -2.379612 -0.000006 -0.000003 0.000003 0.000001 0.000002 -6.148520 -0.175709 -3.130194 0.458731 -8.467751 52.372791 -2.627911 0.000006 0.000002 1.579180 -4.297739 48.611194 -2.122500 -0.000007 0.000004 -0.396662 -2.551162 42.777775 -1.792006 0.000015 -0.000003 -0.000001 0.000002 0.000001 7.557001 -4.826309 0.300501 -38.598256 3.078635 -0.837437 0.315538 -24.058294 0.537028 18.446849 3.684469 2.356105 -0.315539 -33.061481 0.084934 -9.980336 -0.075635 -1.827498 0.092043 -7.483325 10.511636 -6.972607 0.000000 0.000001 0.082188 -0.046744 6.420120 0.000002 0.000001 -0.000000 -7.557001 -4.826308 0.300500 13.503314 -16.490744 2.136630 -0.315557 -24.058258 0.712174 14.512144 9.826210 -2.481521 0.315563 -33.061451 0.096918 -22.377547 5.435993 -1.182306 -0.092061 -7.483409 10.296515 -9.638843 0.000002 0.000001 -0.082208 -0.046778 6.411422 0.000000 0.000001 0.000000 
1.933613 65.387253 27.285553 2.406236 -4.441642 0.643175 0.000000 3.962388 -0.274301 0.025785 2.349338 2.593779 -0.000000 14.122145 -0.320033 2.142165 2.655172 -1.754274 0.000000 11.399134 -0.365734 -2.256943 2.800045 -2.104735 -0.000000 9.938183 -0.411444 -5.151988 -0.281225 -2.974424 0.000001 8.579097 0.114195 -0.943122 -2.657005 -1.087656 -0.000001 25.089088 0.333898 0.000000 -0.000000 0.000000 4.224103 8.888450 -0.424632 6.566336 -9.216247 -5.544270 21.941052 20.576671 -79.997901 0.000001 -26.191088 -0.000009 38.901773 -13.571121 -22.781370 2.354116 -1.272460 1.802826 25.174802 9.850546 35.775380 1.999429 -1.154372 1.154374 0.668525 25.181309 -12.772749 2.113327 -1.220126 1.220131 6.719366 -22.580616 2.345202 1.744286 -1.007046 1.007055 0.000000 -0.000005 -0.000002 7.198467 -0.169251 1.742686 8.822800 2.014071 -2.371973 2.844905 0.000011 0.000001 0.284860 2.527357 -17.460467 2.665499 -0.000007 0.000002 -0.017949 0.243697 -4.494069 2.297407 -0.000014 -0.000001 -0.000004 -0.000001 0.000001 6.876527 -0.000010 0.000001 0.717408 8.338575 -13.008384 3.256818 0.000013 0.000001 0.613467 3.444456 -27.118884 3.177892 -0.000017 0.000001 0.272511 1.848889 -16.010730 2.695121 0.000007 0.000000 0.000000 0.000005 0.000000 6.623873 -0.059457 -1.696959 1.088254 8.350860 -31.605631 2.958009 0.000002 0.000001 0.419413 1.994462 -17.104757 2.756911 0.000016 -0.000003 0.296712 1.205461 -12.518355 2.334609 -0.000000 0.000001 0.000000 0.000004 0.000001 6.046949 -0.139199 -3.244337 3.041927 13.261965 -27.960853 2.623705 0.000014 -0.000001 0.505330 2.720487 -29.535876 2.132110 -0.000002 0.000004 0.082830 1.573298 -7.158511 1.793205 0.000000 0.000003 0.000000 0.000001 0.000000 -4.224099 8.888431 -0.398210 -0.027867 12.357558 -2.726046 -2.028077 10.711130 72.059425 -0.000013 42.266809 0.000002 16.737061 9.274119 2.072701 -2.342544 -1.287624 1.805294 12.829529 4.051929 -14.243305 -1.998878 -1.154038 1.154041 1.014003 -11.226887 -13.144831 -2.115638 -1.221463 1.221467 -14.291101 9.242737 8.923391 -1.745167 -1.007581 1.007561 0.000001 -0.000003 0.000004 -7.289622 -0.160578 1.788506 -2.746580 1.997918 20.989929 -2.816292 -0.000000 0.000002 0.659612 -3.437806 27.233557 -2.639592 0.000014 0.000007 -0.162626 -0.641072 17.918977 -2.241500 0.000007 0.000007 -0.000000 -0.000002 -0.000000 -7.060402 0.000003 -0.000007 -1.894967 -4.060857 34.420130 -3.340201 0.000006 0.000001 1.240778 -4.447652 39.004827 -3.056701 0.000013 0.000004 0.871808 -3.156177 32.032815 -2.639482 0.000006 0.000007 -0.000002 -0.000003 0.000005 -6.774595 0.049789 -1.636028 0.124114 -7.753206 49.444214 -2.923902 0.000011 0.000003 0.732358 -2.628269 24.185367 -2.718001 -0.000009 -0.000005 -0.125590 -0.248210 20.592138 -2.379607 -0.000008 -0.000001 0.000000 -0.000002 -0.000000 -6.148519 -0.175704 -3.130202 0.023278 -8.243348 54.262674 -2.627897 0.000000 -0.000006 1.576104 -4.294529 48.566934 -2.122489 0.000008 -0.000004 -0.398478 -2.545711 42.726986 -1.792005 0.000009 0.000001 -0.000002 0.000003 0.000001 7.557001 -4.826318 0.300498 -39.813439 3.307661 -0.443317 0.315537 -24.058287 0.537029 20.718660 3.859530 1.792884 -0.315539 -33.061489 0.084940 -10.803722 0.036176 -3.997901 0.092042 -7.483326 10.511630 -9.677054 0.000003 -0.000001 0.082185 -0.046744 6.420118 -0.000002 -0.000000 0.000000 -7.557001 -4.826317 0.300501 15.860592 -16.490906 1.501031 -0.315555 -24.058249 0.712179 16.188677 9.399779 -3.975728 0.315563 -33.061455 0.096919 -21.546055 4.879446 0.275771 -0.092061 -7.483411 10.296513 -14.305267 -0.000006 0.000001 -0.082209 -0.046778 6.411422 -0.000000 0.000000 -0.000000 
2.188498 65.464294 31.411489 2.056581 -4.454751 1.662442 -0.000001 3.962391 -0.274303 0.456875 1.870605 1.298098 -0.000001 14.122120 -0.320034 1.780439 2.779199 -1.520623 -0.000000 11.399140 -0.365737 -2.638668 2.880571 -1.875813 -0.000000 9.938165 -0.411443 -4.791909 -0.339712 -2.696055 0.000000 8.579099 0.114201 -0.268784 -2.429128 -1.487368 -0.000000 25.089088 0.333899 -0.000000 -0.000000 0.000000 4.224102 8.888438 -0.424630 6.578655 -8.950502 -5.527975 23.032306 24.091464 -81.546796 0.000018 -24.532851 -0.000006 36.472701 -11.440031 -21.387474 2.354143 -1.272456 1.802827 25.418098 8.748086 35.603450 1.999422 -1.154375 1.154377 3.314097 24.934301 -13.939718 2.113326 -1.220117 1.220128 6.387461 -22.262532 1.358400 1.744275 -1.007055 1.007053 0.000001 -0.000003 -0.000001 7.198486 -0.169239 1.742687 9.513108 1.858111 -3.918218 2.844904 -0.000005 0.000002 0.282305 2.519199 -17.375609 2.665511 0.000013 0.000001 -0.018305 0.235100 -4.409259 2.297403 -0.000016 -0.000000 0.000002 0.000000 -0.000001 6.876545 -0.000010 0.000001 0.826488 8.734806 -13.592793 3.256802 0.000017 -0.000003 0.614091 3.445736 -27.133348 3.177888 0.000019 -0.000002 0.273050 1.850584 -16.028506 2.695124 -0.000001 0.000001 0.000000 -0.000003 -0.000001 6.623900 -0.059462 -1.696960 1.106126 8.380554 -32.031210 2.958006 -0.000008 -0.000002 0.415818 1.985874 -17.011512 2.756901 0.000020 -0.000000 0.293862 1.196695 -12.425571 2.334601 0.000013 -0.000001 0.000001 -0.000000 0.000001 6.046963 -0.139219 -3.244335 3.199903 13.490769 -28.317111 2.623700 0.000021 0.000001 0.505559 2.720969 -29.541002 2.132099 0.000005 -0.000001 0.082927 1.573813 -7.163659 1.793198 -0.000008 -0.000001 0.000002 -0.000002 -0.000000 -4.224102 8.888419 -0.398213 -0.118221 11.789677 -2.166278 -2.652590 14.990184 69.916979 0.000009 42.114427 0.000015 14.984644 10.512130 -2.067706 -2.342537 -1.287619 1.805298 12.396711 3.678823 -14.693516 -1.998873 -1.154050 1.154046 1.420046 -11.491854 -12.817270 -2.115641 -1.221456 1.221461 -14.312347 9.313765 8.919423 -1.745155 -1.007584 1.007570 0.000003 -0.000004 -0.000003 -7.289618 -0.160565 1.788515 -2.776128 1.975475 21.203998 -2.816294 -0.000016 0.000003 0.663962 -3.446217 27.327452 -2.639594 -0.000002 0.000002 -0.161557 -0.650796 18.012594 -2.241494 0.000001 -0.000001 -0.000002 -0.000001 0.000000 -7.060408 -0.000004 0.000001 -2.106626 -3.792495 34.701568 -3.340209 -0.000009 -0.000002 1.247734 -4.456529 39.118105 -3.056690 -0.000011 -0.000001 0.877696 -3.165518 32.143376 -2.639488 -0.000009 -0.000000 0.000002 -0.000002 -0.000000 -6.774612 0.049791 -1.636022 0.109887 -7.755998 49.693919 -2.923899 0.000009 -0.000004 0.737891 -2.637897 24.296723 -2.718000 -0.000001 -0.000006 -0.124007 -0.259491 20.702870 -2.379606 -0.000014 0.000004 0.000003 0.000002 0.000003 -6.148526 -0.175698 -3.130187 0.124399 -8.325077 54.368056 -2.627901 0.000010 -0.000004 1.574557 -4.292946 48.544965 -2.122522 0.000003 -0.000006 -0.399221 -2.543484 42.706318 -1.792010 0.000016 -0.000001 -0.000001 0.000000 -0.000001 7.556999 -4.826297 0.300499 -36.616473 3.959500 -2.014591 0.315536 -24.058287 0.537035 19.675726 3.848655 1.441412 -0.315538 -33.061485 0.084936 -4.481397 -0.296598 -1.550552 0.092042 -7.483316 10.511623 -12.244988 0.000001 -0.000000 0.082186 -0.046747 6.420128 0.000002 -0.000000 0.000000 -7.557000 -4.826301 0.300497 17.312965 -15.969582 0.744854 -0.315557 -24.058254 0.712175 18.681800 9.135153 -6.132827 0.315563 -33.061451 0.096917 -14.960781 2.303711 1.827338 -0.092061 -7.483407 10.296514 -22.181949 0.015758 -0.247282 -0.082208 -0.046778 6.411422 -0.000000 0.000001 -0.000000 
2.455247 65.677193 35.763901 1.261850 -4.310812 2.414577 0.000000 3.962407 -0.274305 0.901676 1.571616 0.425019 -0.000000 14.122136 -0.320036 1.478458 2.714661 -1.398263 0.000000 11.399144 -0.365727 -2.962244 2.784730 -1.772297 0.000000 9.938191 -0.411444 -4.524770 -0.423612 -2.371573 0.000001 8.579101 0.114195 0.537562 -2.307004 -1.282760 0.000001 25.089088 0.333898 -0.000000 0.000000 0.000000 4.224102 8.888449 -0.424631 6.544815 -9.266529 -5.623797 24.196382 27.026644 -82.692936 0.000016 -25.145425 0.000013 35.681014 -7.591029 -21.086076 2.354130 -1.272464 1.802814 25.609729 7.984188 35.349801 1.999435 -1.154378 1.154373 3.007358 25.772131 -14.294964 2.113327 -1.220122 1.220125 6.371115 -21.762748 1.153215 1.744276 -1.007048 1.007055 0.000001 -0.000000 0.000001 7.198469 -0.169236 1.742688 10.058544 1.633816 -3.172061 2.844912 0.000005 0.000002 0.284887 2.527434 -17.461210 2.665492 0.000002 -0.000000 -0.017937 0.243776 -4.494745 2.297407 -0.000014 0.000002 0.000002 0.000002 0.000001 6.876547 -0.000009 0.000001 0.748400 8.548664 -12.551274 3.256813 -0.000004 -0.000002 0.608803 3.434866 -27.012032 3.177896 0.000006 0.000000 0.269369 1.839008 -15.906971 2.695131 -0.000008 -0.000000 -0.000000 0.000004 -0.000001 6.623881 -0.059453 -1.696960 1.062549 8.307339 -30.983149 2.958016 0.000000 0.000002 0.414661 1.983117 -16.981484 2.756901 0.000007 0.000001 0.292936 1.193830 -12.395097 2.334619 0.000008 0.000000 -0.000000 -0.000002 -0.000001 6.046960 -0.139207 -3.244339 2.955196 13.202652 -27.451217 2.623699 0.000019 -0.000000 0.509367 2.729260 -29.631768 2.132105 -0.000018 -0.000000 0.084647 1.582775 -7.254301 1.793209 0.000007 -0.000000 -0.000001 0.000004 0.000002 -4.224101 8.888444 -0.398212 -0.225622 10.742329 -1.661256 -2.495974 18.080686 68.612652 0.000006 42.751182 0.000008 13.752727 10.621333 -5.712027 -2.342535 -1.287610 1.805297 12.176493 1.689557 -15.385203 -1.998871 -1.154045 1.154049 2.335837 -11.016766 -12.533833 -2.115641 -1.221466 1.221464 -14.263422 9.144710 8.934815 -1.745155 -1.007593 1.007566 0.000005 -0.000002 -0.000003 -7.289620 -0.160564 1.788515 -2.523655 1.867916 19.967624 -2.816300 -0.000017 0.000002 0.666574 -3.451247 27.383729 -2.639594 -0.000003 0.000003 -0.160910 -0.656616 18.068716 -2.241501 -0.000014 -0.000001 0.000002 -0.000001 0.000000 -7.060395 -0.000004 -0.000001 -2.078922 -3.574182 33.339410 -3.340204 0.000012 0.000004 1.241706 -4.448837 39.019870 -3.056699 0.000014 -0.000005 0.872376 -3.157084 32.043440 -2.639488 -0.000000 -0.000000 -0.000000 -0.000001 -0.000004 -6.774587 0.049809 -1.636023 0.274253 -7.854753 48.780268 -2.923888 -0.000006 0.000003 0.735418 -2.633612 24.247069 -2.717990 -0.000004 -0.000003 -0.124714 -0.254610 20.654777 -2.379610 0.000000 -0.000001 0.000000 -0.000002 0.000001 -6.148509 -0.175709 -3.130196 0.548736 -8.583601 53.273635 -2.627903 0.000012 0.000001 1.569018 -4.287124 48.464830 -2.122527 -0.000015 0.000010 -0.401863 -2.535570 42.632429 -1.792004 0.000016 0.000003 -0.000002 -0.000002 0.000000 7.557001 -4.826302 0.300491 -32.444256 4.441166 -3.886562 0.315536 -24.058289 0.537036 19.404033 4.263069 1.196599 -0.315540 -33.061481 0.084939 2.632071 -0.377365 2.582144 0.092042 -7.483323 10.511624 -12.974872 -0.000001 0.000000 0.082185 -0.046746 6.420132 0.000002 0.000000 -0.000000 -7.557001 -4.826297 0.300493 15.705696 -14.774661 -0.771600 -0.315557 -24.058254 0.712178 25.070691 8.424377 -7.632146 0.315564 -33.061455 0.096918 -2.979882 -0.205969 4.882013 -0.092061 -7.483411 10.296519 -37.869127 0.331988 -0.894627 -0.082208 -0.046778 6.411420 -0.000000 0.000001 -0.000000 
2.825872 66.004944 40.041424 0.723641 -4.093276 3.488860 0.000001 3.962394 -0.274297 1.616491 1.289126 -0.143465 -0.000000 14.122133 -0.320032 1.106654 2.401353 -1.585566 0.000000 11.399131 -0.365727 -3.351133 2.454979 -1.998322 -0.000000 9.938184 -0.411448 -4.485442 -0.421216 -2.304873 0.000001 8.579101 0.114201 0.722966 -2.216050 -0.979758 -0.000001 25.089104 0.333902 -0.000000 -0.000000 -0.000000 4.224103 8.888447 -0.424631 6.323521 -9.319393 -6.958632 24.196083 26.764769 -81.295575 0.000005 -27.014354 0.000002 35.642949 -4.592320 -21.806470 2.354139 -1.272449 1.802820 25.732101 7.591885 35.095571 1.999431 -1.154384 1.154375 2.490800 26.486746 -14.727271 2.113326 -1.220121 1.220126 6.326049 -21.568986 0.961816 1.744277 -1.007046 1.007050 -0.000001 -0.000001 0.000003 7.198481 -0.169229 1.742683 10.293421 1.483213 -3.395164 2.844910 -0.000002 -0.000000 0.286441 2.532395 -17.512696 2.665496 -0.000009 0.000003 -0.017712 0.249000 -4.546396 2.297399 -0.000014 0.000003 0.000000 -0.000000 0.000001 6.876548 -0.000010 -0.000003 0.708239 8.366996 -12.516539 3.256825 0.000002 0.000001 0.604939 3.426924 -26.923532 3.177899 0.000005 -0.000001 0.266671 1.830469 -15.817383 2.695121 -0.000009 -0.000004 0.000001 -0.000002 0.000000 6.623879 -0.059459 -1.696963 1.044067 8.274618 -30.678444 2.958019 0.000002 0.000001 0.411883 1.976422 -16.909110 2.756910 0.000009 0.000001 0.290700 1.186955 -12.322311 2.334604 -0.000006 -0.000000 -0.000001 -0.000004 -0.000001 6.046954 -0.139210 -3.244343 2.852183 13.043978 -27.242797 2.623706 0.000011 0.000002 0.506889 2.723864 -29.572708 2.132106 0.000003 0.000002 0.083527 1.576948 -7.195310 1.793203 0.000007 -0.000005 0.000001 0.000001 0.000001 -4.224101 8.888439 -0.398210 -0.295512 10.184936 -1.186923 -1.647467 18.661026 68.445981 0.000011 45.183515 -0.000011 13.901984 10.132834 -8.107679 -2.342533 -1.287618 1.805304 12.945047 0.861284 -14.920220 -1.998868 -1.154043 1.154043 2.207153 -10.377512 -12.943722 -2.115650 -1.221469 1.221464 -14.236158 9.051811 8.942351 -1.745165 -1.007586 1.007563 0.000003 -0.000003 0.000001 -7.289617 -0.160567 1.788519 -2.270918 1.869348 18.492505 -2.816288 -0.000014 -0.000004 0.661124 -3.440732 27.266257 -2.639593 0.000004 -0.000014 -0.162250 -0.644470 17.951586 -2.241501 -0.000015 0.000004 -0.000001 -0.000000 -0.000000 -7.060394 0.000004 0.000004 -2.012220 -3.390094 31.872569 -3.340212 -0.000005 -0.000002 1.227744 -4.430882 38.791755 -3.056717 0.000008 -0.000003 0.860242 -3.137742 31.814789 -2.639488 -0.000008 -0.000009 0.000001 0.000003 0.000000 -6.774596 0.049794 -1.636021 0.450207 -7.967428 47.718355 -2.923904 0.000002 -0.000003 0.726381 -2.617832 24.064959 -2.717998 0.000011 -0.000002 -0.127225 -0.236267 20.474580 -2.379617 -0.000010 0.000007 0.000000 0.000000 0.000001 -6.148518 -0.175700 -3.130192 0.882336 -8.801961 52.304581 -2.627884 0.000006 0.000003 1.570016 -4.288163 48.479146 -2.122497 0.000028 0.000001 -0.401214 -2.537521 42.650659 -1.792019 0.000015 0.000001 0.000004 -0.000000 0.000000 7.557003 -4.826318 0.300498 -28.253229 4.251329 -5.489166 0.315538 -24.058289 0.537031 18.767183 4.603593 0.983120 -0.315539 -33.061481 0.084936 8.678387 -0.339873 1.178827 0.092041 -7.483327 10.511628 -11.186756 -0.000001 0.000001 0.082185 -0.046742 6.420126 0.000001 0.000000 -0.000000 -7.556999 -4.826311 0.300504 9.196276 -11.638958 -4.268436 -0.315556 -24.058262 0.712175 37.267090 6.093276 -7.785738 0.315563 -33.061459 0.096915 10.524265 0.208384 11.879330 -0.092062 -7.483407 10.296517 -43.115053 2.579867 -3.664260 -0.082207 -0.046778 6.411422 0.000000 0.000001 -0.000000 
3.216212 66.503983 43.992332 0.254231 -3.345187 4.707891 0.000000 3.962405 -0.274300 2.427027 0.813852 -0.644308 -0.000001 14.122136 -0.320025 1.076351 1.831956 -1.768701 -0.000001 11.399133 -0.365737 -3.398515 1.857572 -2.219900 0.000000 9.938186 -0.411441 -4.749083 -0.262174 -2.637490 0.000000 8.579091 0.114204 0.015196 -2.051529 -0.629387 0.000001 25.089104 0.333898 -0.000000 0.000000 -0.000000 4.224100 8.888459 -0.424630 6.022749 -9.737911 -8.621136 21.809651 23.849624 -78.408748 -0.000005 -27.854777 -0.000007 37.467669 -3.790916 -21.698464 2.354131 -1.272455 1.802826 25.853186 7.305943 34.752467 1.999423 -1.154380 1.154377 1.904611 27.131152 -15.649188 2.113322 -1.220119 1.220132 6.265551 -19.600275 -0.009724 1.744282 -1.007049 1.007059 -0.000001 -0.000006 -0.000001 7.198475 -0.169240 1.742682 10.097188 1.364710 -7.573968 2.844901 -0.000009 -0.000002 0.279741 2.511017 -17.290851 2.665495 0.000003 -0.000001 -0.018641 0.226521 -4.324569 2.297405 -0.000013 -0.000001 0.000001 0.000001 0.000002 6.876545 -0.000007 -0.000001 0.762715 8.289862 -15.164823 3.256820 0.000011 0.000000 0.603532 3.424056 -26.891660 3.177886 0.000005 -0.000000 0.265654 1.827208 -15.783100 2.695111 -0.000008 0.000001 -0.000001 0.000004 0.000002 6.623886 -0.059452 -1.696958 1.033875 8.254313 -32.764622 2.958013 -0.000001 0.000003 0.410275 1.972543 -16.867017 2.756896 0.000013 -0.000001 0.289406 1.182928 -12.279775 2.334615 -0.000000 -0.000002 0.000001 -0.000001 0.000001 6.046961 -0.139205 -3.244338 3.207835 13.302290 -29.295583 2.623696 0.000019 0.000003 0.496210 2.700526 -29.317655 2.132110 -0.000000 0.000001 0.078749 1.551743 -6.940626 1.793206 -0.000008 -0.000002 0.000001 0.000004 -0.000001 -4.224100 8.888421 -0.398210 -0.315134 10.092233 -0.976094 -0.704994 17.857366 69.031124 -0.000006 47.580112 0.000019 15.047904 10.717246 -9.933471 -2.342532 -1.287618 1.805288 14.039112 -0.358102 -14.228630 -1.998875 -1.154055 1.154046 2.061435 -9.250392 -13.580407 -2.115636 -1.221467 1.221471 -14.189409 8.893678 8.954627 -1.745167 -1.007576 1.007564 -0.000000 -0.000007 -0.000002 -7.289616 -0.160572 1.788505 -1.929629 1.906498 16.369073 -2.816278 -0.000000 0.000002 0.647360 -3.413924 26.967371 -2.639598 -0.000012 -0.000007 -0.165524 -0.613487 17.653584 -2.241493 0.000001 -0.000001 -0.000001 0.000001 -0.000000 -7.060405 0.000001 -0.000003 -1.824658 -3.278490 29.732107 -3.340198 0.000016 0.000006 1.211830 -4.410257 38.530333 -3.056702 0.000002 -0.000001 0.846497 -3.115536 31.553213 -2.639500 0.000000 0.000009 -0.000002 -0.000002 0.000003 -6.774599 0.049793 -1.636030 0.695374 -8.144771 46.161612 -2.923884 -0.000000 -0.000007 0.720847 -2.608111 23.952898 -2.717999 -0.000015 0.000007 -0.128763 -0.225038 20.364639 -2.379594 -0.000010 0.000009 -0.000002 0.000001 0.000001 -6.148517 -0.175708 -3.130197 1.392515 -9.173613 50.710582 -2.627898 0.000011 -0.000000 1.569589 -4.287733 48.473132 -2.122508 0.000006 -0.000008 -0.401246 -2.537388 42.649344 -1.792006 0.000022 0.000000 0.000000 -0.000001 0.000001 7.557001 -4.826294 0.300497 -24.875800 4.549486 -7.763390 0.315537 -24.058287 0.537031 20.892101 4.352211 0.760776 -0.315540 -33.061481 0.084932 3.730761 -0.416811 3.431899 0.092042 -7.483325 10.511633 -1.850321 -0.000000 -0.000001 0.082185 -0.046742 6.420135 -0.000000 0.000000 0.000000 -7.557000 -4.826290 0.300498 1.057656 -8.576394 -7.163750 -0.315557 -24.058250 0.712175 49.856921 4.765684 -6.933113 0.315563 -33.061459 0.096918 22.944475 1.670502 13.194316 -0.092061 -7.483409 10.296518 -21.745000 0.916780 -2.399307 -0.082209 -0.046777 6.411422 0.000004 -0.000000 0.000000 
3.500756 67.075806 47.686020 -0.065847 -2.821328 5.682200 -0.000001 3.962406 -0.274300 3.132309 0.473917 -0.888289 0.000000 14.122150 -0.320035 1.287211 1.348566 -1.970673 -0.000000 11.399125 -0.365734 -3.193319 1.358446 -2.444878 -0.000001 9.938187 -0.411441 -5.130648 -0.086685 -3.068189 -0.000000 8.579110 0.114204 -0.881522 -1.980289 -0.248965 0.000000 25.089073 0.333900 -0.000000 -0.000000 -0.000000 4.224104 8.888467 -0.424633 5.934880 -10.343677 -8.864826 18.186195 19.071685 -76.115410 0.000011 -27.973188 0.000001 37.416538 -4.418773 -18.742843 2.354141 -1.272455 1.802827 25.979243 7.097643 34.319009 1.999432 -1.154376 1.154373 0.614640 27.913860 -16.344458 2.113313 -1.220124 1.220128 6.399188 -16.841783 -1.052857 1.744282 -1.007045 1.007059 -0.000001 -0.000007 -0.000002 7.198478 -0.169237 1.742686 9.777410 1.286413 -11.710420 2.844909 -0.000008 0.000000 0.271960 2.485797 -17.029135 2.665507 -0.000021 -0.000001 -0.019596 0.200019 -4.063195 2.297406 -0.000013 -0.000003 0.000000 -0.000001 -0.000002 6.876536 -0.000010 -0.000000 0.778841 8.143512 -17.785072 3.256807 0.000009 -0.000002 0.602957 3.422847 -26.878323 3.177897 0.000002 -0.000007 0.265167 1.825668 -15.766995 2.695117 0.000001 0.000002 0.000000 0.000002 0.000003 6.623879 -0.059451 -1.696961 0.984130 8.186512 -34.927791 2.958010 0.000004 0.000004 0.409137 1.969795 -16.837174 2.756914 0.000023 0.000002 0.288483 1.180059 -12.249327 2.334607 0.000015 0.000000 0.000001 -0.000001 -0.000002 6.046961 -0.139200 -3.244337 3.600245 13.562987 -31.458448 2.623706 0.000005 -0.000001 0.486660 2.679442 -29.087600 2.132106 -0.000001 0.000004 0.074545 1.528975 -6.710902 1.793205 0.000007 0.000000 -0.000000 -0.000001 0.000000 -4.224100 8.888423 -0.398208 -0.327227 9.950901 -0.875998 0.408694 16.027399 70.385017 0.000003 49.363628 -0.000012 18.704550 14.514495 -13.690745 -2.342543 -1.287610 1.805297 14.893793 -2.559234 -13.930440 -1.998868 -1.154034 1.154042 2.528970 -7.813111 -14.059606 -2.115636 -1.221476 1.221457 -14.104662 8.608151 8.977194 -1.745160 -1.007583 1.007565 0.000004 -0.000007 -0.000004 -7.289625 -0.160556 1.788515 -1.515220 1.860126 13.795935 -2.816285 -0.000007 0.000002 0.633319 -3.386150 26.658787 -2.639587 0.000009 0.000003 -0.168726 -0.581510 17.345918 -2.241501 0.000008 -0.000007 0.000000 -0.000002 -0.000000 -7.060412 0.000004 0.000002 -1.503142 -3.311210 26.916804 -3.340201 0.000018 0.000002 1.198878 -4.393305 38.316374 -3.056698 -0.000002 0.000000 0.835296 -3.097327 31.339244 -2.639493 -0.000008 0.000002 -0.000001 0.000000 -0.000001 -6.774596 0.049797 -1.636024 1.001083 -8.403421 44.052231 -2.923901 0.000007 -0.000001 0.721946 -2.610071 23.975509 -2.718010 0.000005 -0.000011 -0.128421 -0.227555 20.389120 -2.379597 -0.000008 0.000001 0.000000 0.000001 0.000002 -6.148526 -0.175698 -3.130189 1.991882 -9.678774 48.601567 -2.627917 0.000006 0.000001 1.582625 -4.301338 48.660887 -2.122502 0.000018 -0.000004 -0.394424 -2.557801 42.839503 -1.792003 0.000009 -0.000001 -0.000000 0.000002 -0.000000 7.556999 -4.826310 0.300503 -20.593557 4.692363 -9.339891 0.315538 -24.058294 0.537026 20.828957 3.808718 0.512789 -0.315540 -33.061481 0.084929 -0.046601 -0.597170 3.854016 0.092043 -7.483322 10.511630 -1.700939 -0.000002 -0.000001 0.082186 -0.046742 6.420113 -0.000000 0.000000 -0.000000 -7.557001 -4.826309 0.300501 -8.227735 -6.791712 -9.300138 -0.315555 -24.058256 0.712176 59.959034 4.529487 -6.020261 0.315563 -33.061466 0.096915 19.812804 -1.011947 10.063290 -0.092062 -7.483409 10.296511 -10.081760 -0.108908 0.675215 -0.082209 -0.046780 6.411420 -0.000001 0.000000 0.000000 
3.571227 67.718399 51.223949 -0.093392 -3.033663 5.640419 -0.000001 3.962399 -0.274298 3.598570 0.342026 -0.558470 0.000000 14.122133 -0.320031 1.372969 0.965447 -1.924830 0.000000 11.399127 -0.365737 -3.107064 0.973848 -2.410804 -0.000001 9.938179 -0.411444 -4.950210 0.127879 -3.271493 -0.000000 8.579104 0.114206 -1.387220 -1.293211 -0.541440 -0.000000 25.089088 0.333899 -0.000000 0.000000 -0.000000 4.224099 8.888452 -0.424631 5.877016 -11.731216 -8.609289 14.259841 13.585624 -73.919374 0.000003 -27.226229 0.000005 38.067441 -5.082234 -13.473445 2.354116 -1.272465 1.802827 26.113980 6.992783 33.765313 1.999428 -1.154366 1.154376 -0.743911 28.280811 -16.287230 2.113322 -1.220123 1.220130 7.040898 -14.808492 0.047108 1.744286 -1.007047 1.007053 -0.000000 -0.000004 -0.000002 7.198461 -0.169235 1.742681 9.527204 1.285432 -11.957117 2.844894 0.000010 0.000002 0.269028 2.476240 -16.930205 2.665515 0.000000 -0.000000 -0.019943 0.190001 -3.964381 2.297407 -0.000018 -0.000001 0.000001 -0.000002 0.000001 6.876534 -0.000013 0.000000 0.695152 7.870929 -17.891783 3.256815 0.000019 0.000005 0.604230 3.425485 -26.907590 3.177895 -0.000008 0.000003 0.265997 1.828299 -15.794565 2.695121 0.000013 -0.000005 -0.000001 -0.000001 -0.000003 6.623871 -0.059448 -1.696963 0.872310 8.010728 -35.012345 2.958007 -0.000004 -0.000003 0.410368 1.972765 -16.869381 2.756894 0.000002 -0.000000 0.289450 1.183054 -12.281047 2.334596 0.000015 0.000003 0.000000 0.000000 -0.000001 6.046950 -0.139204 -3.244339 3.613083 13.525509 -31.772893 2.623706 0.000009 -0.000004 0.485839 2.677616 -29.067560 2.132106 0.000011 -0.000002 0.074189 1.527004 -6.690901 1.793198 -0.000001 0.000003 0.000001 0.000001 -0.000000 -4.224103 8.888421 -0.398209 -0.334429 9.947272 -0.754376 1.647607 13.726859 71.935395 -0.000009 48.297200 0.000005 24.196505 19.837134 -18.008564 -2.342528 -1.287607 1.805295 15.319049 -4.563511 -13.945102 -1.998875 -1.154042 1.154045 3.220176 -6.585378 -14.351443 -2.115641 -1.221472 1.221465 -14.011816 8.299679 9.000605 -1.745167 -1.007586 1.007558 0.000004 -0.000001 0.000003 -7.289619 -0.160574 1.788510 -1.211359 1.784924 11.786162 -2.816292 0.000003 -0.000002 0.627501 -3.374547 26.529776 -2.639601 -0.000001 -0.000002 -0.170024 -0.568124 17.217293 -2.241495 -0.000001 0.000003 0.000000 -0.000002 0.000001 -7.060402 0.000010 0.000002 -1.215878 -3.478991 24.631221 -3.340204 0.000008 0.000008 1.193005 -4.385594 38.219116 -3.056699 0.000018 0.000001 0.830259 -3.089073 31.242491 -2.639496 -0.000000 -0.000001 0.000000 0.000002 -0.000000 -6.774580 0.049808 -1.636025 1.225046 -8.636375 42.153342 -2.923914 0.000007 -0.000002 0.722649 -2.611296 23.989530 -2.718001 0.000004 0.000004 -0.128216 -0.229065 20.403947 -2.379598 -0.000016 0.000002 0.000000 0.000001 -0.000001 -6.148506 -0.175711 -3.130192 2.324961 -10.064558 46.960829 -2.627909 0.000018 0.000007 1.597654 -4.316919 48.876564 -2.122507 0.000010 0.000001 -0.386639 -2.580832 43.054422 -1.792001 0.000006 0.000000 0.000000 -0.000001 -0.000002 7.557000 -4.826298 0.300503 -15.262515 4.858416 -9.404720 0.315538 -24.058292 0.537020 18.070579 2.419179 0.284170 -0.315540 -33.061489 0.084934 -2.058972 -0.669643 4.203457 0.092043 -7.483326 10.511639 -2.491563 -0.000001 -0.000001 0.082187 -0.046742 6.420116 0.000000 -0.000000 -0.000000 -7.557002 -4.826302 0.300499 -16.102617 -5.230708 -8.664087 -0.315556 -24.058260 0.712170 63.032715 6.024727 -5.628172 0.315564 -33.061451 0.096920 15.529632 -6.382980 8.096484 -0.092062 -7.483413 10.296513 -14.765206 -1.076964 3.707626 -0.082208 -0.046775 6.411422 0.000001 -0.000000 -0.000001 
3.641696 68.360985 54.761879 -0.121097 -3.245978 5.598531 -0.000001 3.962387 -0.274300 4.065577 0.212825 -0.227592 0.000000 14.122134 -0.320027 1.459026 0.582396 -1.878417 0.000000 11.399112 -0.365730 -3.020587 0.589302 -2.376155 -0.000001 9.938200 -0.411450 -4.769008 0.341800 -3.475475 -0.000000 8.579103 0.114196 -1.889305 -0.603590 -0.827783 0.000000 25.089088 0.333903 0.000000 -0.000000 -0.000000 4.224102 8.888444 -0.424636 5.825198 -13.118994 -8.353822 10.619784 7.972665 -72.147076 -0.000005 -26.479264 0.000007 38.777491 -5.683239 -8.191350 2.354147 -1.272450 1.802828 26.247671 6.886642 33.211986 1.999420 -1.154355 1.154378 -2.107586 28.646471 -16.219903 2.113334 -1.220108 1.220126 7.636892 -12.763909 1.114094 1.744285 -1.007050 1.007059 -0.000002 -0.000005 -0.000004 7.198484 -0.169233 1.742682 9.276991 1.285531 -12.203816 2.844896 -0.000001 -0.000000 0.266120 2.466676 -16.831270 2.665490 -0.000007 0.000004 -0.020267 0.179981 -3.865569 2.297408 -0.000015 -0.000002 0.000001 0.000000 0.000001 6.876545 -0.000005 0.000003 0.611013 7.598498 -17.998827 3.256834 0.000001 0.000002 0.605518 3.428123 -26.936859 3.177901 -0.000001 -0.000006 0.266822 1.830925 -15.822132 2.695123 -0.000002 0.000002 -0.000000 -0.000000 0.000003 6.623884 -0.059460 -1.696963 0.760270 7.835109 -35.097217 2.957996 0.000008 0.000003 0.411600 1.975741 -16.901590 2.756919 0.000011 -0.000005 0.290411 1.186049 -12.312764 2.334612 0.000000 0.000008 -0.000002 0.000002 -0.000001 6.046960 -0.139202 -3.244341 3.625716 13.487966 -32.087286 2.623710 0.000004 0.000000 0.485017 2.675776 -29.047510 2.132110 0.000002 0.000002 0.073825 1.525026 -6.670898 1.793188 0.000008 0.000002 -0.000001 0.000001 0.000001 -4.224102 8.888433 -0.398216 -0.341625 9.943627 -0.632761 2.938576 11.459965 73.522403 -0.000023 47.230765 0.000017 30.316017 24.715767 -23.025449 -2.342533 -1.287625 1.805293 15.745258 -6.567836 -13.944834 -1.998868 -1.154044 1.154041 3.916102 -5.361231 -14.657468 -2.115644 -1.221494 1.221462 -13.918916 7.991247 9.024491 -1.745162 -1.007596 1.007567 0.000004 -0.000002 -0.000003 -7.289628 -0.160565 1.788516 -0.910340 1.699120 9.776905 -2.816288 -0.000004 -0.000005 0.621706 -3.362927 26.400754 -2.639610 -0.000008 0.000003 -0.171296 -0.554730 17.088660 -2.241504 -0.000015 0.000001 0.000000 -0.000002 0.000002 -7.060394 0.000005 0.000006 -0.935495 -3.658076 22.346082 -3.340204 -0.000006 0.000011 1.187145 -4.377876 38.121844 -3.056707 0.000005 -0.000002 0.825239 -3.080814 31.145745 -2.639490 -0.000007 -0.000002 0.000001 0.000005 0.000001 -6.774598 0.049789 -1.636026 1.441214 -8.876544 40.254188 -2.923900 0.000015 0.000001 0.723348 -2.612518 24.003549 -2.718018 -0.000003 0.000001 -0.128007 -0.230574 20.418772 -2.379596 0.000001 0.000008 0.000000 0.000003 0.000001 -6.148504 -0.175697 -3.130190 2.647091 -10.459584 45.320368 -2.627893 0.000004 0.000007 1.612746 -4.332447 49.092244 -2.122511 0.000013 -0.000003 -0.378766 -2.603835 43.269344 -1.792023 0.000015 -0.000003 0.000002 0.000001 0.000002 7.557000 -4.826303 0.300502 -9.929992 5.017750 -9.484775 0.315537 -24.058298 0.537034 15.308701 1.042243 -0.010892 -0.315538 -33.061485 0.084935 -4.070890 -0.754339 4.550144 0.092042 -7.483325 10.511637 -3.282192 0.000000 -0.000002 0.082185 -0.046742 6.420120 0.000000 0.000000 0.000000 -7.557002 -4.826298 0.300503 -23.977948 -3.771091 -7.821026 -0.315553 -24.058249 0.712181 66.105644 7.538751 -5.316294 0.315564 -33.061459 0.096916 10.998335 -11.587495 5.697537 -0.092062 -7.483409 10.296515 -19.393562 -2.288003 6.652562 -0.082207 -0.046776 6.411420 -0.000004 0.000002 -0.000002 
3.485744 68.545341 58.322998 0.344342 -2.194968 4.886116 -0.000000 3.962392 -0.274304 3.680095 -0.185280 0.124647 -0.000001 14.122128 -0.320037 1.431199 -0.395067 -1.516260 0.000001 11.399136 -0.365734 -3.066961 -0.380890 -2.037981 -0.000000 9.938189 -0.411434 -4.269207 0.504420 -3.310678 -0.000000 8.579119 0.114200 -1.700696 0.463764 -1.109703 0.000000 25.089088 0.333892 0.000000 -0.000000 -0.000000 4.224102 8.888442 -0.424628 5.960909 -14.776190 -7.147318 8.417274 3.982638 -70.373857 0.000001 -28.176798 -0.000000 36.704747 -5.970596 -2.391944 2.354130 -1.272463 1.802821 26.393490 6.896957 32.524425 1.999422 -1.154364 1.154371 -2.529945 28.088682 -15.938919 2.113331 -1.220122 1.220130 8.246356 -13.146973 4.197341 1.744296 -1.007049 1.007055 -0.000000 -0.000009 -0.000004 7.198478 -0.169236 1.742681 9.073374 1.444986 -9.027682 2.844900 -0.000003 -0.000001 0.266816 2.468990 -16.855092 2.665504 0.000014 0.000001 -0.020198 0.182425 -3.889720 2.297405 0.000006 0.000000 0.000000 -0.000000 0.000002 6.876535 -0.000001 -0.000002 0.518181 7.321250 -16.096502 3.256825 0.000005 0.000000 0.603591 3.424144 -26.892617 3.177899 -0.000013 0.000000 0.265478 1.826669 -15.777491 2.695123 -0.000002 0.000004 0.000000 0.000001 0.000003 6.623888 -0.059450 -1.696964 0.721152 7.731550 -33.501730 2.958023 0.000007 -0.000000 0.410711 1.973592 -16.878381 2.756895 0.000002 -0.000000 0.289715 1.183894 -12.289820 2.334595 -0.000006 0.000001 0.000001 0.000001 -0.000004 6.046960 -0.139207 -3.244340 3.270501 13.132495 -30.752411 2.623707 0.000005 -0.000004 0.486892 2.679947 -29.092996 2.132095 -0.000005 0.000001 0.074648 1.529530 -6.716304 1.793206 -0.000002 0.000001 -0.000001 0.000001 -0.000001 -4.224102 8.888419 -0.398200 -0.422662 9.616374 0.151765 4.646803 8.282898 74.193415 -0.000030 44.497818 0.000017 34.472433 24.765663 -22.688589 -2.342544 -1.287618 1.805293 16.157760 -7.019454 -13.694126 -1.998859 -1.154045 1.154049 4.179972 -4.773022 -14.905909 -2.115640 -1.221483 1.221465 -13.843125 7.741651 9.045073 -1.745165 -1.007588 1.007567 0.000004 -0.000003 0.000001 -7.289619 -0.160567 1.788511 -0.785378 1.503379 9.018901 -2.816302 -0.000000 -0.000001 0.626219 -3.371987 26.501337 -2.639604 -0.000006 -0.000001 -0.170311 -0.565166 17.188951 -2.241493 -0.000009 -0.000003 0.000001 -0.000002 0.000000 -7.060402 -0.000001 -0.000003 -0.741960 -3.960672 21.245824 -3.340200 0.000004 -0.000001 1.185275 -4.375397 38.090664 -3.056697 0.000011 -0.000001 0.823704 -3.078288 31.115982 -2.639492 -0.000006 0.000006 0.000001 0.000002 0.000002 -6.774590 0.049812 -1.636020 1.494901 -8.948931 39.526175 -2.923907 0.000008 0.000003 0.720633 -2.607753 23.948721 -2.718005 -0.000004 0.000005 -0.128763 -0.224992 20.364076 -2.379601 -0.000006 0.000002 0.000002 0.000001 0.000001 -6.148508 -0.175702 -3.130188 2.700663 -10.554940 44.779458 -2.627896 0.000021 0.000002 1.617490 -4.337317 49.159925 -2.122495 0.000009 0.000002 -0.376266 -2.611046 43.336679 -1.792002 0.000017 0.000003 -0.000001 -0.000001 -0.000001 7.557001 -4.826310 0.300495 -6.706018 5.974179 -8.355504 0.315538 -24.058285 0.537033 15.012626 -1.651863 -0.229337 -0.315540 -33.061481 0.084932 -6.630309 -0.874349 4.691023 0.092042 -7.483329 10.511632 -3.973897 0.000000 -0.000001 0.082186 -0.046742 6.420122 -0.000000 -0.000000 -0.000000 -7.557001 -4.826308 0.300493 -28.443291 -3.172229 -6.009838 -0.315556 -24.058254 0.712169 59.395776 8.454174 -5.036442 0.315562 -33.061459 0.096920 7.679871 -13.829907 5.862222 -0.092060 -7.483414 10.296516 -17.793795 -1.141305 3.485383 -0.082208 -0.046774 6.411420 -0.000001 0.000001 -0.000001 
3.329793 68.729698 61.884113 0.822566 -1.149852 4.165565 -0.000000 3.962392 -0.274295 3.297049 -0.585740 0.474215 -0.000000 14.122152 -0.320041 1.409545 -1.372685 -1.154483 -0.000000 11.399147 -0.365734 -3.107619 -1.351338 -1.700507 0.000000 9.938190 -0.411439 -3.769862 0.668473 -3.147301 0.000000 8.579095 0.114195 -1.506774 1.530172 -1.395226 -0.000001 25.089119 0.333902 -0.000000 -0.000000 -0.000000 4.224104 8.888447 -0.424623 6.134064 -16.430222 -5.926961 6.344417 -0.070359 -68.759378 0.000006 -29.874325 -0.000004 34.670310 -6.464691 3.397551 2.354142 -1.272460 1.802824 26.539441 6.905530 31.836823 1.999421 -1.154376 1.154369 -2.947043 27.529079 -15.664019 2.113319 -1.220116 1.220129 8.877043 -13.497486 7.289274 1.744272 -1.007049 1.007057 0.000000 -0.000002 -0.000001 7.198481 -0.169233 1.742685 8.861218 1.592916 -5.850779 2.844896 0.000010 0.000002 0.267513 2.471304 -16.878922 2.665502 -0.000008 0.000001 -0.020126 0.184868 -3.913876 2.297410 -0.000023 0.000002 0.000002 -0.000000 -0.000000 6.876553 -0.000010 -0.000007 0.434728 7.041105 -14.195813 3.256820 -0.000013 -0.000002 0.601671 3.420165 -26.848383 3.177908 -0.000002 -0.000002 0.264148 1.822413 -15.732840 2.695100 -0.000006 -0.000001 0.000002 -0.000001 0.000004 6.623893 -0.059450 -1.696960 0.684966 7.626951 -31.906706 2.958000 -0.000008 -0.000005 0.409830 1.971444 -16.855186 2.756913 -0.000011 -0.000001 0.289022 1.181734 -12.266874 2.334599 0.000008 0.000001 -0.000000 0.000000 0.000002 6.046963 -0.139212 -3.244341 2.924392 12.769082 -29.421750 2.623700 0.000022 -0.000004 0.488771 2.684119 -29.138482 2.132114 -0.000008 -0.000003 0.075471 1.534028 -6.761719 1.793201 0.000003 0.000002 -0.000003 0.000000 0.000002 -4.224100 8.888433 -0.398205 -0.499075 9.288063 0.935076 6.381176 5.127116 74.954817 -0.000033 41.764879 0.000020 38.630515 24.837609 -22.356445 -2.342527 -1.287600 1.805295 16.572665 -7.469267 -13.439895 -1.998882 -1.154049 1.154048 4.446185 -4.185964 -15.156857 -2.115635 -1.221469 1.221463 -13.767288 7.492094 9.065968 -1.745164 -1.007595 1.007570 0.000005 -0.000008 -0.000004 -7.289622 -0.160568 1.788511 -0.663033 1.306006 8.261388 -2.816294 0.000004 0.000000 0.630762 -3.381051 26.601930 -2.639606 -0.000009 0.000005 -0.169309 -0.575596 17.289244 -2.241498 -0.000009 -0.000009 0.000001 -0.000001 -0.000001 -7.060408 0.000009 -0.000003 -0.554207 -4.266925 20.146183 -3.340205 -0.000001 0.000007 1.183410 -4.372915 38.059491 -3.056699 0.000003 -0.000001 0.822167 -3.075748 31.086213 -2.639495 -0.000002 -0.000005 -0.000000 -0.000001 -0.000000 -6.774595 0.049794 -1.636032 1.547657 -9.021984 38.798080 -2.923902 0.000007 0.000002 0.717916 -2.602988 23.893890 -2.717993 -0.000000 0.000005 -0.129509 -0.219423 20.309385 -2.379600 -0.000022 0.000001 0.000001 -0.000000 -0.000000 -6.148514 -0.175708 -3.130195 2.753332 -10.650787 44.238462 -2.627905 -0.000012 -0.000002 1.622240 -4.342172 49.227615 -2.122494 0.000022 0.000006 -0.373759 -2.618264 43.404025 -1.792010 0.000009 0.000007 0.000000 0.000001 -0.000001 7.557001 -4.826298 0.300501 -3.495328 6.992189 -7.279994 0.315538 -24.058296 0.537020 14.705532 -4.344782 -0.462276 -0.315539 -33.061485 0.084937 -9.189518 -1.000528 4.826405 0.092043 -7.483316 10.511627 -4.665607 -0.000000 -0.000000 0.082185 -0.046742 6.420113 -0.000000 -0.000000 0.000000 -7.557000 -4.826291 0.300497 -32.923209 -2.716187 -4.158335 -0.315556 -24.058258 0.712171 52.665014 9.330874 -4.649438 0.315560 -33.061451 0.096922 4.333191 -16.077867 5.893312 -0.092062 -7.483412 10.296517 -16.133484 -0.085149 0.288105 -0.082209 -0.046777 6.411420 0.000000 0.000000 -0.000000 
3.018644 68.649567 65.606300 1.119056 0.767017 2.804466 0.000000 3.962404 -0.274302 2.717377 -0.996175 1.030554 -0.000000 14.122139 -0.320026 1.636660 -2.399840 -0.754084 0.000000 11.399138 -0.365733 -2.915119 -2.373450 -1.350104 0.000000 9.938188 -0.411453 -3.736324 0.558762 -2.629121 0.000001 8.579092 0.114195 -1.365902 1.849410 -1.263655 -0.000000 25.089088 0.333904 0.000000 0.000000 0.000000 4.224102 8.888447 -0.424647 6.661215 -18.757994 -3.287054 4.467654 -1.863752 -67.446902 0.000007 -32.937290 0.000017 31.249608 -8.856012 5.550271 2.354115 -1.272478 1.802825 26.694334 6.984761 31.068389 1.999434 -1.154373 1.154376 -3.433708 26.841153 -15.406400 2.113328 -1.220118 1.220124 9.011246 -14.161639 8.033758 1.744283 -1.007036 1.007062 -0.000002 0.000000 -0.000001 7.198468 -0.169239 1.742690 8.433829 1.781768 -4.066950 2.844889 -0.000000 0.000001 0.267544 2.471399 -16.880005 2.665498 -0.000018 0.000001 -0.020108 0.185025 -3.915314 2.297425 -0.000017 0.000000 0.000002 0.000000 -0.000000 6.876530 -0.000026 0.000000 0.415206 6.968054 -13.553414 3.256821 0.000019 -0.000003 0.601577 3.419972 -26.846047 3.177901 -0.000014 -0.000002 0.264054 1.822178 -15.730344 2.695122 -0.000014 0.000002 0.000002 0.000001 0.000000 6.623881 -0.059463 -1.696955 0.711027 7.659668 -31.287765 2.958003 0.000008 -0.000000 0.409843 1.971511 -16.855992 2.756888 0.000003 0.000003 0.289051 1.181840 -12.268160 2.334603 0.000001 0.000004 0.000001 -0.000001 -0.000000 6.046954 -0.139230 -3.244335 2.796747 12.615972 -28.970343 2.623698 0.000007 0.000002 0.489576 2.685888 -29.157763 2.132095 0.000016 -0.000005 0.075809 1.535932 -6.780982 1.793209 0.000000 -0.000001 -0.000001 0.000000 -0.000002 -4.224102 8.888440 -0.398217 -0.669634 7.757245 2.615147 8.488600 2.005061 74.611579 -0.000034 38.384840 0.000048 41.406570 23.148455 -20.359967 -2.342552 -1.287615 1.805290 16.738688 -8.069975 -13.459467 -1.998879 -1.154015 1.154055 4.762303 -3.408366 -15.373646 -2.115649 -1.221447 1.221469 -13.680203 7.207353 9.090947 -1.745160 -1.007586 1.007569 0.000004 -0.000009 -0.000004 -7.289631 -0.160559 1.788509 -0.470258 1.185165 6.819505 -2.816297 0.000003 0.000000 0.637896 -3.395243 26.759640 -2.639592 -0.000016 0.000003 -0.167705 -0.591964 17.446479 -2.241498 -0.000008 -0.000003 0.000001 -0.000001 -0.000001 -7.060406 0.000003 -0.000003 -0.358918 -4.549808 18.357091 -3.340212 0.000002 -0.000003 1.182202 -4.371272 38.039147 -3.056705 0.000011 -0.000003 0.821214 -3.074179 31.067761 -2.639501 0.000000 0.000005 0.000001 -0.000001 -0.000001 -6.774601 0.049792 -1.636025 1.583705 -9.084642 37.655704 -2.923897 0.000006 0.000003 0.711929 -2.592319 23.771314 -2.718013 0.000002 -0.000001 -0.131164 -0.206960 20.187015 -2.379606 -0.000011 -0.000002 -0.000001 -0.000002 -0.000001 -6.148514 -0.175707 -3.130196 2.884502 -10.901638 43.026042 -2.627890 0.000003 -0.000001 1.620467 -4.340347 49.202111 -2.122508 0.000012 -0.000002 -0.374716 -2.615543 43.378682 -1.792004 0.000008 -0.000002 0.000000 0.000001 0.000000 7.557001 -4.826288 0.300488 -1.211681 8.199403 -4.862812 0.315538 -24.058298 0.537023 16.052418 -7.016147 -0.609618 -0.315539 -33.061481 0.084937 -12.093976 -2.974666 4.697100 0.092043 -7.483322 10.511625 -5.839327 0.000001 -0.000001 0.082186 -0.046742 6.420134 0.000000 0.000000 -0.000000 -7.557000 -4.826291 0.300497 -35.978080 -4.304375 -2.538318 -0.315555 -24.058243 0.712161 41.556999 9.067405 -4.775567 0.315562 -33.061459 0.096919 4.419309 -17.000252 6.554512 -0.092059 -7.483407 10.296518 -1.379781 0.000002 0.000002 -0.082207 -0.046778 6.411408 0.000000 -0.000000 0.000000 
2.727125 68.287621 69.488632 1.095703 2.609501 1.817906 0.000001 3.962392 -0.274313 2.236568 -1.404479 1.039531 -0.000001 14.122140 -0.320046 2.147105 -3.147482 -0.249759 -0.000000 11.399123 -0.365725 -2.418048 -3.147707 -0.901470 -0.000001 9.938205 -0.411453 -4.162030 0.382083 -2.205431 -0.000000 8.579104 0.114184 -1.535697 1.704308 -0.995329 0.000000 25.089104 0.333908 -0.000000 0.000000 0.000000 4.224103 8.888467 -0.424636 7.365363 -21.197653 -0.380532 2.885261 -2.185822 -66.112372 -0.000010 -37.251937 -0.000011 25.521413 -10.779818 6.141024 2.354138 -1.272459 1.802821 26.855238 7.101679 30.256580 1.999425 -1.154364 1.154379 -3.931162 26.098069 -15.232140 2.113317 -1.220129 1.220125 9.014831 -15.183347 8.206315 1.744280 -1.007054 1.007055 -0.000001 -0.000001 -0.000001 7.198476 -0.169243 1.742687 7.853408 1.995873 -3.339849 2.844902 0.000008 -0.000002 0.266223 2.467068 -16.835178 2.665516 0.000007 0.000001 -0.020242 0.180480 -3.870410 2.297417 -0.000023 0.000001 0.000000 0.000001 0.000000 6.876545 -0.000015 0.000000 0.388811 6.853539 -13.563236 3.256827 0.000013 0.000001 0.602213 3.421276 -26.860933 3.177892 -0.000001 -0.000002 0.264501 1.823549 -15.744701 2.695123 -0.000021 0.000004 0.000001 -0.000002 0.000003 6.623894 -0.059456 -1.696962 0.769151 7.765864 -31.249079 2.957999 0.000011 0.000004 0.409904 1.971639 -16.857238 2.756912 0.000003 -0.000001 0.289091 1.181997 -12.269722 2.334598 0.000005 0.000005 -0.000000 -0.000000 0.000002 6.046963 -0.139213 -3.244339 2.732168 12.487819 -29.023175 2.623707 0.000001 -0.000004 0.487198 2.680608 -29.100444 2.132096 -0.000004 0.000002 0.074771 1.530259 -6.723702 1.793202 -0.000001 -0.000000 0.000000 -0.000000 -0.000002 -4.224101 8.888446 -0.398219 -0.804534 5.607800 4.388903 11.338803 -0.935314 73.783433 -0.000012 35.818639 0.000007 42.455677 20.920579 -16.710345 -2.342538 -1.287621 1.805299 17.090045 -9.025094 -13.381007 -1.998870 -1.154048 1.154043 5.039497 -2.111084 -15.800393 -2.115634 -1.221475 1.221458 -13.575268 6.866095 9.122129 -1.745161 -1.007591 1.007566 0.000004 -0.000006 0.000001 -7.289614 -0.160574 1.788514 -0.223022 1.340864 4.765445 -2.816291 -0.000012 -0.000003 0.655370 -3.429514 27.141229 -2.639600 0.000003 -0.000003 -0.163651 -0.631506 17.826941 -2.241493 -0.000007 0.000005 -0.000001 0.000001 0.000000 -7.060396 0.000003 0.000005 -0.199540 -4.727606 16.102154 -3.340196 0.000001 0.000005 1.179834 -4.368173 37.999976 -3.056690 0.000032 -0.000001 0.819311 -3.071025 31.030878 -2.639514 -0.000005 -0.000002 0.000002 0.000002 0.000002 -6.774593 0.049780 -1.636022 1.567919 -9.091814 35.828891 -2.923893 0.000006 -0.000010 0.712592 -2.593502 23.784828 -2.718015 -0.000012 0.000004 -0.130981 -0.208314 20.200373 -2.379608 0.000008 0.000001 0.000001 -0.000002 -0.000008 -6.148528 -0.175716 -3.130188 2.874614 -10.997001 41.612449 -2.627894 0.000009 0.000004 1.637930 -4.358073 49.450153 -2.122493 0.000020 -0.000001 -0.365497 -2.641917 43.625477 -1.792018 0.000008 -0.000005 0.000001 0.000002 -0.000001 7.557003 -4.826303 0.300492 1.142755 9.318892 -2.576484 0.315539 -24.058287 0.537021 17.989528 -7.042300 -0.738151 -0.315539 -33.061481 0.084929 -15.127131 -7.152203 4.006663 0.092042 -7.483328 10.511621 -7.600244 -0.000002 0.000000 0.082185 -0.046742 6.420109 0.000000 0.000000 -0.000000 -7.557001 -4.826297 0.300492 -37.356910 -7.525887 -1.962700 -0.315557 -24.058254 0.712179 28.744602 9.406306 -4.790653 0.315564 -33.061459 0.096927 2.649773 -13.768335 6.175128 -0.092061 -7.483404 10.296508 -2.722208 -0.000006 0.000005 -0.082208 -0.046779 6.411424 0.000001 -0.000000 0.000000 
2.434471 67.368393 73.560608 0.820593 4.568708 1.701044 0.000000 3.962395 -0.274290 1.767245 -2.087019 0.106150 -0.000000 14.122130 -0.320042 2.741206 -3.676029 0.344965 -0.000001 11.399122 -0.365735 -1.803157 -3.720849 -0.369892 0.000000 9.938190 -0.411434 -4.857947 0.224971 -1.966248 0.000000 8.579113 0.114196 -1.997862 1.379067 -0.831688 -0.000001 25.089088 0.333896 -0.000000 -0.000000 0.000000 4.224101 8.888455 -0.424629 8.165947 -23.294183 2.455797 2.292633 0.031959 -65.229461 -0.000005 -44.314076 -0.000014 22.309930 -10.194724 7.310275 2.354138 -1.272474 1.802819 27.023565 7.263037 29.396099 1.999435 -1.154380 1.154373 -4.561236 25.213029 -14.610821 2.113326 -1.220134 1.220124 8.719354 -16.053200 7.192300 1.744287 -1.007028 1.007058 -0.000002 -0.000002 -0.000001 7.198479 -0.169242 1.742684 7.079424 2.229530 -4.577277 2.844892 -0.000001 0.000004 0.265410 2.464350 -16.807134 2.665488 -0.000006 0.000000 -0.020337 0.177601 -3.842090 2.297401 0.000009 0.000003 -0.000002 0.000000 0.000000 6.876541 -0.000023 -0.000001 0.359236 6.748101 -14.890851 3.256818 -0.000010 0.000000 0.605684 3.428470 -26.940938 3.177887 -0.000017 0.000000 0.266869 1.831086 -15.823819 2.695115 -0.000015 -0.000003 -0.000000 -0.000001 -0.000000 6.623889 -0.059474 -1.696966 0.732474 7.725147 -32.353486 2.958008 0.000013 -0.000001 0.416522 1.987586 -17.030032 2.756901 0.000009 -0.000001 0.294369 1.198275 -12.442121 2.334603 0.000001 -0.000001 0.000001 -0.000000 -0.000000 6.046963 -0.139223 -3.244341 2.828208 12.475361 -30.175646 2.623707 0.000016 -0.000004 0.486345 2.678728 -29.079838 2.132105 -0.000014 -0.000004 0.074400 1.528216 -6.703146 1.793201 -0.000001 0.000002 -0.000001 -0.000001 -0.000002 -4.224102 8.888413 -0.398201 -0.841208 3.719893 5.197771 16.151794 -4.031190 73.743189 -0.000012 35.936692 0.000012 40.667356 17.929035 -10.821470 -2.342533 -1.287609 1.805289 17.140939 -10.387689 -13.583463 -1.998866 -1.154052 1.154042 5.442547 -1.062118 -16.069997 -2.115641 -1.221461 1.221471 -13.504210 6.636566 9.143970 -1.745160 -1.007583 1.007570 0.000005 -0.000001 -0.000006 -7.289615 -0.160552 1.788509 -0.031046 1.736876 3.221159 -2.816285 -0.000009 -0.000011 0.661178 -3.440809 27.267208 -2.639605 -0.000006 0.000003 -0.162245 -0.644555 17.952544 -2.241499 -0.000006 -0.000000 0.000003 -0.000001 -0.000001 -7.060396 0.000004 0.000001 -0.104151 -4.866550 14.510865 -3.340203 -0.000009 -0.000003 1.179738 -4.368056 37.998436 -3.056684 0.000018 0.000006 0.819371 -3.071116 31.031919 -2.639508 -0.000002 0.000007 0.000001 0.000001 -0.000002 -6.774586 0.049795 -1.636031 1.574997 -9.144084 34.291064 -2.923897 0.000013 0.000001 0.721093 -2.608532 23.957833 -2.718002 -0.000001 0.000001 -0.128643 -0.225878 20.372699 -2.379594 -0.000006 -0.000002 0.000003 -0.000001 -0.000004 -6.148506 -0.175707 -3.130197 2.850582 -11.051940 40.583130 -2.627903 0.000004 0.000001 1.664655 -4.384934 49.827446 -2.122492 0.000002 -0.000003 -0.351280 -2.681945 44.000902 -1.792024 0.000016 -0.000010 0.000001 -0.000001 -0.000001 7.557003 -4.826313 0.300507 2.982738 9.722575 -1.283824 0.315535 -24.058290 0.537040 21.593553 -7.037396 -0.037979 -0.315539 -33.061489 0.084930 -18.382131 -9.381023 3.119617 0.092043 -7.483325 10.511631 -10.659024 -0.000001 0.000000 0.082185 -0.046742 6.420126 0.000000 0.000000 0.000000 -7.557000 -4.826297 0.300506 -38.478137 -9.741968 -2.582139 -0.315556 -24.058262 0.712185 24.508472 8.484600 -4.219851 0.315563 -33.061455 0.096927 -3.147094 -10.903967 6.760705 -0.092060 -7.483401 10.296510 -4.216461 -0.000004 0.000002 -0.082209 -0.046782 6.411427 0.000001 -0.000000 0.000000 
2.141817 66.449158 77.632576 0.548589 6.528451 1.593262 -0.000000 3.962405 -0.274314 1.286617 -2.761802 -0.833264 -0.000000 14.122130 -0.320039 3.341152 -4.198363 0.945528 0.000001 11.399149 -0.365731 -1.182532 -4.288234 0.168194 -0.000001 9.938187 -0.411427 -5.553200 0.064967 -1.728991 -0.000000 8.579113 0.114204 -2.459041 1.052519 -0.670695 -0.000000 25.089088 0.333912 -0.000000 -0.000000 0.000000 4.224101 8.888456 -0.424617 9.093522 -25.350905 5.371093 1.665434 2.240221 -64.323013 -0.000011 -51.376236 -0.000015 19.092441 -9.675027 8.508977 2.354147 -1.272454 1.802828 27.194395 7.421882 28.534843 1.999426 -1.154361 1.154373 -5.176260 24.321960 -14.004651 2.113320 -1.220136 1.220129 8.406506 -16.917849 6.169062 1.744275 -1.007061 1.007058 0.000000 -0.000002 -0.000001 7.198492 -0.169243 1.742689 6.310539 2.479810 -5.811647 2.844907 0.000004 -0.000002 0.264595 2.461635 -16.779094 2.665506 -0.000007 -0.000002 -0.020430 0.174729 -3.813770 2.297405 -0.000008 0.000006 -0.000001 -0.000001 0.000002 6.876549 -0.000004 0.000005 0.327210 6.643368 -16.218231 3.256805 0.000005 0.000001 0.609170 3.435658 -27.020947 3.177893 -0.000006 -0.000003 0.269247 1.838624 -15.902933 2.695123 0.000014 0.000000 -0.000003 0.000000 -0.000001 6.623904 -0.059462 -1.696957 0.695015 7.685136 -33.457811 2.958004 -0.000008 -0.000007 0.423180 2.003509 -17.202827 2.756908 0.000008 -0.000002 0.299699 1.214532 -12.614521 2.334605 -0.000006 0.000000 0.000001 0.000000 -0.000001 6.046968 -0.139197 -3.244339 2.923969 12.461012 -31.328015 2.623707 0.000016 0.000001 0.485497 2.676851 -29.059234 2.132093 -0.000006 0.000003 0.074037 1.526172 -6.682588 1.793206 -0.000029 -0.000004 0.000003 -0.000000 -0.000000 -4.224097 8.888438 -0.398196 -0.851161 1.831660 6.004140 20.988039 -7.119485 73.964501 -0.000012 36.054731 0.000012 39.233320 14.782601 -5.123591 -2.342547 -1.287616 1.805297 17.187164 -11.750455 -13.785635 -1.998876 -1.154046 1.154041 5.850464 -0.015093 -16.346931 -2.115635 -1.221474 1.221467 -13.433101 6.407074 9.166070 -1.745155 -1.007587 1.007563 0.000002 -0.000002 -0.000003 -7.289622 -0.160563 1.788511 0.171581 2.127575 1.675203 -2.816303 -0.000002 -0.000005 0.667017 -3.452098 27.393196 -2.639591 0.000006 0.000009 -0.160812 -0.657601 18.078155 -2.241480 0.000000 -0.000001 0.000002 -0.000002 0.000001 -7.060406 0.000004 -0.000001 -0.012647 -5.008076 12.919483 -3.340213 -0.000003 -0.000009 1.179661 -4.367938 37.996902 -3.056702 0.000004 0.000009 0.819417 -3.071197 31.032961 -2.639503 -0.000016 0.000002 0.000001 0.000004 0.000000 -6.774602 0.049788 -1.636025 1.580664 -9.196518 32.753014 -2.923887 -0.000009 0.000001 0.729641 -2.623537 24.130843 -2.718012 -0.000019 -0.000006 -0.126260 -0.243428 20.545025 -2.379605 -0.000007 -0.000000 0.000001 -0.000002 0.000002 -6.148528 -0.175706 -3.130193 2.825544 -11.106448 39.553602 -2.627891 0.000015 0.000004 1.691545 -4.411620 50.204769 -2.122517 0.000011 -0.000010 -0.336804 -2.721877 44.376347 -1.792014 0.000001 -0.000003 -0.000001 -0.000001 -0.000002 7.557000 -4.826305 0.300496 4.815391 10.166902 -0.003319 0.315538 -24.058289 0.537038 25.197039 -6.988824 0.660456 -0.315541 -33.061481 0.084926 -21.695128 -11.555906 2.098561 0.092041 -7.483322 10.511642 -13.717804 0.000001 0.000000 0.082186 -0.046744 6.420124 0.000000 0.000000 -0.000000 -7.557000 -4.826305 0.300488 -39.632108 -11.945457 -3.250363 -0.315557 -24.058252 0.712166 20.291577 7.523844 -3.720588 0.315563 -33.061455 0.096926 -8.925364 -8.111869 7.630613 -0.092060 -7.483415 10.296513 -5.710708 -0.000004 0.000001 -0.082209 -0.046768 6.411426 -0.000005 0.000000 -0.000001 
1.882262 65.788376 81.595299 0.188832 8.002751 1.328572 -0.000000 3.962407 -0.274292 1.442144 -2.923548 -0.826809 -0.000000 14.122132 -0.320026 3.253656 -4.591411 1.012710 0.000000 11.399118 -0.365728 -1.264963 -4.682244 0.220082 0.000001 9.938195 -0.411445 -5.534925 -0.046410 -1.657079 -0.000001 8.579093 0.114203 -2.265486 0.620416 -0.397553 -0.000000 25.089088 0.333891 -0.000000 -0.000000 -0.000000 4.224103 8.888441 -0.424631 9.263909 -26.002988 5.810321 1.663053 4.886509 -62.574211 -0.000028 -57.341562 -0.000033 18.449333 -9.799653 10.785307 2.354131 -1.272452 1.802828 27.372087 7.611551 27.640898 1.999427 -1.154358 1.154380 -5.742775 23.419163 -13.593631 2.113315 -1.220112 1.220129 8.497414 -17.677511 6.640295 1.744284 -1.007038 1.007059 0.000001 0.000003 0.000001 7.198469 -0.169235 1.742682 5.623439 2.687813 -4.779604 2.844910 0.000001 -0.000002 0.264366 2.460884 -16.771145 2.665496 -0.000004 -0.000002 -0.020455 0.173934 -3.805906 2.297405 -0.000002 0.000002 0.000000 0.000000 -0.000002 6.876537 -0.000001 0.000002 0.293425 6.525987 -16.331525 3.256824 -0.000007 -0.000003 0.611169 3.439710 -27.066213 3.177898 -0.000011 0.000000 0.270595 1.842906 -15.947870 2.695122 -0.000016 0.000000 0.000001 0.000002 0.000000 6.623875 -0.059446 -1.696963 0.674690 7.653100 -33.535085 2.957998 0.000012 0.000006 0.426950 2.012437 -17.299548 2.756902 0.000008 -0.000002 0.302688 1.223643 -12.711188 2.334610 0.000008 0.000006 -0.000001 0.000000 0.000000 6.046972 -0.139194 -3.244337 2.852140 12.321619 -31.515196 2.623696 0.000018 0.000004 0.487128 2.680459 -29.098593 2.132100 -0.000001 0.000003 0.074728 1.530073 -6.721910 1.793206 -0.000014 0.000001 0.000002 0.000002 -0.000000 -4.224099 8.888435 -0.398214 -0.838535 0.523228 6.172893 26.128366 -9.830921 75.523594 -0.000025 35.868178 0.000027 36.504824 11.199618 0.064965 -2.342548 -1.287622 1.805298 17.123134 -12.455033 -13.944137 -1.998871 -1.154035 1.154050 6.111379 0.202576 -16.388810 -2.115636 -1.221463 1.221461 -13.408061 6.326919 9.173623 -1.745161 -1.007586 1.007562 0.000000 -0.000003 0.000001 -7.289632 -0.160570 1.788516 0.244775 2.300321 1.175300 -2.816297 -0.000007 0.000003 0.668418 -3.454787 27.423339 -2.639593 0.000016 0.000003 -0.160474 -0.660723 18.108186 -2.241477 -0.000001 -0.000003 0.000000 0.000002 0.000003 -7.060407 -0.000017 0.000007 0.056981 -5.275717 12.452293 -3.340216 -0.000001 -0.000003 1.181569 -4.370461 38.028796 -3.056702 0.000011 0.000008 0.821199 -3.074151 31.067477 -2.639493 -0.000005 -0.000008 -0.000001 0.000001 -0.000002 -6.774600 0.049792 -1.636022 1.600931 -9.248938 32.296020 -2.923917 0.000009 -0.000001 0.733355 -2.630038 24.205735 -2.717997 -0.000009 0.000005 -0.125212 -0.251008 20.619508 -2.379597 0.000009 -0.000001 0.000001 0.000002 0.000002 -6.148529 -0.175705 -3.130194 2.826122 -11.133939 39.334592 -2.627900 0.000011 0.000002 1.707893 -4.427666 50.433144 -2.122505 0.000010 0.000001 -0.327902 -2.746018 44.603594 -1.792016 0.000006 -0.000003 -0.000001 -0.000000 -0.000001 7.557002 -4.826298 0.300510 6.356815 9.686090 0.459805 0.315539 -24.058283 0.537044 28.696265 -6.410423 2.844620 -0.315539 -33.061474 0.084940 -21.421290 -11.769813 1.215304 0.092042 -7.483324 10.511630 -19.199889 0.000000 0.000001 0.082185 -0.046743 6.420124 0.000000 0.000000 -0.000000 -7.557000 -4.826298 0.300510 -39.924208 -12.312412 -3.504067 -0.315555 -24.058262 0.712159 24.340392 5.248722 -3.362053 0.315563 -33.061455 0.096922 -15.218619 -5.710741 8.374779 -0.092061 -7.483412 10.296513 -7.210605 0.000002 -0.000001 -0.082207 -0.046784 6.411424 0.000001 -0.000000 -0.000000 
1.633078 65.656494 85.557999 -0.183159 8.465122 0.637563 -0.000001 3.962400 -0.274297 1.654124 -2.596599 0.094825 0.000001 14.122135 -0.320037 2.877045 -4.768925 0.726538 -0.000000 11.399123 -0.365732 -1.671316 -4.831663 -0.060172 0.000001 9.938188 -0.411453 -4.974143 -0.068931 -1.726833 -0.000000 8.579101 0.114191 -1.685812 0.334583 -0.188020 0.000001 25.089088 0.333891 0.000000 -0.000000 -0.000000 4.224105 8.888456 -0.424634 8.995207 -25.464554 5.011991 1.624544 6.695575 -61.107770 0.000022 -60.906805 0.000023 19.406535 -12.024541 10.867353 2.354125 -1.272473 1.802828 27.554616 7.811651 26.735654 1.999431 -1.154350 1.154381 -5.435368 23.347088 -17.630299 2.113328 -1.220127 1.220121 9.444409 -15.480783 9.686387 1.744283 -1.007058 1.007053 0.000001 -0.000003 -0.000001 7.198462 -0.169249 1.742687 4.999292 2.650936 -2.231273 2.844902 -0.000015 0.000001 0.266799 2.468936 -16.854438 2.665501 -0.000004 0.000002 -0.020181 0.182505 -3.890476 2.297410 0.000004 -0.000003 -0.000004 -0.000000 -0.000001 6.876534 -0.000003 -0.000001 0.211041 6.178032 -15.350060 3.256830 0.000001 0.000000 0.619021 3.455754 -27.245049 3.177906 0.000020 0.000000 0.276032 1.859855 -16.126205 2.695114 -0.000008 0.000004 -0.000000 -0.000002 0.000000 6.623865 -0.059455 -1.696957 0.663961 7.613351 -32.778655 2.957999 0.000001 0.000007 0.436793 2.035499 -17.550579 2.756908 -0.000010 0.000001 0.310565 1.247298 -12.962429 2.334602 0.000000 -0.000002 0.000001 -0.000001 0.000000 6.046962 -0.139200 -3.244334 2.559483 11.925392 -30.973931 2.623700 -0.000013 0.000001 0.496412 2.700950 -29.322289 2.132115 0.000001 -0.000001 0.078833 1.552207 -6.945255 1.793191 0.000000 0.000001 0.000000 -0.000001 -0.000000 -4.224096 8.888439 -0.398223 -0.829456 -0.207250 6.211419 29.931675 -11.904590 77.501446 0.000001 34.313515 -0.000018 34.316230 7.436435 3.905297 -2.342541 -1.287599 1.805297 17.163490 -13.498658 -14.092342 -1.998867 -1.154048 1.154040 6.517086 0.813462 -16.571886 -2.115637 -1.221474 1.221460 -13.354662 6.155346 9.191407 -1.745159 -1.007558 1.007569 0.000003 -0.000005 -0.000002 -7.289623 -0.160553 1.788510 0.408392 2.594900 0.071884 -2.816286 -0.000008 0.000004 0.672166 -3.461992 27.503833 -2.639587 0.000009 -0.000000 -0.159526 -0.669074 18.188483 -2.241505 -0.000002 0.000008 0.000001 -0.000002 -0.000002 -7.060402 -0.000000 -0.000001 0.129208 -5.510962 11.275096 -3.340205 -0.000003 0.000002 1.181163 -4.369922 38.022051 -3.056710 0.000006 -0.000009 0.820986 -3.073805 31.063448 -2.639487 0.000001 -0.000001 -0.000001 -0.000001 -0.000001 -6.774596 0.049798 -1.636029 1.590344 -9.267442 31.407136 -2.923902 -0.000010 -0.000008 0.742543 -2.645963 24.389892 -2.718018 -0.000005 -0.000009 -0.122572 -0.269667 20.802912 -2.379610 -0.000005 0.000005 -0.000002 -0.000002 -0.000003 -6.148532 -0.175693 -3.130200 2.837694 -11.212299 38.669365 -2.627893 -0.000004 0.000001 1.727464 -4.446723 50.705303 -2.122512 0.000012 0.000003 -0.317187 -2.774711 44.874374 -1.792010 0.000021 0.000006 -0.000001 0.000001 0.000004 7.557001 -4.826302 0.300503 8.451297 11.354839 1.250733 0.315532 -24.058302 0.537043 30.426987 -6.212743 5.462556 -0.315538 -33.061489 0.084938 -16.781389 -12.848222 0.765760 0.092042 -7.483319 10.511629 -22.369273 -0.000028 0.046058 0.082186 -0.046742 6.420111 -0.000000 0.000000 0.000000 -7.557001 -4.826307 0.300501 -38.934704 -12.149716 -1.894419 -0.315555 -24.058252 0.712175 28.669101 3.942211 -3.297459 0.315562 -33.061455 0.096919 -11.308918 -3.805673 4.800899 -0.092061 -7.483414 10.296516 -10.657974 -0.000002 -0.000000 -0.082209 -0.046781 6.411433 -0.000000 -0.000000 -0.000001 
1.324633 65.841034 89.599289 -0.481387 8.631874 -0.055354 -0.000001 3.962406 -0.274308 1.682054 -2.331124 0.932872 -0.000001 14.122149 -0.320032 2.411172 -4.884207 0.442303 0.000000 11.399122 -0.365720 -2.169973 -4.916920 -0.339012 0.000001 9.938190 -0.411429 -4.515714 0.002782 -1.864935 0.000000 8.579101 0.114190 -0.754520 0.415245 -0.076429 -0.000001 25.089104 0.333891 0.000000 -0.000000 0.000000 4.224105 8.888455 -0.424625 8.733304 -24.047062 4.346139 2.043427 7.918093 -61.729351 0.000002 -63.336699 -0.000011 19.172228 -12.949631 12.569253 2.354126 -1.272461 1.802820 27.741382 8.015084 25.827180 1.999423 -1.154386 1.154368 -5.422801 23.076694 -20.637172 2.113330 -1.220124 1.220120 11.403007 -14.260744 18.608036 1.744288 -1.007047 1.007062 -0.000000 -0.000000 0.000001 7.198473 -0.169245 1.742684 4.430409 2.468822 1.444216 2.844915 -0.000011 -0.000003 0.270702 2.481750 -16.987276 2.665498 -0.000007 0.000000 -0.019731 0.196187 -4.025606 2.297406 -0.000007 -0.000000 0.000001 -0.000001 0.000002 6.876530 -0.000019 -0.000002 0.149362 5.825987 -13.773822 3.256823 -0.000016 -0.000003 0.625573 3.469059 -27.393582 3.177891 -0.000021 -0.000005 0.280574 1.873951 -16.274582 2.695116 -0.000023 0.000007 0.000002 0.000001 -0.000001 6.623891 -0.059451 -1.696961 0.692435 7.629541 -31.462187 2.958020 0.000017 0.000007 0.450911 2.068178 -17.906931 2.756902 0.000036 -0.000001 0.321932 1.280800 -13.318887 2.334602 0.000015 0.000000 0.000000 -0.000001 0.000000 6.046947 -0.139200 -3.244334 2.217941 11.514757 -29.748797 2.623703 -0.000001 -0.000001 0.508195 2.726715 -29.603942 2.132097 -0.000002 0.000011 0.084126 1.580025 -7.226481 1.793212 -0.000015 -0.000001 -0.000001 -0.000002 0.000000 -4.224101 8.888436 -0.398199 -0.832064 0.125126 6.045553 32.493170 -12.780294 79.379058 -0.000021 32.400423 0.000021 32.304657 3.579348 6.613534 -2.342540 -1.287622 1.805305 16.552338 -14.895915 -14.879197 -1.998868 -1.154047 1.154040 7.067841 1.571040 -16.592285 -2.115640 -1.221467 1.221468 -13.304249 5.994186 9.208007 -1.745162 -1.007568 1.007560 0.000004 -0.000006 -0.000001 -7.289630 -0.160557 1.788522 0.613956 2.944397 -1.230367 -2.816293 -0.000001 -0.000009 0.658725 -3.436066 27.214226 -2.639599 0.000003 -0.000004 -0.162827 -0.639077 17.899738 -2.241482 -0.000002 -0.000013 0.000000 0.000002 0.000002 -7.060406 0.000004 0.000003 0.177459 -5.670729 10.035158 -3.340217 -0.000006 0.000010 1.180536 -4.369107 38.011779 -3.056702 0.000004 -0.000003 0.820599 -3.073170 31.055969 -2.639491 -0.000007 0.000004 -0.000001 -0.000001 0.000002 -6.774593 0.049784 -1.636024 1.557245 -9.254658 30.356830 -2.923883 0.000005 -0.000003 0.747997 -2.655396 24.499011 -2.718014 -0.000013 0.000003 -0.120997 -0.280729 20.911642 -2.379607 0.000005 -0.000008 0.000001 0.000003 -0.000001 -6.148530 -0.175701 -3.130192 2.756306 -11.182614 37.714365 -2.627905 0.000012 0.000000 1.758355 -4.476390 51.132029 -2.122499 0.000023 0.000001 -0.300092 -2.819600 45.299000 -1.792003 0.000009 0.000002 0.000004 0.000001 -0.000000 7.556999 -4.826302 0.300503 9.072142 12.094646 2.285260 0.315542 -24.058283 0.537025 32.983574 -6.796962 7.137718 -0.315539 -33.061489 0.084934 -6.692408 -12.322481 1.749756 0.092042 -7.483317 10.511630 -35.094639 -0.227793 0.929104 0.082185 -0.046742 6.420134 -0.000000 -0.000000 -0.000000 -7.557002 -4.826298 0.300497 -34.961259 -12.213879 0.036581 -0.315555 -24.058252 0.712166 27.744145 2.584344 -3.200935 0.315562 -33.061455 0.096920 -3.795011 -3.842191 0.739881 -0.092059 -7.483408 10.296517 -11.471823 -0.000001 0.000000 -0.082209 -0.046789 6.411412 0.000002 0.000000 -0.000000 
0.973913 65.967735 93.712868 -0.708080 8.678660 -0.962414 0.000001 3.962404 -0.274294 1.836145 -2.109648 1.487984 0.000000 14.122144 -0.320035 1.969749 -4.693059 0.558097 -0.000001 11.399117 -0.365740 -2.637874 -4.714280 -0.190741 -0.000000 9.938194 -0.411439 -4.453239 0.055219 -2.135998 0.000001 8.579084 0.114208 0.073603 0.278662 -0.336280 -0.000001 25.089104 0.333898 0.000000 0.000000 0.000000 4.224100 8.888461 -0.424637 8.638804 -23.364860 4.115969 3.087932 10.233797 -64.154259 0.000012 -65.516062 0.000012 18.530008 -15.908200 10.737264 2.354134 -1.272455 1.802824 27.931620 8.214628 24.923645 1.999436 -1.154361 1.154372 -6.167038 22.140147 -19.210976 2.113331 -1.220103 1.220120 11.230282 -13.996220 17.998774 1.744284 -1.007051 1.007056 -0.000002 -0.000000 0.000001 7.198480 -0.169235 1.742690 3.750777 2.483218 3.427661 2.844901 -0.000010 -0.000004 0.270309 2.480459 -16.973990 2.665505 -0.000001 0.000002 -0.019774 0.194927 -4.012922 2.297414 0.000009 0.000002 -0.000001 -0.000000 -0.000003 6.876544 0.000006 -0.000001 0.169309 5.879403 -13.314448 3.256803 -0.000005 0.000004 0.625232 3.468351 -27.385801 3.177892 -0.000010 -0.000001 0.280342 1.873217 -16.266558 2.695129 0.000009 0.000001 0.000001 0.000001 0.000000 6.623894 -0.059459 -1.696956 0.712567 7.659488 -31.147596 2.958005 -0.000003 -0.000007 0.448441 2.062482 -17.844696 2.756896 0.000006 -0.000006 0.319917 1.274984 -13.256979 2.334607 0.000008 -0.000001 -0.000000 0.000002 0.000002 6.046964 -0.139201 -3.244334 2.191104 11.506398 -29.492111 2.623699 0.000005 0.000004 0.509950 2.730475 -29.645015 2.132105 -0.000006 0.000003 0.084900 1.584096 -7.267515 1.793181 -0.000000 0.000003 0.000001 -0.000001 0.000001 -4.224103 8.888436 -0.398206 -0.831109 0.993410 5.444377 34.176624 -12.545298 80.784090 0.000001 31.410469 0.000003 30.351107 0.179378 8.873324 -2.342537 -1.287614 1.805285 16.730507 -14.650378 -14.685578 -1.998876 -1.154042 1.154037 6.903969 1.638480 -16.664050 -2.115645 -1.221463 1.221469 -13.321375 6.048889 9.202286 -1.745169 -1.007584 1.007564 0.000004 -0.000005 0.000001 -7.289612 -0.160557 1.788500 0.560827 2.855739 -0.892497 -2.816297 -0.000004 0.000005 0.647143 -3.413468 26.962382 -2.639594 -0.000002 -0.000008 -0.165574 -0.612974 17.648603 -2.241497 0.000001 0.000007 -0.000001 0.000005 0.000002 -7.060397 -0.000003 -0.000009 0.233894 -6.029667 10.418812 -3.340198 0.000002 -0.000003 1.178065 -4.365816 37.970282 -3.056706 -0.000000 0.000011 0.818603 -3.069855 31.017197 -2.639490 -0.000001 0.000006 -0.000001 0.000001 0.000001 -6.774591 0.049793 -1.636034 1.556347 -9.239616 30.638777 -2.923908 0.000004 -0.000002 0.742509 -2.645910 24.389270 -2.718019 0.000003 -0.000000 -0.122592 -0.269577 20.802145 -2.379606 -0.000003 -0.000001 -0.000001 -0.000001 -0.000001 -6.148528 -0.175712 -3.130202 2.687650 -11.048655 37.939502 -2.627909 -0.000002 0.000002 1.738081 -4.456981 50.852162 -2.122512 0.000010 -0.000006 -0.311333 -2.790156 45.020505 -1.792007 0.000006 0.000004 -0.000001 -0.000000 0.000002 7.557001 -4.826315 0.300504 5.764463 9.059316 4.194786 0.315535 -24.058292 0.537036 39.385429 -6.853559 7.401370 -0.315540 -33.061497 0.084940 10.036896 -8.656664 -4.735612 0.092042 -7.483325 10.511628 -51.043199 -4.236128 5.752118 0.082185 -0.046743 6.420113 0.000000 -0.000000 0.000000 -7.556999 -4.826304 0.300507 -29.353079 -12.545724 2.392745 -0.315556 -24.058256 0.712174 23.810567 2.073785 -2.713755 0.315561 -33.061462 0.096904 7.157902 -5.127462 -3.414804 -0.092062 -7.483404 10.296525 -5.796245 -0.000000 -0.000001 -0.082208 -0.046777 6.411401 0.000000 0.000000 -0.000000 
0.626896 66.237991 97.540947 -0.615965 8.363691 -2.132742 0.000001 3.962397 -0.274307 1.984350 -1.745574 2.324709 -0.000001 14.122142 -0.320038 1.605695 -4.411933 0.649079 -0.000000 11.399127 -0.365748 -3.049968 -4.406324 -0.067566 -0.000001 9.938191 -0.411449 -4.290327 0.038431 -2.174010 -0.000000 8.579098 0.114197 -0.113517 0.196938 -0.949580 0.000000 25.089073 0.333910 -0.000000 -0.000000 0.000000 4.224101 8.888463 -0.424641 8.578140 -22.466439 4.034376 4.860984 10.889245 -67.113589 0.000044 -66.254959 0.000045 16.586117 -17.564294 10.695959 2.354126 -1.272447 1.802816 28.124438 8.402956 24.033219 1.999421 -1.154376 1.154370 -7.117231 20.850518 -15.978420 2.113340 -1.220125 1.220129 10.998596 -14.001116 16.955156 1.744279 -1.007053 1.007061 -0.000001 -0.000006 -0.000001 7.198472 -0.169252 1.742674 3.144457 2.390621 6.472833 2.844903 -0.000004 -0.000006 0.268288 2.473788 -16.904887 2.665503 -0.000009 0.000004 -0.020011 0.188020 -3.944646 2.297392 -0.000016 0.000002 -0.000003 -0.000000 0.000001 6.876542 -0.000015 -0.000013 0.195495 5.921020 -12.121470 3.256819 0.000006 0.000001 0.624813 3.467545 -27.376940 3.177896 -0.000002 0.000001 0.280046 1.872354 -16.257459 2.695121 -0.000030 -0.000002 -0.000001 0.000001 0.000000 6.623879 -0.059450 -1.696967 0.732946 7.676873 -30.052733 2.957996 -0.000016 -0.000007 0.444119 2.052509 -17.736251 2.756918 0.000017 -0.000005 0.316476 1.264839 -13.149064 2.334596 0.000015 0.000004 0.000000 -0.000000 -0.000001 6.046964 -0.139209 -3.244349 2.105743 11.459885 -28.686562 2.623714 0.000001 -0.000001 0.509591 2.729728 -29.636823 2.132097 0.000015 -0.000002 0.084736 1.583278 -7.259316 1.793210 -0.000008 0.000010 0.000000 0.000004 0.000001 -4.224099 8.888447 -0.398213 -0.833755 2.517112 5.230686 33.709948 -11.360744 80.927776 -0.000024 29.946237 0.000040 28.542292 -1.961156 10.899326 -2.342541 -1.287627 1.805286 16.680770 -13.132303 -14.500116 -1.998870 -1.154040 1.154048 6.406726 0.746687 -16.375228 -2.115636 -1.221469 1.221463 -13.382690 6.245077 9.182366 -1.745156 -1.007595 1.007575 0.000001 -0.000003 -0.000004 -7.289619 -0.160571 1.788503 0.227336 2.204764 1.299526 -2.816290 -0.000002 0.000007 0.639645 -3.398676 26.797703 -2.639601 0.000002 -0.000007 -0.167313 -0.595899 17.484458 -2.241496 0.000001 -0.000004 0.000003 0.000002 0.000002 -7.060403 -0.000009 -0.000010 0.325608 -6.565740 12.696389 -3.340182 -0.000004 0.000010 1.172373 -4.358256 37.875626 -3.056709 0.000004 -0.000001 0.813858 -3.062003 30.925205 -2.639497 -0.000006 -0.000006 -0.000001 0.000004 0.000001 -6.774609 0.049794 -1.636032 1.586517 -9.221890 32.345836 -2.923886 0.000004 -0.000003 0.734130 -2.631378 24.221237 -2.718019 -0.000018 -0.000007 -0.124992 -0.252562 20.634722 -2.379594 -0.000016 -0.000001 0.000001 -0.000001 0.000000 -6.148524 -0.175718 -3.130209 2.682544 -10.918521 39.233699 -2.627887 0.000003 -0.000011 1.710793 -4.430491 50.473517 -2.122503 -0.000005 -0.000001 -0.326330 -2.750261 44.643756 -1.792005 -0.000000 0.000004 0.000004 -0.000003 0.000005 7.557000 -4.826307 0.300508 -1.492233 4.153853 4.934031 0.315537 -24.058294 0.537003 52.780499 -3.865318 7.348005 -0.315536 -33.061481 0.084934 18.072447 -5.868055 -11.616880 0.092040 -7.483324 10.511626 -31.460879 -4.642635 8.579146 0.082186 -0.046739 6.420120 -0.000004 0.000001 -0.000000 -7.557000 -4.826299 0.300496 -27.297491 -11.858051 3.912569 -0.315556 -24.058254 0.712173 27.547857 1.918354 -1.952977 0.315562 -33.061459 0.096920 0.489957 -4.757897 -3.527404 -0.092061 -7.483404 10.296530 -3.857107 0.000002 0.000001 -0.082207 -0.046779 6.411427 0.000001 0.000000 -0.000000 
0.370811 66.661682 101.011909 -0.324900 8.171491 -3.308870 0.000002 3.962403 -0.274287 2.036148 -1.378400 2.904472 -0.000001 14.122142 -0.320021 1.559812 -3.968731 0.992478 -0.000001 11.399105 -0.365732 -3.111690 -3.963353 0.299992 -0.000001 9.938190 -0.411448 -4.372881 -0.069340 -2.135017 -0.000000 8.579112 0.114190 -0.703933 -0.206878 -1.348270 0.000001 25.089104 0.333908 -0.000000 0.000000 0.000000 4.224102 8.888458 -0.424643 8.449378 -21.874640 3.646888 5.954888 10.104642 -69.949436 -0.000014 -64.388951 -0.000020 15.184028 -18.204824 11.273826 2.354117 -1.272460 1.802825 28.318757 8.572599 23.164153 1.999422 -1.154390 1.154376 -7.480653 20.251024 -16.067687 2.113320 -1.220130 1.220128 11.200519 -13.794421 17.986222 1.744268 -1.007055 1.007050 0.000002 -0.000003 0.000001 7.198466 -0.169238 1.742687 2.558843 2.238540 9.213678 2.844900 -0.000011 -0.000000 0.265138 2.463481 -16.798150 2.665515 0.000004 -0.000004 -0.020333 0.177276 -3.838799 2.297410 -0.000004 0.000002 -0.000002 -0.000001 -0.000001 6.876532 -0.000001 0.000000 0.227530 6.023977 -11.028661 3.256828 -0.000006 0.000006 0.623568 3.464976 -27.348057 3.177896 -0.000026 -0.000017 0.279153 1.869580 -16.228586 2.695125 0.000016 -0.000004 -0.000000 0.000001 -0.000002 6.623872 -0.059455 -1.696960 0.705724 7.603416 -28.909698 2.958010 0.000015 -0.000001 0.440528 2.044229 -17.645742 2.756909 0.000010 -0.000002 0.313629 1.256361 -13.058806 2.334595 0.000017 0.000012 0.000001 -0.000002 -0.000000 6.046947 -0.139204 -3.244337 2.078236 11.485492 -28.075626 2.623704 0.000017 0.000006 0.507856 2.725951 -29.595411 2.132095 -0.000007 0.000003 0.083960 1.579164 -7.217972 1.793206 -0.000014 -0.000002 -0.000001 0.000001 -0.000000 -4.224102 8.888414 -0.398208 -0.815734 3.553216 4.696713 31.417699 -9.513550 79.990948 -0.000002 29.304476 0.000004 27.343510 -2.617133 12.716805 -2.342538 -1.287613 1.805308 16.014685 -11.789147 -14.884234 -1.998871 -1.154035 1.154040 6.225662 -0.577487 -15.765675 -2.115649 -1.221478 1.221472 -13.457961 6.486969 9.158391 -1.745152 -1.007585 1.007565 0.000002 -0.000007 -0.000004 -7.289622 -0.160565 1.788518 -0.121976 1.511378 3.956816 -2.816286 -0.000008 -0.000006 0.646723 -3.412606 26.952808 -2.639601 0.000000 -0.000007 -0.165682 -0.611981 17.639045 -2.241502 -0.000006 -0.000002 -0.000001 0.000003 -0.000003 -7.060391 0.000001 0.000004 0.474688 -7.178749 15.433470 -3.340211 -0.000003 0.000001 1.174415 -4.360958 37.909380 -3.056699 -0.000002 -0.000009 0.815712 -3.065077 30.961278 -2.639501 -0.000007 0.000009 -0.000000 -0.000001 -0.000001 -6.774591 0.049790 -1.636020 1.622578 -9.207092 34.598484 -2.923900 0.000005 0.000007 0.731094 -2.626093 24.160233 -2.717993 -0.000003 0.000003 -0.125845 -0.246363 20.574048 -2.379615 0.000000 0.000001 0.000001 -0.000002 -0.000001 -6.148510 -0.175701 -3.130185 2.744178 -10.873813 40.847461 -2.627886 -0.000002 -0.000004 1.672760 -4.393017 49.941626 -2.122510 0.000028 0.000001 -0.346930 -2.694024 44.114498 -1.792003 0.000023 0.000006 0.000000 -0.000001 -0.000000 7.557003 -4.826302 0.300509 -9.432809 1.190066 5.104894 0.315539 -24.058287 0.537018 63.151731 1.497296 7.086013 -0.315538 -33.061489 0.084936 19.829998 -4.035429 -14.798160 0.092039 -7.483326 10.511622 -1.150481 -0.011449 0.882921 0.082185 -0.046744 6.420122 0.000002 -0.000001 -0.000001 -7.556999 -4.826306 0.300507 -23.755787 -11.388010 5.811073 -0.315554 -24.058249 0.712173 27.647691 1.851785 -1.392377 0.315562 -33.061455 0.096922 -3.384418 -4.718345 -4.279102 -0.092061 -7.483407 10.296505 -3.411361 -0.000000 0.000001 -0.082208 -0.046779 6.411431 0.000000 0.000000 -0.000000 
0.210598 67.491486 104.337936 -0.068276 8.561098 -4.093237 0.000001 3.962403 -0.274291 1.881240 -1.174817 2.926950 0.000000 14.122149 -0.320032 1.763100 -3.520103 1.421466 -0.000000 11.399122 -0.365732 -2.885806 -3.547598 0.737348 -0.000000 9.938194 -0.411443 -4.278755 -0.296048 -1.899072 -0.000000 8.579109 0.114195 -1.111040 -0.925130 -1.259703 -0.000000 25.089088 0.333888 0.000000 0.000000 0.000000 4.224102 8.888457 -0.424634 8.299272 -21.150960 3.182132 5.393902 7.832888 -72.602322 0.000004 -57.654071 -0.000003 15.366835 -20.134189 10.224540 2.354118 -1.272467 1.802816 28.513356 8.716090 22.324770 1.999427 -1.154387 1.154370 -7.978951 19.411932 -14.741029 2.113312 -1.220123 1.220113 10.439750 -15.078211 14.110676 1.744275 -1.007061 1.007056 0.000001 -0.000007 -0.000001 7.198470 -0.169244 1.742681 1.813029 2.360603 8.606490 2.844904 0.000002 -0.000004 0.259572 2.444937 -16.606244 2.665504 -0.000003 0.000015 -0.020904 0.157785 -3.646692 2.297389 -0.000009 0.000001 -0.000003 -0.000002 0.000003 6.876525 -0.000016 -0.000002 0.304116 6.455055 -12.104068 3.256816 0.000003 -0.000016 0.619352 3.456467 -27.253030 3.177895 0.000010 0.000015 0.276268 1.860606 -16.134001 2.695121 0.000008 -0.000008 -0.000002 0.000001 0.000000 6.623882 -0.059456 -1.696964 0.651938 7.512015 -29.723955 2.958012 0.000012 0.000008 0.430334 2.020348 -17.385943 2.756906 0.000008 -0.000001 0.305408 1.231903 -12.798846 2.334602 0.000007 0.000011 -0.000001 -0.000002 0.000000 6.046943 -0.139206 -3.244337 2.536917 12.177900 -28.974055 2.623695 0.000002 0.000005 0.495887 2.699784 -29.309458 2.132104 0.000016 -0.000004 0.078589 1.550930 -6.932464 1.793205 0.000008 0.000006 -0.000003 0.000001 0.000000 -4.224102 8.888451 -0.398207 -0.801182 4.624203 4.428842 27.426445 -7.148385 78.061003 -0.000014 27.945512 0.000003 26.098346 -0.609083 12.504790 -2.342541 -1.287620 1.805289 14.300868 -11.104883 -16.283116 -1.998874 -1.154048 1.154047 6.592499 -2.398789 -14.659085 -2.115642 -1.221458 1.221474 -13.557851 6.809576 9.127446 -1.745151 -1.007569 1.007561 0.000002 -0.000005 -0.000002 -7.289629 -0.160574 1.788499 -0.444083 0.951390 6.790803 -2.816298 -0.000007 0.000000 0.651616 -3.422221 27.059847 -2.639583 -0.000007 0.000005 -0.164523 -0.623088 17.745810 -2.241505 0.000003 -0.000002 0.000001 -0.000000 -0.000002 -7.060408 0.000001 -0.000004 0.654596 -7.722008 18.505037 -3.340207 0.000009 -0.000003 1.183823 -4.373488 38.066820 -3.056703 0.000006 0.000009 0.823959 -3.078718 31.120644 -2.639489 -0.000008 0.000006 -0.000001 0.000001 0.000000 -6.774596 0.049800 -1.636027 1.607324 -9.126658 37.124400 -2.923901 0.000010 0.000006 0.728313 -2.621208 24.103857 -2.718002 -0.000012 -0.000001 -0.126636 -0.240674 20.517946 -2.379593 -0.000008 -0.000000 -0.000001 -0.000002 0.000000 -6.148532 -0.175699 -3.130201 2.816460 -10.837012 42.660330 -2.627902 0.000020 -0.000006 1.665251 -4.385539 49.835861 -2.122512 0.000004 -0.000006 -0.350959 -2.682820 44.009255 -1.792004 0.000009 -0.000005 -0.000002 0.000001 0.000000 7.557003 -4.826311 0.300504 -16.684282 0.404148 4.785543 0.315535 -24.058294 0.537024 68.031983 5.330628 6.909278 -0.315538 -33.061474 0.084938 15.835293 -2.463245 -8.118311 0.092041 -7.483315 10.511633 -2.296665 -0.000001 -0.000004 0.082188 -0.046727 6.420124 -0.000002 0.000001 -0.000002 -7.557000 -4.826305 0.300502 -17.343498 -11.627376 7.805018 -0.315555 -24.058254 0.712179 22.809620 1.741481 -1.323887 0.315563 -33.061455 0.096915 -5.124777 -5.482945 -4.833839 -0.092060 -7.483397 10.296520 -3.521268 0.000002 0.000000 -0.082209 -0.046779 6.411431 -0.000000 -0.000000 -0.000000 
0.152780 68.241783 107.542145 -0.083325 9.682483 -4.138135 0.000000 3.962397 -0.274301 2.261242 -0.986013 2.673780 0.000001 14.122132 -0.320020 1.734876 -3.019028 1.446843 -0.000001 11.399125 -0.365736 -2.877794 -3.050808 0.807204 -0.000000 9.938188 -0.411428 -4.005056 -0.653104 -1.718806 -0.000000 8.579095 0.114201 -1.301897 -2.463441 -0.479837 0.000000 25.089104 0.333898 0.000000 0.000000 -0.000000 4.224100 8.888449 -0.424622 8.173042 -20.783204 2.743802 3.814476 5.280350 -74.671890 -0.000001 -48.051142 0.000007 16.517201 -20.488443 7.391050 2.354123 -1.272461 1.802816 28.706790 8.825795 21.523447 1.999425 -1.154373 1.154372 -8.334265 18.774687 -13.910946 2.113315 -1.220127 1.220129 8.855669 -13.659103 7.228833 1.744297 -1.007050 1.007048 0.000002 -0.000001 -0.000004 7.198461 -0.169236 1.742672 0.965304 3.009595 5.407174 2.844906 -0.000008 -0.000008 0.260946 2.449513 -16.653400 2.665506 0.000013 0.000015 -0.020803 0.162183 -3.690134 2.297416 -0.000009 -0.000001 0.000001 -0.000003 0.000000 6.876527 -0.000003 -0.000012 0.458195 7.124249 -14.899197 3.256820 0.000001 0.000003 0.615633 3.448873 -27.168228 3.177898 0.000003 -0.000005 0.273720 1.852671 -16.050567 2.695109 -0.000012 -0.000014 -0.000001 -0.000002 -0.000002 6.623868 -0.059443 -1.696968 0.691456 7.650313 -32.379881 2.957999 -0.000018 0.000004 0.424924 2.007573 -17.246779 2.756908 0.000014 -0.000009 0.301083 1.218773 -12.659678 2.334602 -0.000007 0.000001 0.000002 0.000002 0.000000 6.046946 -0.139208 -3.244343 3.119896 12.884325 -30.702055 2.623699 -0.000007 0.000007 0.487492 2.681270 -29.107657 2.132106 -0.000017 -0.000003 0.074904 1.530977 -6.730909 1.793196 -0.000007 -0.000007 -0.000001 0.000000 0.000001 -4.224098 8.888432 -0.398191 -0.797673 4.979259 4.396480 24.185731 -4.743256 76.107022 -0.000014 28.874382 0.000022 25.531566 3.072423 9.713296 -2.342548 -1.287625 1.805305 13.079535 -9.915187 -17.148100 -1.998874 -1.154030 1.154051 6.541539 -3.925489 -13.827707 -2.115636 -1.221471 1.221458 -13.647389 7.100386 9.100590 -1.745158 -1.007586 1.007575 0.000004 -0.000002 -0.000001 -7.289625 -0.160564 1.788514 -0.692953 0.855164 8.853535 -2.816296 -0.000014 -0.000003 0.648115 -3.415331 26.983123 -2.639595 0.000002 -0.000000 -0.165376 -0.615107 17.669290 -2.241496 -0.000007 -0.000006 -0.000001 0.000000 -0.000003 -7.060416 0.000000 -0.000002 0.757101 -7.954397 20.875770 -3.340203 -0.000007 -0.000002 1.185944 -4.376270 38.101777 -3.056717 0.000001 0.000016 0.825876 -3.081869 31.157814 -2.639473 -0.000008 0.000004 -0.000000 -0.000003 -0.000000 -6.774594 0.049788 -1.636029 1.476293 -8.923347 39.092140 -2.923892 -0.000006 0.000006 0.720518 -2.607532 23.946163 -2.718001 -0.000014 0.000009 -0.128825 -0.224630 20.360480 -2.379600 -0.000000 0.000006 0.000001 -0.000003 -0.000000 -6.148534 -0.175708 -3.130194 2.709618 -10.610650 43.971699 -2.627903 0.000006 0.000002 1.634047 -4.354136 49.394770 -2.122512 0.000011 -0.000003 -0.367576 -2.636030 43.570361 -1.792004 0.000009 0.000001 0.000003 -0.000002 0.000000 7.557000 -4.826304 0.300494 -23.720499 -0.011318 3.284507 0.315536 -24.058294 0.537036 69.839688 3.555634 7.107675 -0.315539 -33.061481 0.084940 9.397453 1.916760 -2.730162 0.092043 -7.483335 10.511627 -4.330258 0.138644 -3.110459 0.082188 -0.046750 6.420120 0.000001 -0.000000 -0.000001 -7.557002 -4.826303 0.300500 -10.275368 -11.995137 9.175328 -0.315555 -24.058256 0.712171 16.862858 1.451457 -1.568164 0.315563 -33.061451 0.096904 -5.988795 -6.047298 -5.113834 -0.092060 -7.483405 10.296504 -3.691361 0.000000 -0.000001 -0.082209 -0.046778 6.411422 -0.000000 0.000000 0.000000 
0.219347 68.685059 110.724838 -0.285095 9.949105 -3.536945 -0.000001 3.962386 -0.274314 2.603319 -0.672811 2.332733 0.000001 14.122135 -0.320022 1.656092 -2.278673 0.845950 0.000000 11.399152 -0.365733 -2.923703 -2.285056 0.251910 0.000000 9.938174 -0.411431 -3.367573 -1.151239 -0.983951 -0.000000 8.579116 0.114201 -1.349393 -3.841517 0.310223 0.000000 25.089088 0.333908 -0.000000 0.000000 -0.000000 4.224101 8.888440 -0.424614 8.280039 -20.929231 3.137780 1.625316 4.497742 -76.980269 0.000011 -36.305099 0.000006 19.884209 -19.957143 5.430811 2.354134 -1.272457 1.802822 28.897513 8.894104 20.768607 1.999429 -1.154373 1.154374 -8.690638 18.041873 -12.337710 2.113314 -1.220119 1.220122 7.946593 -11.221933 1.406953 1.744290 -1.007034 1.007056 -0.000001 -0.000000 -0.000003 7.198479 -0.169237 1.742685 0.321249 3.500377 3.987061 2.844903 -0.000006 -0.000001 0.265683 2.465269 -16.816388 2.665505 -0.000019 0.000002 -0.020309 0.178482 -3.850820 2.297409 -0.000006 -0.000012 0.000000 0.000001 0.000000 6.876539 -0.000006 -0.000005 0.605069 7.624338 -16.487696 3.256827 0.000016 -0.000001 0.612746 3.443009 -27.102869 3.177892 -0.000010 -0.000002 0.271804 1.846630 -15.987009 2.695116 -0.000016 -0.000006 0.000000 0.000002 0.000003 6.623896 -0.059441 -1.696965 0.876768 8.006425 -34.399681 2.957999 -0.000007 0.000004 0.422035 2.000717 -17.172535 2.756902 0.000009 0.000002 0.298778 1.211759 -12.585002 2.334610 0.000011 0.000001 -0.000001 -0.000001 -0.000000 6.046968 -0.139187 -3.244340 3.587798 13.517598 -31.386116 2.623707 0.000009 0.000000 0.487203 2.680653 -29.100803 2.132117 0.000004 -0.000007 0.074785 1.530304 -6.724068 1.793219 0.000012 0.000000 -0.000003 -0.000001 0.000001 -4.224098 8.888414 -0.398196 -0.855008 5.246475 5.396786 22.093493 -2.727992 73.794723 -0.000020 32.516779 -0.000006 25.457271 8.380624 4.049675 -2.342537 -1.287619 1.805307 12.593951 -8.153694 -17.222421 -1.998870 -1.154047 1.154042 6.064830 -5.313234 -13.324095 -2.115646 -1.221473 1.221462 -13.753601 7.447206 9.069843 -1.745166 -1.007569 1.007566 -0.000001 -0.000011 -0.000001 -7.289624 -0.160562 1.788520 -0.934042 0.803122 10.773192 -2.816291 -0.000008 -0.000007 0.637324 -3.394051 26.746406 -2.639583 -0.000007 0.000007 -0.167847 -0.590567 17.433254 -2.241501 -0.000006 0.000014 0.000002 0.000002 0.000000 -7.060412 0.000008 0.000006 0.839964 -8.113515 23.112375 -3.340207 0.000003 0.000000 1.181246 -4.370036 38.023544 -3.056704 -0.000003 -0.000003 0.821945 -3.075371 31.081739 -2.639474 0.000000 -0.000009 -0.000001 0.000002 0.000000 -6.774590 0.049798 -1.636027 1.275984 -8.669401 41.005676 -2.923900 -0.000001 0.000013 0.713385 -2.594916 23.801116 -2.718001 -0.000011 0.000003 -0.130790 -0.209827 20.215118 -2.379610 0.000000 0.000009 -0.000000 -0.000001 0.000001 -6.148537 -0.175708 -3.130186 2.500283 -10.281923 45.253060 -2.627893 -0.000005 -0.000008 1.612578 -4.332255 49.089683 -2.122490 0.000017 -0.000005 -0.378858 -2.603567 43.266790 -1.792002 0.000002 0.000002 0.000001 -0.000002 -0.000001 7.556999 -4.826313 0.300478 -28.471184 -0.342211 1.304119 0.315534 -24.058294 0.537043 67.064323 2.618833 7.077238 -0.315537 -33.061478 0.084927 4.493386 0.182786 -0.860744 0.092046 -7.483318 10.511632 -5.994857 0.425113 -5.474219 0.082184 -0.046741 6.420124 -0.000001 -0.000000 0.000000 -7.557003 -4.826306 0.300484 -4.101856 -12.101552 9.621857 -0.315557 -24.058256 0.712181 12.317594 1.831905 -1.835713 0.315562 -33.061462 0.096916 -7.148552 -5.093193 -4.973681 -0.092060 -7.483411 10.296527 -2.773197 -0.000002 -0.000001 -0.082208 -0.046777 6.411405 -0.000000 -0.000000 -0.000000 
0.219347 68.685059 110.724838 -0.285095 9.949105 -3.536945 -0.000001 3.962386 -0.274314 2.603319 -0.672811 2.332733 0.000001 14.122135 -0.320022 1.656092 -2.278673 0.845950 0.000000 11.399152 -0.365733 -2.923703 -2.285056 0.251910 0.000000 9.938174 -0.411431 -3.367573 -1.151239 -0.983951 -0.000000 8.579116 0.114201 -1.349393 -3.841517 0.310223 0.000000 25.089088 0.333908 -0.000000 0.000000 -0.000000 4.224101 8.888440 -0.424614 8.280039 -20.929231 3.137780 1.625316 4.497742 -76.980269 0.000011 -36.305099 0.000006 19.884209 -19.957143 5.430811 2.354134 -1.272457 1.802822 28.897513 8.894104 20.768607 1.999429 -1.154373 1.154374 -8.690638 18.041873 -12.337710 2.113314 -1.220119 1.220122 7.946593 -11.221933 1.406953 1.744290 -1.007034 1.007056 -0.000001 -0.000000 -0.000003 7.198479 -0.169237 1.742685 0.321249 3.500377 3.987061 2.844903 -0.000006 -0.000001 0.265683 2.465269 -16.816388 2.665505 -0.000019 0.000002 -0.020309 0.178482 -3.850820 2.297409 -0.000006 -0.000012 0.000000 0.000001 0.000000 6.876539 -0.000006 -0.000005 0.605069 7.624338 -16.487696 3.256827 0.000016 -0.000001 0.612746 3.443009 -27.102869 3.177892 -0.000010 -0.000002 0.271804 1.846630 -15.987009 2.695116 -0.000016 -0.000006 0.000000 0.000002 0.000003 6.623896 -0.059441 -1.696965 0.876768 8.006425 -34.399681 2.957999 -0.000007 0.000004 0.422035 2.000717 -17.172535 2.756902 0.000009 0.000002 0.298778 1.211759 -12.585002 2.334610 0.000011 0.000001 -0.000001 -0.000001 -0.000000 6.046968 -0.139187 -3.244340 3.587798 13.517598 -31.386116 2.623707 0.000009 0.000000 0.487203 2.680653 -29.100803 2.132117 0.000004 -0.000007 0.074785 1.530304 -6.724068 1.793219 0.000012 0.000000 -0.000003 -0.000001 0.000001 -4.224098 8.888414 -0.398196 -0.855008 5.246475 5.396786 22.093493 -2.727992 73.794723 -0.000020 32.516779 -0.000006 25.457271 8.380624 4.049675 -2.342537 -1.287619 1.805307 12.593951 -8.153694 -17.222421 -1.998870 -1.154047 1.154042 6.064830 -5.313234 -13.324095 -2.115646 -1.221473 1.221462 -13.753601 7.447206 9.069843 -1.745166 -1.007569 1.007566 -0.000001 -0.000011 -0.000001 -7.289624 -0.160562 1.788520 -0.934042 0.803122 10.773192 -2.816291 -0.000008 -0.000007 0.637324 -3.394051 26.746406 -2.639583 -0.000007 0.000007 -0.167847 -0.590567 17.433254 -2.241501 -0.000006 0.000014 0.000002 0.000002 0.000000 -7.060412 0.000008 0.000006 0.839964 -8.113515 23.112375 -3.340207 0.000003 0.000000 1.181246 -4.370036 38.023544 -3.056704 -0.000003 -0.000003 0.821945 -3.075371 31.081739 -2.639474 0.000000 -0.000009 -0.000001 0.000002 0.000000 -6.774590 0.049798 -1.636027 1.275984 -8.669401 41.005676 -2.923900 -0.000001 0.000013 0.713385 -2.594916 23.801116 -2.718001 -0.000011 0.000003 -0.130790 -0.209827 20.215118 -2.379610 0.000000 0.000009 -0.000000 -0.000001 0.000001 -6.148537 -0.175708 -3.130186 2.500283 -10.281923 45.253060 -2.627893 -0.000005 -0.000008 1.612578 -4.332255 49.089683 -2.122490 0.000017 -0.000005 -0.378858 -2.603567 43.266790 -1.792002 0.000002 0.000002 0.000001 -0.000002 -0.000001 7.556999 -4.826313 0.300478 -28.471184 -0.342211 1.304119 0.315534 -24.058294 0.537043 67.064323 2.618833 7.077238 -0.315537 -33.061478 0.084927 4.493386 0.182786 -0.860744 0.092046 -7.483318 10.511632 -5.994857 0.425113 -5.474219 0.082184 -0.046741 6.420124 -0.000001 -0.000000 0.000000 -7.557003 -4.826306 0.300484 -4.101856 -12.101552 9.621857 -0.315557 -24.058256 0.712181 12.317594 1.831905 -1.835713 0.315562 -33.061462 0.096916 -7.148552 -5.093193 -4.973681 -0.092060 -7.483411 10.296527 -2.773197 -0.000002 -0.000001 -0.082208 -0.046777 6.411405 -0.000000 -0.000000 -0.000000 
0.219347 68.685059 110.724838 -0.285095 9.949105 -3.536945 -0.000001 3.962386 -0.274314 2.603319 -0.672811 2.332733 0.000001 14.122135 -0.320022 1.656092 -2.278673 0.845950 0.000000 11.399152 -0.365733 -2.923703 -2.285056 0.251910 0.000000 9.938174 -0.411431 -3.367573 -1.151239 -0.983951 -0.000000 8.579116 0.114201 -1.349393 -3.841517 0.310223 0.000000 25.089088 0.333908 -0.000000 0.000000 -0.000000 4.224101 8.888440 -0.424614 8.280039 -20.929231 3.137780 1.625316 4.497742 -76.980269 0.000011 -36.305099 0.000006 19.884209 -19.957143 5.430811 2.354134 -1.272457 1.802822 28.897513 8.894104 20.768607 1.999429 -1.154373 1.154374 -8.690638 18.041873 -12.337710 2.113314 -1.220119 1.220122 7.946593 -11.221933 1.406953 1.744290 -1.007034 1.007056 -0.000001 -0.000000 -0.000003 7.198479 -0.169237 1.742685 0.321249 3.500377 3.987061 2.844903 -0.000006 -0.000001 0.265683 2.465269 -16.816388 2.665505 -0.000019 0.000002 -0.020309 0.178482 -3.850820 2.297409 -0.000006 -0.000012 0.000000 0.000001 0.000000 6.876539 -0.000006 -0.000005 0.605069 7.624338 -16.487696 3.256827 0.000016 -0.000001 0.612746 3.443009 -27.102869 3.177892 -0.000010 -0.000002 0.271804 1.846630 -15.987009 2.695116 -0.000016 -0.000006 0.000000 0.000002 0.000003 6.623896 -0.059441 -1.696965 0.876768 8.006425 -34.399681 2.957999 -0.000007 0.000004 0.422035 2.000717 -17.172535 2.756902 0.000009 0.000002 0.298778 1.211759 -12.585002 2.334610 0.000011 0.000001 -0.000001 -0.000001 -0.000000 6.046968 -0.139187 -3.244340 3.587798 13.517598 -31.386116 2.623707 0.000009 0.000000 0.487203 2.680653 -29.100803 2.132117 0.000004 -0.000007 0.074785 1.530304 -6.724068 1.793219 0.000012 0.000000 -0.000003 -0.000001 0.000001 -4.224098 8.888414 -0.398196 -0.855008 5.246475 5.396786 22.093493 -2.727992 73.794723 -0.000020 32.516779 -0.000006 25.457271 8.380624 4.049675 -2.342537 -1.287619 1.805307 12.593951 -8.153694 -17.222421 -1.998870 -1.154047 1.154042 6.064830 -5.313234 -13.324095 -2.115646 -1.221473 1.221462 -13.753601 7.447206 9.069843 -1.745166 -1.007569 1.007566 -0.000001 -0.000011 -0.000001 -7.289624 -0.160562 1.788520 -0.934042 0.803122 10.773192 -2.816291 -0.000008 -0.000007 0.637324 -3.394051 26.746406 -2.639583 -0.000007 0.000007 -0.167847 -0.590567 17.433254 -2.241501 -0.000006 0.000014 0.000002 0.000002 0.000000 -7.060412 0.000008 0.000006 0.839964 -8.113515 23.112375 -3.340207 0.000003 0.000000 1.181246 -4.370036 38.023544 -3.056704 -0.000003 -0.000003 0.821945 -3.075371 31.081739 -2.639474 0.000000 -0.000009 -0.000001 0.000002 0.000000 -6.774590 0.049798 -1.636027 1.275984 -8.669401 41.005676 -2.923900 -0.000001 0.000013 0.713385 -2.594916 23.801116 -2.718001 -0.000011 0.000003 -0.130790 -0.209827 20.215118 -2.379610 0.000000 0.000009 -0.000000 -0.000001 0.000001 -6.148537 -0.175708 -3.130186 2.500283 -10.281923 45.253060 -2.627893 -0.000005 -0.000008 1.612578 -4.332255 49.089683 -2.122490 0.000017 -0.000005 -0.378858 -2.603567 43.266790 -1.792002 0.000002 0.000002 0.000001 -0.000002 -0.000001 7.556999 -4.826313 0.300478 -28.471184 -0.342211 1.304119 0.315534 -24.058294 0.537043 67.064323 2.618833 7.077238 -0.315537 -33.061478 0.084927 4.493386 0.182786 -0.860744 0.092046 -7.483318 10.511632 -5.994857 0.425113 -5.474219 0.082184 -0.046741 6.420124 -0.000001 -0.000000 0.000000 -7.557003 -4.826306 0.300484 -4.101856 -12.101552 9.621857 -0.315557 -24.058256 0.712181 12.317594 1.831905 -1.835713 0.315562 -33.061462 0.096916 -7.148552 -5.093193 -4.973681 -0.092060 -7.483411 10.296527 -2.773197 -0.000002 -0.000001 -0.082208 -0.046777 6.411405 -0.000000 -0.000000 -0.000000 
0.219347 68.685059 110.724838 -0.285095 9.949105 -3.536945 -0.000001 3.962386 -0.274314 2.603319 -0.672811 2.332733 0.000001 14.122135 -0.320022 1.656092 -2.278673 0.845950 0.000000 11.399152 -0.365733 -2.923703 -2.285056 0.251910 0.000000 9.938174 -0.411431 -3.367573 -1.151239 -0.983951 -0.000000 8.579116 0.114201 -1.349393 -3.841517 0.310223 0.000000 25.089088 0.333908 -0.000000 0.000000 -0.000000 4.224101 8.888440 -0.424614 8.280039 -20.929231 3.137780 1.625316 4.497742 -76.980269 0.000011 -36.305099 0.000006 19.884209 -19.957143 5.430811 2.354134 -1.272457 1.802822 28.897513 8.894104 20.768607 1.999429 -1.154373 1.154374 -8.690638 18.041873 -12.337710 2.113314 -1.220119 1.220122 7.946593 -11.221933 1.406953 1.744290 -1.007034 1.007056 -0.000001 -0.000000 -0.000003 7.198479 -0.169237 1.742685 0.321249 3.500377 3.987061 2.844903 -0.000006 -0.000001 0.265683 2.465269 -16.816388 2.665505 -0.000019 0.000002 -0.020309 0.178482 -3.850820 2.297409 -0.000006 -0.000012 0.000000 0.000001 0.000000 6.876539 -0.000006 -0.000005 0.605069 7.624338 -16.487696 3.256827 0.000016 -0.000001 0.612746 3.443009 -27.102869 3.177892 -0.000010 -0.000002 0.271804 1.846630 -15.987009 2.695116 -0.000016 -0.000006 0.000000 0.000002 0.000003 6.623896 -0.059441 -1.696965 0.876768 8.006425 -34.399681 2.957999 -0.000007 0.000004 0.422035 2.000717 -17.172535 2.756902 0.000009 0.000002 0.298778 1.211759 -12.585002 2.334610 0.000011 0.000001 -0.000001 -0.000001 -0.000000 6.046968 -0.139187 -3.244340 3.587798 13.517598 -31.386116 2.623707 0.000009 0.000000 0.487203 2.680653 -29.100803 2.132117 0.000004 -0.000007 0.074785 1.530304 -6.724068 1.793219 0.000012 0.000000 -0.000003 -0.000001 0.000001 -4.224098 8.888414 -0.398196 -0.855008 5.246475 5.396786 22.093493 -2.727992 73.794723 -0.000020 32.516779 -0.000006 25.457271 8.380624 4.049675 -2.342537 -1.287619 1.805307 12.593951 -8.153694 -17.222421 -1.998870 -1.154047 1.154042 6.064830 -5.313234 -13.324095 -2.115646 -1.221473 1.221462 -13.753601 7.447206 9.069843 -1.745166 -1.007569 1.007566 -0.000001 -0.000011 -0.000001 -7.289624 -0.160562 1.788520 -0.934042 0.803122 10.773192 -2.816291 -0.000008 -0.000007 0.637324 -3.394051 26.746406 -2.639583 -0.000007 0.000007 -0.167847 -0.590567 17.433254 -2.241501 -0.000006 0.000014 0.000002 0.000002 0.000000 -7.060412 0.000008 0.000006 0.839964 -8.113515 23.112375 -3.340207 0.000003 0.000000 1.181246 -4.370036 38.023544 -3.056704 -0.000003 -0.000003 0.821945 -3.075371 31.081739 -2.639474 0.000000 -0.000009 -0.000001 0.000002 0.000000 -6.774590 0.049798 -1.636027 1.275984 -8.669401 41.005676 -2.923900 -0.000001 0.000013 0.713385 -2.594916 23.801116 -2.718001 -0.000011 0.000003 -0.130790 -0.209827 20.215118 -2.379610 0.000000 0.000009 -0.000000 -0.000001 0.000001 -6.148537 -0.175708 -3.130186 2.500283 -10.281923 45.253060 -2.627893 -0.000005 -0.000008 1.612578 -4.332255 49.089683 -2.122490 0.000017 -0.000005 -0.378858 -2.603567 43.266790 -1.792002 0.000002 0.000002 0.000001 -0.000002 -0.000001 7.556999 -4.826313 0.300478 -28.471184 -0.342211 1.304119 0.315534 -24.058294 0.537043 67.064323 2.618833 7.077238 -0.315537 -33.061478 0.084927 4.493386 0.182786 -0.860744 0.092046 -7.483318 10.511632 -5.994857 0.425113 -5.474219 0.082184 -0.046741 6.420124 -0.000001 -0.000000 0.000000 -7.557003 -4.826306 0.300484 -4.101856 -12.101552 9.621857 -0.315557 -24.058256 0.712181 12.317594 1.831905 -1.835713 0.315562 -33.061462 0.096916 -7.148552 -5.093193 -4.973681 -0.092060 -7.483411 10.296527 -2.773197 -0.000002 -0.000001 -0.082208 -0.046777 6.411405 -0.000000 -0.000000 -0.000000 
0.219347 68.685059 110.724838 -0.285095 9.949105 -3.536945 -0.000001 3.962386 -0.274314 2.603319 -0.672811 2.332733 0.000001 14.122135 -0.320022 1.656092 -2.278673 0.845950 0.000000 11.399152 -0.365733 -2.923703 -2.285056 0.251910 0.000000 9.938174 -0.411431 -3.367573 -1.151239 -0.983951 -0.000000 8.579116 0.114201 -1.349393 -3.841517 0.310223 0.000000 25.089088 0.333908 -0.000000 0.000000 -0.000000 4.224101 8.888440 -0.424614 8.280039 -20.929231 3.137780 1.625316 4.497742 -76.980269 0.000011 -36.305099 0.000006 19.884209 -19.957143 5.430811 2.354134 -1.272457 1.802822 28.897513 8.894104 20.768607 1.999429 -1.154373 1.154374 -8.690638 18.041873 -12.337710 2.113314 -1.220119 1.220122 7.946593 -11.221933 1.406953 1.744290 -1.007034 1.007056 -0.000001 -0.000000 -0.000003 7.198479 -0.169237 1.742685 0.321249 3.500377 3.987061 2.844903 -0.000006 -0.000001 0.265683 2.465269 -16.816388 2.665505 -0.000019 0.000002 -0.020309 0.178482 -3.850820 2.297409 -0.000006 -0.000012 0.000000 0.000001 0.000000 6.876539 -0.000006 -0.000005 0.605069 7.624338 -16.487696 3.256827 0.000016 -0.000001 0.612746 3.443009 -27.102869 3.177892 -0.000010 -0.000002 0.271804 1.846630 -15.987009 2.695116 -0.000016 -0.000006 0.000000 0.000002 0.000003 6.623896 -0.059441 -1.696965 0.876768 8.006425 -34.399681 2.957999 -0.000007 0.000004 0.422035 2.000717 -17.172535 2.756902 0.000009 0.000002 0.298778 1.211759 -12.585002 2.334610 0.000011 0.000001 -0.000001 -0.000001 -0.000000 6.046968 -0.139187 -3.244340 3.587798 13.517598 -31.386116 2.623707 0.000009 0.000000 0.487203 2.680653 -29.100803 2.132117 0.000004 -0.000007 0.074785 1.530304 -6.724068 1.793219 0.000012 0.000000 -0.000003 -0.000001 0.000001 -4.224098 8.888414 -0.398196 -0.855008 5.246475 5.396786 22.093493 -2.727992 73.794723 -0.000020 32.516779 -0.000006 25.457271 8.380624 4.049675 -2.342537 -1.287619 1.805307 12.593951 -8.153694 -17.222421 -1.998870 -1.154047 1.154042 6.064830 -5.313234 -13.324095 -2.115646 -1.221473 1.221462 -13.753601 7.447206 9.069843 -1.745166 -1.007569 1.007566 -0.000001 -0.000011 -0.000001 -7.289624 -0.160562 1.788520 -0.934042 0.803122 10.773192 -2.816291 -0.000008 -0.000007 0.637324 -3.394051 26.746406 -2.639583 -0.000007 0.000007 -0.167847 -0.590567 17.433254 -2.241501 -0.000006 0.000014 0.000002 0.000002 0.000000 -7.060412 0.000008 0.000006 0.839964 -8.113515 23.112375 -3.340207 0.000003 0.000000 1.181246 -4.370036 38.023544 -3.056704 -0.000003 -0.000003 0.821945 -3.075371 31.081739 -2.639474 0.000000 -0.000009 -0.000001 0.000002 0.000000 -6.774590 0.049798 -1.636027 1.275984 -8.669401 41.005676 -2.923900 -0.000001 0.000013 0.713385 -2.594916 23.801116 -2.718001 -0.000011 0.000003 -0.130790 -0.209827 20.215118 -2.379610 0.000000 0.000009 -0.000000 -0.000001 0.000001 -6.148537 -0.175708 -3.130186 2.500283 -10.281923 45.253060 -2.627893 -0.000005 -0.000008 1.612578 -4.332255 49.089683 -2.122490 0.000017 -0.000005 -0.378858 -2.603567 43.266790 -1.792002 0.000002 0.000002 0.000001 -0.000002 -0.000001 7.556999 -4.826313 0.300478 -28.471184 -0.342211 1.304119 0.315534 -24.058294 0.537043 67.064323 2.618833 7.077238 -0.315537 -33.061478 0.084927 4.493386 0.182786 -0.860744 0.092046 -7.483318 10.511632 -5.994857 0.425113 -5.474219 0.082184 -0.046741 6.420124 -0.000001 -0.000000 0.000000 -7.557003 -4.826306 0.300484 -4.101856 -12.101552 9.621857 -0.315557 -24.058256 0.712181 12.317594 1.831905 -1.835713 0.315562 -33.061462 0.096916 -7.148552 -5.093193 -4.973681 -0.092060 -7.483411 10.296527 -2.773197 -0.000002 -0.000001 -0.082208 -0.046777 6.411405 -0.000000 -0.000000 -0.000000 
0.219347 68.685059 110.724838 -0.285095 9.949105 -3.536945 -0.000001 3.962386 -0.274314 2.603319 -0.672811 2.332733 0.000001 14.122135 -0.320022 1.656092 -2.278673 0.845950 0.000000 11.399152 -0.365733 -2.923703 -2.285056 0.251910 0.000000 9.938174 -0.411431 -3.367573 -1.151239 -0.983951 -0.000000 8.579116 0.114201 -1.349393 -3.841517 0.310223 0.000000 25.089088 0.333908 -0.000000 0.000000 -0.000000 4.224101 8.888440 -0.424614 8.280039 -20.929231 3.137780 1.625316 4.497742 -76.980269 0.000011 -36.305099 0.000006 19.884209 -19.957143 5.430811 2.354134 -1.272457 1.802822 28.897513 8.894104 20.768607 1.999429 -1.154373 1.154374 -8.690638 18.041873 -12.337710 2.113314 -1.220119 1.220122 7.946593 -11.221933 1.406953 1.744290 -1.007034 1.007056 -0.000001 -0.000000 -0.000003 7.198479 -0.169237 1.742685 0.321249 3.500377 3.987061 2.844903 -0.000006 -0.000001 0.265683 2.465269 -16.816388 2.665505 -0.000019 0.000002 -0.020309 0.178482 -3.850820 2.297409 -0.000006 -0.000012 0.000000 0.000001 0.000000 6.876539 -0.000006 -0.000005 0.605069 7.624338 -16.487696 3.256827 0.000016 -0.000001 0.612746 3.443009 -27.102869 3.177892 -0.000010 -0.000002 0.271804 1.846630 -15.987009 2.695116 -0.000016 -0.000006 0.000000 0.000002 0.000003 6.623896 -0.059441 -1.696965 0.876768 8.006425 -34.399681 2.957999 -0.000007 0.000004 0.422035 2.000717 -17.172535 2.756902 0.000009 0.000002 0.298778 1.211759 -12.585002 2.334610 0.000011 0.000001 -0.000001 -0.000001 -0.000000 6.046968 -0.139187 -3.244340 3.587798 13.517598 -31.386116 2.623707 0.000009 0.000000 0.487203 2.680653 -29.100803 2.132117 0.000004 -0.000007 0.074785 1.530304 -6.724068 1.793219 0.000012 0.000000 -0.000003 -0.000001 0.000001 -4.224098 8.888414 -0.398196 -0.855008 5.246475 5.396786 22.093493 -2.727992 73.794723 -0.000020 32.516779 -0.000006 25.457271 8.380624 4.049675 -2.342537 -1.287619 1.805307 12.593951 -8.153694 -17.222421 -1.998870 -1.154047 1.154042 6.064830 -5.313234 -13.324095 -2.115646 -1.221473 1.221462 -13.753601 7.447206 9.069843 -1.745166 -1.007569 1.007566 -0.000001 -0.000011 -0.000001 -7.289624 -0.160562 1.788520 -0.934042 0.803122 10.773192 -2.816291 -0.000008 -0.000007 0.637324 -3.394051 26.746406 -2.639583 -0.000007 0.000007 -0.167847 -0.590567 17.433254 -2.241501 -0.000006 0.000014 0.000002 0.000002 0.000000 -7.060412 0.000008 0.000006 0.839964 -8.113515 23.112375 -3.340207 0.000003 0.000000 1.181246 -4.370036 38.023544 -3.056704 -0.000003 -0.000003 0.821945 -3.075371 31.081739 -2.639474 0.000000 -0.000009 -0.000001 0.000002 0.000000 -6.774590 0.049798 -1.636027 1.275984 -8.669401 41.005676 -2.923900 -0.000001 0.000013 0.713385 -2.594916 23.801116 -2.718001 -0.000011 0.000003 -0.130790 -0.209827 20.215118 -2.379610 0.000000 0.000009 -0.000000 -0.000001 0.000001 -6.148537 -0.175708 -3.130186 2.500283 -10.281923 45.253060 -2.627893 -0.000005 -0.000008 1.612578 -4.332255 49.089683 -2.122490 0.000017 -0.000005 -0.378858 -2.603567 43.266790 -1.792002 0.000002 0.000002 0.000001 -0.000002 -0.000001 7.556999 -4.826313 0.300478 -28.471184 -0.342211 1.304119 0.315534 -24.058294 0.537043 67.064323 2.618833 7.077238 -0.315537 -33.061478 0.084927 4.493386 0.182786 -0.860744 0.092046 -7.483318 10.511632 -5.994857 0.425113 -5.474219 0.082184 -0.046741 6.420124 -0.000001 -0.000000 0.000000 -7.557003 -4.826306 0.300484 -4.101856 -12.101552 9.621857 -0.315557 -24.058256 0.712181 12.317594 1.831905 -1.835713 0.315562 -33.061462 0.096916 -7.148552 -5.093193 -4.973681 -0.092060 -7.483411 10.296527 -2.773197 -0.000002 -0.000001 -0.082208 -0.046777 6.411405 -0.000000 -0.000000 -0.000000 
0.219347 68.685059 110.724838 -0.285095 9.949105 -3.536945 -0.000001 3.962386 -0.274314 2.603319 -0.672811 2.332733 0.000001 14.122135 -0.320022 1.656092 -2.278673 0.845950 0.000000 11.399152 -0.365733 -2.923703 -2.285056 0.251910 0.000000 9.938174 -0.411431 -3.367573 -1.151239 -0.983951 -0.000000 8.579116 0.114201 -1.349393 -3.841517 0.310223 0.000000 25.089088 0.333908 -0.000000 0.000000 -0.000000 4.224101 8.888440 -0.424614 8.280039 -20.929231 3.137780 1.625316 4.497742 -76.980269 0.000011 -36.305099 0.000006 19.884209 -19.957143 5.430811 2.354134 -1.272457 1.802822 28.897513 8.894104 20.768607 1.999429 -1.154373 1.154374 -8.690638 18.041873 -12.337710 2.113314 -1.220119 1.220122 7.946593 -11.221933 1.406953 1.744290 -1.007034 1.007056 -0.000001 -0.000000 -0.000003 7.198479 -0.169237 1.742685 0.321249 3.500377 3.987061 2.844903 -0.000006 -0.000001 0.265683 2.465269 -16.816388 2.665505 -0.000019 0.000002 -0.020309 0.178482 -3.850820 2.297409 -0.000006 -0.000012 0.000000 0.000001 0.000000 6.876539 -0.000006 -0.000005 0.605069 7.624338 -16.487696 3.256827 0.000016 -0.000001 0.612746 3.443009 -27.102869 3.177892 -0.000010 -0.000002 0.271804 1.846630 -15.987009 2.695116 -0.000016 -0.000006 0.000000 0.000002 0.000003 6.623896 -0.059441 -1.696965 0.876768 8.006425 -34.399681 2.957999 -0.000007 0.000004 0.422035 2.000717 -17.172535 2.756902 0.000009 0.000002 0.298778 1.211759 -12.585002 2.334610 0.000011 0.000001 -0.000001 -0.000001 -0.000000 6.046968 -0.139187 -3.244340 3.587798 13.517598 -31.386116 2.623707 0.000009 0.000000 0.487203 2.680653 -29.100803 2.132117 0.000004 -0.000007 0.074785 1.530304 -6.724068 1.793219 0.000012 0.000000 -0.000003 -0.000001 0.000001 -4.224098 8.888414 -0.398196 -0.855008 5.246475 5.396786 22.093493 -2.727992 73.794723 -0.000020 32.516779 -0.000006 25.457271 8.380624 4.049675 -2.342537 -1.287619 1.805307 12.593951 -8.153694 -17.222421 -1.998870 -1.154047 1.154042 6.064830 -5.313234 -13.324095 -2.115646 -1.221473 1.221462 -13.753601 7.447206 9.069843 -1.745166 -1.007569 1.007566 -0.000001 -0.000011 -0.000001 -7.289624 -0.160562 1.788520 -0.934042 0.803122 10.773192 -2.816291 -0.000008 -0.000007 0.637324 -3.394051 26.746406 -2.639583 -0.000007 0.000007 -0.167847 -0.590567 17.433254 -2.241501 -0.000006 0.000014 0.000002 0.000002 0.000000 -7.060412 0.000008 0.000006 0.839964 -8.113515 23.112375 -3.340207 0.000003 0.000000 1.181246 -4.370036 38.023544 -3.056704 -0.000003 -0.000003 0.821945 -3.075371 31.081739 -2.639474 0.000000 -0.000009 -0.000001 0.000002 0.000000 -6.774590 0.049798 -1.636027 1.275984 -8.669401 41.005676 -2.923900 -0.000001 0.000013 0.713385 -2.594916 23.801116 -2.718001 -0.000011 0.000003 -0.130790 -0.209827 20.215118 -2.379610 0.000000 0.000009 -0.000000 -0.000001 0.000001 -6.148537 -0.175708 -3.130186 2.500283 -10.281923 45.253060 -2.627893 -0.000005 -0.000008 1.612578 -4.332255 49.089683 -2.122490 0.000017 -0.000005 -0.378858 -2.603567 43.266790 -1.792002 0.000002 0.000002 0.000001 -0.000002 -0.000001 7.556999 -4.826313 0.300478 -28.471184 -0.342211 1.304119 0.315534 -24.058294 0.537043 67.064323 2.618833 7.077238 -0.315537 -33.061478 0.084927 4.493386 0.182786 -0.860744 0.092046 -7.483318 10.511632 -5.994857 0.425113 -5.474219 0.082184 -0.046741 6.420124 -0.000001 -0.000000 0.000000 -7.557003 -4.826306 0.300484 -4.101856 -12.101552 9.621857 -0.315557 -24.058256 0.712181 12.317594 1.831905 -1.835713 0.315562 -33.061462 0.096916 -7.148552 -5.093193 -4.973681 -0.092060 -7.483411 10.296527 -2.773197 -0.000002 -0.000001 -0.082208 -0.046777 6.411405 -0.000000 -0.000000 -0.000000 
0.219347 68.685059 110.724838 -0.285095 9.949105 -3.536945 -0.000001 3.962386 -0.274314 2.603319 -0.672811 2.332733 0.000001 14.122135 -0.320022 1.656092 -2.278673 0.845950 0.000000 11.399152 -0.365733 -2.923703 -2.285056 0.251910 0.000000 9.938174 -0.411431 -3.367573 -1.151239 -0.983951 -0.000000 8.579116 0.114201 -1.349393 -3.841517 0.310223 0.000000 25.089088 0.333908 -0.000000 0.000000 -0.000000 4.224101 8.888440 -0.424614 8.280039 -20.929231 3.137780 1.625316 4.497742 -76.980269 0.000011 -36.305099 0.000006 19.884209 -19.957143 5.430811 2.354134 -1.272457 1.802822 28.897513 8.894104 20.768607 1.999429 -1.154373 1.154374 -8.690638 18.041873 -12.337710 2.113314 -1.220119 1.220122 7.946593 -11.221933 1.406953 1.744290 -1.007034 1.007056 -0.000001 -0.000000 -0.000003 7.198479 -0.169237 1.742685 0.321249 3.500377 3.987061 2.844903 -0.000006 -0.000001 0.265683 2.465269 -16.816388 2.665505 -0.000019 0.000002 -0.020309 0.178482 -3.850820 2.297409 -0.000006 -0.000012 0.000000 0.000001 0.000000 6.876539 -0.000006 -0.000005 0.605069 7.624338 -16.487696 3.256827 0.000016 -0.000001 0.612746 3.443009 -27.102869 3.177892 -0.000010 -0.000002 0.271804 1.846630 -15.987009 2.695116 -0.000016 -0.000006 0.000000 0.000002 0.000003 6.623896 -0.059441 -1.696965 0.876768 8.006425 -34.399681 2.957999 -0.000007 0.000004 0.422035 2.000717 -17.172535 2.756902 0.000009 0.000002 0.298778 1.211759 -12.585002 2.334610 0.000011 0.000001 -0.000001 -0.000001 -0.000000 6.046968 -0.139187 -3.244340 3.587798 13.517598 -31.386116 2.623707 0.000009 0.000000 0.487203 2.680653 -29.100803 2.132117 0.000004 -0.000007 0.074785 1.530304 -6.724068 1.793219 0.000012 0.000000 -0.000003 -0.000001 0.000001 -4.224098 8.888414 -0.398196 -0.855008 5.246475 5.396786 22.093493 -2.727992 73.794723 -0.000020 32.516779 -0.000006 25.457271 8.380624 4.049675 -2.342537 -1.287619 1.805307 12.593951 -8.153694 -17.222421 -1.998870 -1.154047 1.154042 6.064830 -5.313234 -13.324095 -2.115646 -1.221473 1.221462 -13.753601 7.447206 9.069843 -1.745166 -1.007569 1.007566 -0.000001 -0.000011 -0.000001 -7.289624 -0.160562 1.788520 -0.934042 0.803122 10.773192 -2.816291 -0.000008 -0.000007 0.637324 -3.394051 26.746406 -2.639583 -0.000007 0.000007 -0.167847 -0.590567 17.433254 -2.241501 -0.000006 0.000014 0.000002 0.000002 0.000000 -7.060412 0.000008 0.000006 0.839964 -8.113515 23.112375 -3.340207 0.000003 0.000000 1.181246 -4.370036 38.023544 -3.056704 -0.000003 -0.000003 0.821945 -3.075371 31.081739 -2.639474 0.000000 -0.000009 -0.000001 0.000002 0.000000 -6.774590 0.049798 -1.636027 1.275984 -8.669401 41.005676 -2.923900 -0.000001 0.000013 0.713385 -2.594916 23.801116 -2.718001 -0.000011 0.000003 -0.130790 -0.209827 20.215118 -2.379610 0.000000 0.000009 -0.000000 -0.000001 0.000001 -6.148537 -0.175708 -3.130186 2.500283 -10.281923 45.253060 -2.627893 -0.000005 -0.000008 1.612578 -4.332255 49.089683 -2.122490 0.000017 -0.000005 -0.378858 -2.603567 43.266790 -1.792002 0.000002 0.000002 0.000001 -0.000002 -0.000001 7.556999 -4.826313 0.300478 -28.471184 -0.342211 1.304119 0.315534 -24.058294 0.537043 67.064323 2.618833 7.077238 -0.315537 -33.061478 0.084927 4.493386 0.182786 -0.860744 0.092046 -7.483318 10.511632 -5.994857 0.425113 -5.474219 0.082184 -0.046741 6.420124 -0.000001 -0.000000 0.000000 -7.557003 -4.826306 0.300484 -4.101856 -12.101552 9.621857 -0.315557 -24.058256 0.712181 12.317594 1.831905 -1.835713 0.315562 -33.061462 0.096916 -7.148552 -5.093193 -4.973681 -0.092060 -7.483411 10.296527 -2.773197 -0.000002 -0.000001 -0.082208 -0.046777 6.411405 -0.000000 -0.000000 -0.000000 
0.219347 68.685059 110.724838 -0.285095 9.949105 -3.536945 -0.000001 3.962386 -0.274314 2.603319 -0.672811 2.332733 0.000001 14.122135 -0.320022 1.656092 -2.278673 0.845950 0.000000 11.399152 -0.365733 -2.923703 -2.285056 0.251910 0.000000 9.938174 -0.411431 -3.367573 -1.151239 -0.983951 -0.000000 8.579116 0.114201 -1.349393 -3.841517 0.310223 0.000000 25.089088 0.333908 -0.000000 0.000000 -0.000000 4.224101 8.888440 -0.424614 8.280039 -20.929231 3.137780 1.625316 4.497742 -76.980269 0.000011 -36.305099 0.000006 19.884209 -19.957143 5.430811 2.354134 -1.272457 1.802822 28.897513 8.894104 20.768607 1.999429 -1.154373 1.154374 -8.690638 18.041873 -12.337710 2.113314 -1.220119 1.220122 7.946593 -11.221933 1.406953 1.744290 -1.007034 1.007056 -0.000001 -0.000000 -0.000003 7.198479 -0.169237 1.742685 0.321249 3.500377 3.987061 2.844903 -0.000006 -0.000001 0.265683 2.465269 -16.816388 2.665505 -0.000019 0.000002 -0.020309 0.178482 -3.850820 2.297409 -0.000006 -0.000012 0.000000 0.000001 0.000000 6.876539 -0.000006 -0.000005 0.605069 7.624338 -16.487696 3.256827 0.000016 -0.000001 0.612746 3.443009 -27.102869 3.177892 -0.000010 -0.000002 0.271804 1.846630 -15.987009 2.695116 -0.000016 -0.000006 0.000000 0.000002 0.000003 6.623896 -0.059441 -1.696965 0.876768 8.006425 -34.399681 2.957999 -0.000007 0.000004 0.422035 2.000717 -17.172535 2.756902 0.000009 0.000002 0.298778 1.211759 -12.585002 2.334610 0.000011 0.000001 -0.000001 -0.000001 -0.000000 6.046968 -0.139187 -3.244340 3.587798 13.517598 -31.386116 2.623707 0.000009 0.000000 0.487203 2.680653 -29.100803 2.132117 0.000004 -0.000007 0.074785 1.530304 -6.724068 1.793219 0.000012 0.000000 -0.000003 -0.000001 0.000001 -4.224098 8.888414 -0.398196 -0.855008 5.246475 5.396786 22.093493 -2.727992 73.794723 -0.000020 32.516779 -0.000006 25.457271 8.380624 4.049675 -2.342537 -1.287619 1.805307 12.593951 -8.153694 -17.222421 -1.998870 -1.154047 1.154042 6.064830 -5.313234 -13.324095 -2.115646 -1.221473 1.221462 -13.753601 7.447206 9.069843 -1.745166 -1.007569 1.007566 -0.000001 -0.000011 -0.000001 -7.289624 -0.160562 1.788520 -0.934042 0.803122 10.773192 -2.816291 -0.000008 -0.000007 0.637324 -3.394051 26.746406 -2.639583 -0.000007 0.000007 -0.167847 -0.590567 17.433254 -2.241501 -0.000006 0.000014 0.000002 0.000002 0.000000 -7.060412 0.000008 0.000006 0.839964 -8.113515 23.112375 -3.340207 0.000003 0.000000 1.181246 -4.370036 38.023544 -3.056704 -0.000003 -0.000003 0.821945 -3.075371 31.081739 -2.639474 0.000000 -0.000009 -0.000001 0.000002 0.000000 -6.774590 0.049798 -1.636027 1.275984 -8.669401 41.005676 -2.923900 -0.000001 0.000013 0.713385 -2.594916 23.801116 -2.718001 -0.000011 0.000003 -0.130790 -0.209827 20.215118 -2.379610 0.000000 0.000009 -0.000000 -0.000001 0.000001 -6.148537 -0.175708 -3.130186 2.500283 -10.281923 45.253060 -2.627893 -0.000005 -0.000008 1.612578 -4.332255 49.089683 -2.122490 0.000017 -0.000005 -0.378858 -2.603567 43.266790 -1.792002 0.000002 0.000002 0.000001 -0.000002 -0.000001 7.556999 -4.826313 0.300478 -28.471184 -0.342211 1.304119 0.315534 -24.058294 0.537043 67.064323 2.618833 7.077238 -0.315537 -33.061478 0.084927 4.493386 0.182786 -0.860744 0.092046 -7.483318 10.511632 -5.994857 0.425113 -5.474219 0.082184 -0.046741 6.420124 -0.000001 -0.000000 0.000000 -7.557003 -4.826306 0.300484 -4.101856 -12.101552 9.621857 -0.315557 -24.058256 0.712181 12.317594 1.831905 -1.835713 0.315562 -33.061462 0.096916 -7.148552 -5.093193 -4.973681 -0.092060 -7.483411 10.296527 -2.773197 -0.000002 -0.000001 -0.082208 -0.046777 6.411405 -0.000000 -0.000000 -0.000000 
0.219347 68.685059 110.724838 -0.285095 9.949105 -3.536945 -0.000001 3.962386 -0.274314 2.603319 -0.672811 2.332733 0.000001 14.122135 -0.320022 1.656092 -2.278673 0.845950 0.000000 11.399152 -0.365733 -2.923703 -2.285056 0.251910 0.000000 9.938174 -0.411431 -3.367573 -1.151239 -0.983951 -0.000000 8.579116 0.114201 -1.349393 -3.841517 0.310223 0.000000 25.089088 0.333908 -0.000000 0.000000 -0.000000 4.224101 8.888440 -0.424614 8.280039 -20.929231 3.137780 1.625316 4.497742 -76.980269 0.000011 -36.305099 0.000006 19.884209 -19.957143 5.430811 2.354134 -1.272457 1.802822 28.897513 8.894104 20.768607 1.999429 -1.154373 1.154374 -8.690638 18.041873 -12.337710 2.113314 -1.220119 1.220122 7.946593 -11.221933 1.406953 1.744290 -1.007034 1.007056 -0.000001 -0.000000 -0.000003 7.198479 -0.169237 1.742685 0.321249 3.500377 3.987061 2.844903 -0.000006 -0.000001 0.265683 2.465269 -16.816388 2.665505 -0.000019 0.000002 -0.020309 0.178482 -3.850820 2.297409 -0.000006 -0.000012 0.000000 0.000001 0.000000 6.876539 -0.000006 -0.000005 0.605069 7.624338 -16.487696 3.256827 0.000016 -0.000001 0.612746 3.443009 -27.102869 3.177892 -0.000010 -0.000002 0.271804 1.846630 -15.987009 2.695116 -0.000016 -0.000006 0.000000 0.000002 0.000003 6.623896 -0.059441 -1.696965 0.876768 8.006425 -34.399681 2.957999 -0.000007 0.000004 0.422035 2.000717 -17.172535 2.756902 0.000009 0.000002 0.298778 1.211759 -12.585002 2.334610 0.000011 0.000001 -0.000001 -0.000001 -0.000000 6.046968 -0.139187 -3.244340 3.587798 13.517598 -31.386116 2.623707 0.000009 0.000000 0.487203 2.680653 -29.100803 2.132117 0.000004 -0.000007 0.074785 1.530304 -6.724068 1.793219 0.000012 0.000000 -0.000003 -0.000001 0.000001 -4.224098 8.888414 -0.398196 -0.855008 5.246475 5.396786 22.093493 -2.727992 73.794723 -0.000020 32.516779 -0.000006 25.457271 8.380624 4.049675 -2.342537 -1.287619 1.805307 12.593951 -8.153694 -17.222421 -1.998870 -1.154047 1.154042 6.064830 -5.313234 -13.324095 -2.115646 -1.221473 1.221462 -13.753601 7.447206 9.069843 -1.745166 -1.007569 1.007566 -0.000001 -0.000011 -0.000001 -7.289624 -0.160562 1.788520 -0.934042 0.803122 10.773192 -2.816291 -0.000008 -0.000007 0.637324 -3.394051 26.746406 -2.639583 -0.000007 0.000007 -0.167847 -0.590567 17.433254 -2.241501 -0.000006 0.000014 0.000002 0.000002 0.000000 -7.060412 0.000008 0.000006 0.839964 -8.113515 23.112375 -3.340207 0.000003 0.000000 1.181246 -4.370036 38.023544 -3.056704 -0.000003 -0.000003 0.821945 -3.075371 31.081739 -2.639474 0.000000 -0.000009 -0.000001 0.000002 0.000000 -6.774590 0.049798 -1.636027 1.275984 -8.669401 41.005676 -2.923900 -0.000001 0.000013 0.713385 -2.594916 23.801116 -2.718001 -0.000011 0.000003 -0.130790 -0.209827 20.215118 -2.379610 0.000000 0.000009 -0.000000 -0.000001 0.000001 -6.148537 -0.175708 -3.130186 2.500283 -10.281923 45.253060 -2.627893 -0.000005 -0.000008 1.612578 -4.332255 49.089683 -2.122490 0.000017 -0.000005 -0.378858 -2.603567 43.266790 -1.792002 0.000002 0.000002 0.000001 -0.000002 -0.000001 7.556999 -4.826313 0.300478 -28.471184 -0.342211 1.304119 0.315534 -24.058294 0.537043 67.064323 2.618833 7.077238 -0.315537 -33.061478 0.084927 4.493386 0.182786 -0.860744 0.092046 -7.483318 10.511632 -5.994857 0.425113 -5.474219 0.082184 -0.046741 6.420124 -0.000001 -0.000000 0.000000 -7.557003 -4.826306 0.300484 -4.101856 -12.101552 9.621857 -0.315557 -24.058256 0.712181 12.317594 1.831905 -1.835713 0.315562 -33.061462 0.096916 -7.148552 -5.093193 -4.973681 -0.092060 -7.483411 10.296527 -2.773197 -0.000002 -0.000001 -0.082208 -0.046777 6.411405 -0.000000 -0.000000 -0.000000 
0.219347 68.685059 110.724838 -0.285095 9.949105 -3.536945 -0.000001 3.962386 -0.274314 2.603319 -0.672811 2.332733 0.000001 14.122135 -0.320022 1.656092 -2.278673 0.845950 0.000000 11.399152 -0.365733 -2.923703 -2.285056 0.251910 0.000000 9.938174 -0.411431 -3.367573 -1.151239 -0.983951 -0.000000 8.579116 0.114201 -1.349393 -3.841517 0.310223 0.000000 25.089088 0.333908 -0.000000 0.000000 -0.000000 4.224101 8.888440 -0.424614 8.280039 -20.929231 3.137780 1.625316 4.497742 -76.980269 0.000011 -36.305099 0.000006 19.884209 -19.957143 5.430811 2.354134 -1.272457 1.802822 28.897513 8.894104 20.768607 1.999429 -1.154373 1.154374 -8.690638 18.041873 -12.337710 2.113314 -1.220119 1.220122 7.946593 -11.221933 1.406953 1.744290 -1.007034 1.007056 -0.000001 -0.000000 -0.000003 7.198479 -0.169237 1.742685 0.321249 3.500377 3.987061 2.844903 -0.000006 -0.000001 0.265683 2.465269 -16.816388 2.665505 -0.000019 0.000002 -0.020309 0.178482 -3.850820 2.297409 -0.000006 -0.000012 0.000000 0.000001 0.000000 6.876539 -0.000006 -0.000005 0.605069 7.624338 -16.487696 3.256827 0.000016 -0.000001 0.612746 3.443009 -27.102869 3.177892 -0.000010 -0.000002 0.271804 1.846630 -15.987009 2.695116 -0.000016 -0.000006 0.000000 0.000002 0.000003 6.623896 -0.059441 -1.696965 0.876768 8.006425 -34.399681 2.957999 -0.000007 0.000004 0.422035 2.000717 -17.172535 2.756902 0.000009 0.000002 0.298778 1.211759 -12.585002 2.334610 0.000011 0.000001 -0.000001 -0.000001 -0.000000 6.046968 -0.139187 -3.244340 3.587798 13.517598 -31.386116 2.623707 0.000009 0.000000 0.487203 2.680653 -29.100803 2.132117 0.000004 -0.000007 0.074785 1.530304 -6.724068 1.793219 0.000012 0.000000 -0.000003 -0.000001 0.000001 -4.224098 8.888414 -0.398196 -0.855008 5.246475 5.396786 22.093493 -2.727992 73.794723 -0.000020 32.516779 -0.000006 25.457271 8.380624 4.049675 -2.342537 -1.287619 1.805307 12.593951 -8.153694 -17.222421 -1.998870 -1.154047 1.154042 6.064830 -5.313234 -13.324095 -2.115646 -1.221473 1.221462 -13.753601 7.447206 9.069843 -1.745166 -1.007569 1.007566 -0.000001 -0.000011 -0.000001 -7.289624 -0.160562 1.788520 -0.934042 0.803122 10.773192 -2.816291 -0.000008 -0.000007 0.637324 -3.394051 26.746406 -2.639583 -0.000007 0.000007 -0.167847 -0.590567 17.433254 -2.241501 -0.000006 0.000014 0.000002 0.000002 0.000000 -7.060412 0.000008 0.000006 0.839964 -8.113515 23.112375 -3.340207 0.000003 0.000000 1.181246 -4.370036 38.023544 -3.056704 -0.000003 -0.000003 0.821945 -3.075371 31.081739 -2.639474 0.000000 -0.000009 -0.000001 0.000002 0.000000 -6.774590 0.049798 -1.636027 1.275984 -8.669401 41.005676 -2.923900 -0.000001 0.000013 0.713385 -2.594916 23.801116 -2.718001 -0.000011 0.000003 -0.130790 -0.209827 20.215118 -2.379610 0.000000 0.000009 -0.000000 -0.000001 0.000001 -6.148537 -0.175708 -3.130186 2.500283 -10.281923 45.253060 -2.627893 -0.000005 -0.000008 1.612578 -4.332255 49.089683 -2.122490 0.000017 -0.000005 -0.378858 -2.603567 43.266790 -1.792002 0.000002 0.000002 0.000001 -0.000002 -0.000001 7.556999 -4.826313 0.300478 -28.471184 -0.342211 1.304119 0.315534 -24.058294 0.537043 67.064323 2.618833 7.077238 -0.315537 -33.061478 0.084927 4.493386 0.182786 -0.860744 0.092046 -7.483318 10.511632 -5.994857 0.425113 -5.474219 0.082184 -0.046741 6.420124 -0.000001 -0.000000 0.000000 -7.557003 -4.826306 0.300484 -4.101856 -12.101552 9.621857 -0.315557 -24.058256 0.712181 12.317594 1.831905 -1.835713 0.315562 -33.061462 0.096916 -7.148552 -5.093193 -4.973681 -0.092060 -7.483411 10.296527 -2.773197 -0.000002 -0.000001 -0.082208 -0.046777 6.411405 -0.000000 -0.000000 -0.000000 
0.219347 68.685059 110.724838 -0.285095 9.949105 -3.536945 -0.000001 3.962386 -0.274314 2.603319 -0.672811 2.332733 0.000001 14.122135 -0.320022 1.656092 -2.278673 0.845950 0.000000 11.399152 -0.365733 -2.923703 -2.285056 0.251910 0.000000 9.938174 -0.411431 -3.367573 -1.151239 -0.983951 -0.000000 8.579116 0.114201 -1.349393 -3.841517 0.310223 0.000000 25.089088 0.333908 -0.000000 0.000000 -0.000000 4.224101 8.888440 -0.424614 8.280039 -20.929231 3.137780 1.625316 4.497742 -76.980269 0.000011 -36.305099 0.000006 19.884209 -19.957143 5.430811 2.354134 -1.272457 1.802822 28.897513 8.894104 20.768607 1.999429 -1.154373 1.154374 -8.690638 18.041873 -12.337710 2.113314 -1.220119 1.220122 7.946593 -11.221933 1.406953 1.744290 -1.007034 1.007056 -0.000001 -0.000000 -0.000003 7.198479 -0.169237 1.742685 0.321249 3.500377 3.987061 2.844903 -0.000006 -0.000001 0.265683 2.465269 -16.816388 2.665505 -0.000019 0.000002 -0.020309 0.178482 -3.850820 2.297409 -0.000006 -0.000012 0.000000 0.000001 0.000000 6.876539 -0.000006 -0.000005 0.605069 7.624338 -16.487696 3.256827 0.000016 -0.000001 0.612746 3.443009 -27.102869 3.177892 -0.000010 -0.000002 0.271804 1.846630 -15.987009 2.695116 -0.000016 -0.000006 0.000000 0.000002 0.000003 6.623896 -0.059441 -1.696965 0.876768 8.006425 -34.399681 2.957999 -0.000007 0.000004 0.422035 2.000717 -17.172535 2.756902 0.000009 0.000002 0.298778 1.211759 -12.585002 2.334610 0.000011 0.000001 -0.000001 -0.000001 -0.000000 6.046968 -0.139187 -3.244340 3.587798 13.517598 -31.386116 2.623707 0.000009 0.000000 0.487203 2.680653 -29.100803 2.132117 0.000004 -0.000007 0.074785 1.530304 -6.724068 1.793219 0.000012 0.000000 -0.000003 -0.000001 0.000001 -4.224098 8.888414 -0.398196 -0.855008 5.246475 5.396786 22.093493 -2.727992 73.794723 -0.000020 32.516779 -0.000006 25.457271 8.380624 4.049675 -2.342537 -1.287619 1.805307 12.593951 -8.153694 -17.222421 -1.998870 -1.154047 1.154042 6.064830 -5.313234 -13.324095 -2.115646 -1.221473 1.221462 -13.753601 7.447206 9.069843 -1.745166 -1.007569 1.007566 -0.000001 -0.000011 -0.000001 -7.289624 -0.160562 1.788520 -0.934042 0.803122 10.773192 -2.816291 -0.000008 -0.000007 0.637324 -3.394051 26.746406 -2.639583 -0.000007 0.000007 -0.167847 -0.590567 17.433254 -2.241501 -0.000006 0.000014 0.000002 0.000002 0.000000 -7.060412 0.000008 0.000006 0.839964 -8.113515 23.112375 -3.340207 0.000003 0.000000 1.181246 -4.370036 38.023544 -3.056704 -0.000003 -0.000003 0.821945 -3.075371 31.081739 -2.639474 0.000000 -0.000009 -0.000001 0.000002 0.000000 -6.774590 0.049798 -1.636027 1.275984 -8.669401 41.005676 -2.923900 -0.000001 0.000013 0.713385 -2.594916 23.801116 -2.718001 -0.000011 0.000003 -0.130790 -0.209827 20.215118 -2.379610 0.000000 0.000009 -0.000000 -0.000001 0.000001 -6.148537 -0.175708 -3.130186 2.500283 -10.281923 45.253060 -2.627893 -0.000005 -0.000008 1.612578 -4.332255 49.089683 -2.122490 0.000017 -0.000005 -0.378858 -2.603567 43.266790 -1.792002 0.000002 0.000002 0.000001 -0.000002 -0.000001 7.556999 -4.826313 0.300478 -28.471184 -0.342211 1.304119 0.315534 -24.058294 0.537043 67.064323 2.618833 7.077238 -0.315537 -33.061478 0.084927 4.493386 0.182786 -0.860744 0.092046 -7.483318 10.511632 -5.994857 0.425113 -5.474219 0.082184 -0.046741 6.420124 -0.000001 -0.000000 0.000000 -7.557003 -4.826306 0.300484 -4.101856 -12.101552 9.621857 -0.315557 -24.058256 0.712181 12.317594 1.831905 -1.835713 0.315562 -33.061462 0.096916 -7.148552 -5.093193 -4.973681 -0.092060 -7.483411 10.296527 -2.773197 -0.000002 -0.000001 -0.082208 -0.046777 6.411405 -0.000000 -0.000000 -0.000000 
0.219347 68.685059 110.724838 -0.285095 9.949105 -3.536945 -0.000001 3.962386 -0.274314 2.603319 -0.672811 2.332733 0.000001 14.122135 -0.320022 1.656092 -2.278673 0.845950 0.000000 11.399152 -0.365733 -2.923703 -2.285056 0.251910 0.000000 9.938174 -0.411431 -3.367573 -1.151239 -0.983951 -0.000000 8.579116 0.114201 -1.349393 -3.841517 0.310223 0.000000 25.089088 0.333908 -0.000000 0.000000 -0.000000 4.224101 8.888440 -0.424614 8.280039 -20.929231 3.137780 1.625316 4.497742 -76.980269 0.000011 -36.305099 0.000006 19.884209 -19.957143 5.430811 2.354134 -1.272457 1.802822 28.897513 8.894104 20.768607 1.999429 -1.154373 1.154374 -8.690638 18.041873 -12.337710 2.113314 -1.220119 1.220122 7.946593 -11.221933 1.406953 1.744290 -1.007034 1.007056 -0.000001 -0.000000 -0.000003 7.198479 -0.169237 1.742685 0.321249 3.500377 3.987061 2.844903 -0.000006 -0.000001 0.265683 2.465269 -16.816388 2.665505 -0.000019 0.000002 -0.020309 0.178482 -3.850820 2.297409 -0.000006 -0.000012 0.000000 0.000001 0.000000 6.876539 -0.000006 -0.000005 0.605069 7.624338 -16.487696 3.256827 0.000016 -0.000001 0.612746 3.443009 -27.102869 3.177892 -0.000010 -0.000002 0.271804 1.846630 -15.987009 2.695116 -0.000016 -0.000006 0.000000 0.000002 0.000003 6.623896 -0.059441 -1.696965 0.876768 8.006425 -34.399681 2.957999 -0.000007 0.000004 0.422035 2.000717 -17.172535 2.756902 0.000009 0.000002 0.298778 1.211759 -12.585002 2.334610 0.000011 0.000001 -0.000001 -0.000001 -0.000000 6.046968 -0.139187 -3.244340 3.587798 13.517598 -31.386116 2.623707 0.000009 0.000000 0.487203 2.680653 -29.100803 2.132117 0.000004 -0.000007 0.074785 1.530304 -6.724068 1.793219 0.000012 0.000000 -0.000003 -0.000001 0.000001 -4.224098 8.888414 -0.398196 -0.855008 5.246475 5.396786 22.093493 -2.727992 73.794723 -0.000020 32.516779 -0.000006 25.457271 8.380624 4.049675 -2.342537 -1.287619 1.805307 12.593951 -8.153694 -17.222421 -1.998870 -1.154047 1.154042 6.064830 -5.313234 -13.324095 -2.115646 -1.221473 1.221462 -13.753601 7.447206 9.069843 -1.745166 -1.007569 1.007566 -0.000001 -0.000011 -0.000001 -7.289624 -0.160562 1.788520 -0.934042 0.803122 10.773192 -2.816291 -0.000008 -0.000007 0.637324 -3.394051 26.746406 -2.639583 -0.000007 0.000007 -0.167847 -0.590567 17.433254 -2.241501 -0.000006 0.000014 0.000002 0.000002 0.000000 -7.060412 0.000008 0.000006 0.839964 -8.113515 23.112375 -3.340207 0.000003 0.000000 1.181246 -4.370036 38.023544 -3.056704 -0.000003 -0.000003 0.821945 -3.075371 31.081739 -2.639474 0.000000 -0.000009 -0.000001 0.000002 0.000000 -6.774590 0.049798 -1.636027 1.275984 -8.669401 41.005676 -2.923900 -0.000001 0.000013 0.713385 -2.594916 23.801116 -2.718001 -0.000011 0.000003 -0.130790 -0.209827 20.215118 -2.379610 0.000000 0.000009 -0.000000 -0.000001 0.000001 -6.148537 -0.175708 -3.130186 2.500283 -10.281923 45.253060 -2.627893 -0.000005 -0.000008 1.612578 -4.332255 49.089683 -2.122490 0.000017 -0.000005 -0.378858 -2.603567 43.266790 -1.792002 0.000002 0.000002 0.000001 -0.000002 -0.000001 7.556999 -4.826313 0.300478 -28.471184 -0.342211 1.304119 0.315534 -24.058294 0.537043 67.064323 2.618833 7.077238 -0.315537 -33.061478 0.084927 4.493386 0.182786 -0.860744 0.092046 -7.483318 10.511632 -5.994857 0.425113 -5.474219 0.082184 -0.046741 6.420124 -0.000001 -0.000000 0.000000 -7.557003 -4.826306 0.300484 -4.101856 -12.101552 9.621857 -0.315557 -24.058256 0.712181 12.317594 1.831905 -1.835713 0.315562 -33.061462 0.096916 -7.148552 -5.093193 -4.973681 -0.092060 -7.483411 10.296527 -2.773197 -0.000002 -0.000001 -0.082208 -0.046777 6.411405 -0.000000 -0.000000 -0.000000 
0.219347 68.685059 110.724838 -0.285095 9.949105 -3.536945 -0.000001 3.962386 -0.274314 2.603319 -0.672811 2.332733 0.000001 14.122135 -0.320022 1.656092 -2.278673 0.845950 0.000000 11.399152 -0.365733 -2.923703 -2.285056 0.251910 0.000000 9.938174 -0.411431 -3.367573 -1.151239 -0.983951 -0.000000 8.579116 0.114201 -1.349393 -3.841517 0.310223 0.000000 25.089088 0.333908 -0.000000 0.000000 -0.000000 4.224101 8.888440 -0.424614 8.280039 -20.929231 3.137780 1.625316 4.497742 -76.980269 0.000011 -36.305099 0.000006 19.884209 -19.957143 5.430811 2.354134 -1.272457 1.802822 28.897513 8.894104 20.768607 1.999429 -1.154373 1.154374 -8.690638 18.041873 -12.337710 2.113314 -1.220119 1.220122 7.946593 -11.221933 1.406953 1.744290 -1.007034 1.007056 -0.000001 -0.000000 -0.000003 7.198479 -0.169237 1.742685 0.321249 3.500377 3.987061 2.844903 -0.000006 -0.000001 0.265683 2.465269 -16.816388 2.665505 -0.000019 0.000002 -0.020309 0.178482 -3.850820 2.297409 -0.000006 -0.000012 0.000000 0.000001 0.000000 6.876539 -0.000006 -0.000005 0.605069 7.624338 -16.487696 3.256827 0.000016 -0.000001 0.612746 3.443009 -27.102869 3.177892 -0.000010 -0.000002 0.271804 1.846630 -15.987009 2.695116 -0.000016 -0.000006 0.000000 0.000002 0.000003 6.623896 -0.059441 -1.696965 0.876768 8.006425 -34.399681 2.957999 -0.000007 0.000004 0.422035 2.000717 -17.172535 2.756902 0.000009 0.000002 0.298778 1.211759 -12.585002 2.334610 0.000011 0.000001 -0.000001 -0.000001 -0.000000 6.046968 -0.139187 -3.244340 3.587798 13.517598 -31.386116 2.623707 0.000009 0.000000 0.487203 2.680653 -29.100803 2.132117 0.000004 -0.000007 0.074785 1.530304 -6.724068 1.793219 0.000012 0.000000 -0.000003 -0.000001 0.000001 -4.224098 8.888414 -0.398196 -0.855008 5.246475 5.396786 22.093493 -2.727992 73.794723 -0.000020 32.516779 -0.000006 25.457271 8.380624 4.049675 -2.342537 -1.287619 1.805307 12.593951 -8.153694 -17.222421 -1.998870 -1.154047 1.154042 6.064830 -5.313234 -13.324095 -2.115646 -1.221473 1.221462 -13.753601 7.447206 9.069843 -1.745166 -1.007569 1.007566 -0.000001 -0.000011 -0.000001 -7.289624 -0.160562 1.788520 -0.934042 0.803122 10.773192 -2.816291 -0.000008 -0.000007 0.637324 -3.394051 26.746406 -2.639583 -0.000007 0.000007 -0.167847 -0.590567 17.433254 -2.241501 -0.000006 0.000014 0.000002 0.000002 0.000000 -7.060412 0.000008 0.000006 0.839964 -8.113515 23.112375 -3.340207 0.000003 0.000000 1.181246 -4.370036 38.023544 -3.056704 -0.000003 -0.000003 0.821945 -3.075371 31.081739 -2.639474 0.000000 -0.000009 -0.000001 0.000002 0.000000 -6.774590 0.049798 -1.636027 1.275984 -8.669401 41.005676 -2.923900 -0.000001 0.000013 0.713385 -2.594916 23.801116 -2.718001 -0.000011 0.000003 -0.130790 -0.209827 20.215118 -2.379610 0.000000 0.000009 -0.000000 -0.000001 0.000001 -6.148537 -0.175708 -3.130186 2.500283 -10.281923 45.253060 -2.627893 -0.000005 -0.000008 1.612578 -4.332255 49.089683 -2.122490 0.000017 -0.000005 -0.378858 -2.603567 43.266790 -1.792002 0.000002 0.000002 0.000001 -0.000002 -0.000001 7.556999 -4.826313 0.300478 -28.471184 -0.342211 1.304119 0.315534 -24.058294 0.537043 67.064323 2.618833 7.077238 -0.315537 -33.061478 0.084927 4.493386 0.182786 -0.860744 0.092046 -7.483318 10.511632 -5.994857 0.425113 -5.474219 0.082184 -0.046741 6.420124 -0.000001 -0.000000 0.000000 -7.557003 -4.826306 0.300484 -4.101856 -12.101552 9.621857 -0.315557 -24.058256 0.712181 12.317594 1.831905 -1.835713 0.315562 -33.061462 0.096916 -7.148552 -5.093193 -4.973681 -0.092060 -7.483411 10.296527 -2.773197 -0.000002 -0.000001 -0.082208 -0.046777 6.411405 -0.000000 -0.000000 -0.000000 
0.219347 68.685059 110.724838 -0.285095 9.949105 -3.536945 -0.000001 3.962386 -0.274314 2.603319 -0.672811 2.332733 0.000001 14.122135 -0.320022 1.656092 -2.278673 0.845950 0.000000 11.399152 -0.365733 -2.923703 -2.285056 0.251910 0.000000 9.938174 -0.411431 -3.367573 -1.151239 -0.983951 -0.000000 8.579116 0.114201 -1.349393 -3.841517 0.310223 0.000000 25.089088 0.333908 -0.000000 0.000000 -0.000000 4.224101 8.888440 -0.424614 8.280039 -20.929231 3.137780 1.625316 4.497742 -76.980269 0.000011 -36.305099 0.000006 19.884209 -19.957143 5.430811 2.354134 -1.272457 1.802822 28.897513 8.894104 20.768607 1.999429 -1.154373 1.154374 -8.690638 18.041873 -12.337710 2.113314 -1.220119 1.220122 7.946593 -11.221933 1.406953 1.744290 -1.007034 1.007056 -0.000001 -0.000000 -0.000003 7.198479 -0.169237 1.742685 0.321249 3.500377 3.987061 2.844903 -0.000006 -0.000001 0.265683 2.465269 -16.816388 2.665505 -0.000019 0.000002 -0.020309 0.178482 -3.850820 2.297409 -0.000006 -0.000012 0.000000 0.000001 0.000000 6.876539 -0.000006 -0.000005 0.605069 7.624338 -16.487696 3.256827 0.000016 -0.000001 0.612746 3.443009 -27.102869 3.177892 -0.000010 -0.000002 0.271804 1.846630 -15.987009 2.695116 -0.000016 -0.000006 0.000000 0.000002 0.000003 6.623896 -0.059441 -1.696965 0.876768 8.006425 -34.399681 2.957999 -0.000007 0.000004 0.422035 2.000717 -17.172535 2.756902 0.000009 0.000002 0.298778 1.211759 -12.585002 2.334610 0.000011 0.000001 -0.000001 -0.000001 -0.000000 6.046968 -0.139187 -3.244340 3.587798 13.517598 -31.386116 2.623707 0.000009 0.000000 0.487203 2.680653 -29.100803 2.132117 0.000004 -0.000007 0.074785 1.530304 -6.724068 1.793219 0.000012 0.000000 -0.000003 -0.000001 0.000001 -4.224098 8.888414 -0.398196 -0.855008 5.246475 5.396786 22.093493 -2.727992 73.794723 -0.000020 32.516779 -0.000006 25.457271 8.380624 4.049675 -2.342537 -1.287619 1.805307 12.593951 -8.153694 -17.222421 -1.998870 -1.154047 1.154042 6.064830 -5.313234 -13.324095 -2.115646 -1.221473 1.221462 -13.753601 7.447206 9.069843 -1.745166 -1.007569 1.007566 -0.000001 -0.000011 -0.000001 -7.289624 -0.160562 1.788520 -0.934042 0.803122 10.773192 -2.816291 -0.000008 -0.000007 0.637324 -3.394051 26.746406 -2.639583 -0.000007 0.000007 -0.167847 -0.590567 17.433254 -2.241501 -0.000006 0.000014 0.000002 0.000002 0.000000 -7.060412 0.000008 0.000006 0.839964 -8.113515 23.112375 -3.340207 0.000003 0.000000 1.181246 -4.370036 38.023544 -3.056704 -0.000003 -0.000003 0.821945 -3.075371 31.081739 -2.639474 0.000000 -0.000009 -0.000001 0.000002 0.000000 -6.774590 0.049798 -1.636027 1.275984 -8.669401 41.005676 -2.923900 -0.000001 0.000013 0.713385 -2.594916 23.801116 -2.718001 -0.000011 0.000003 -0.130790 -0.209827 20.215118 -2.379610 0.000000 0.000009 -0.000000 -0.000001 0.000001 -6.148537 -0.175708 -3.130186 2.500283 -10.281923 45.253060 -2.627893 -0.000005 -0.000008 1.612578 -4.332255 49.089683 -2.122490 0.000017 -0.000005 -0.378858 -2.603567 43.266790 -1.792002 0.000002 0.000002 0.000001 -0.000002 -0.000001 7.556999 -4.826313 0.300478 -28.471184 -0.342211 1.304119 0.315534 -24.058294 0.537043 67.064323 2.618833 7.077238 -0.315537 -33.061478 0.084927 4.493386 0.182786 -0.860744 0.092046 -7.483318 10.511632 -5.994857 0.425113 -5.474219 0.082184 -0.046741 6.420124 -0.000001 -0.000000 0.000000 -7.557003 -4.826306 0.300484 -4.101856 -12.101552 9.621857 -0.315557 -24.058256 0.712181 12.317594 1.831905 -1.835713 0.315562 -33.061462 0.096916 -7.148552 -5.093193 -4.973681 -0.092060 -7.483411 10.296527 -2.773197 -0.000002 -0.000001 -0.082208 -0.046777 6.411405 -0.000000 -0.000000 -0.000000 
0.219347 68.685059 110.724838 -0.285095 9.949105 -3.536945 -0.000001 3.962386 -0.274314 2.603319 -0.672811 2.332733 0.000001 14.122135 -0.320022 1.656092 -2.278673 0.845950 0.000000 11.399152 -0.365733 -2.923703 -2.285056 0.251910 0.000000 9.938174 -0.411431 -3.367573 -1.151239 -0.983951 -0.000000 8.579116 0.114201 -1.349393 -3.841517 0.310223 0.000000 25.089088 0.333908 -0.000000 0.000000 -0.000000 4.224101 8.888440 -0.424614 8.280039 -20.929231 3.137780 1.625316 4.497742 -76.980269 0.000011 -36.305099 0.000006 19.884209 -19.957143 5.430811 2.354134 -1.272457 1.802822 28.897513 8.894104 20.768607 1.999429 -1.154373 1.154374 -8.690638 18.041873 -12.337710 2.113314 -1.220119 1.220122 7.946593 -11.221933 1.406953 1.744290 -1.007034 1.007056 -0.000001 -0.000000 -0.000003 7.198479 -0.169237 1.742685 0.321249 3.500377 3.987061 2.844903 -0.000006 -0.000001 0.265683 2.465269 -16.816388 2.665505 -0.000019 0.000002 -0.020309 0.178482 -3.850820 2.297409 -0.000006 -0.000012 0.000000 0.000001 0.000000 6.876539 -0.000006 -0.000005 0.605069 7.624338 -16.487696 3.256827 0.000016 -0.000001 0.612746 3.443009 -27.102869 3.177892 -0.000010 -0.000002 0.271804 1.846630 -15.987009 2.695116 -0.000016 -0.000006 0.000000 0.000002 0.000003 6.623896 -0.059441 -1.696965 0.876768 8.006425 -34.399681 2.957999 -0.000007 0.000004 0.422035 2.000717 -17.172535 2.756902 0.000009 0.000002 0.298778 1.211759 -12.585002 2.334610 0.000011 0.000001 -0.000001 -0.000001 -0.000000 6.046968 -0.139187 -3.244340 3.587798 13.517598 -31.386116 2.623707 0.000009 0.000000 0.487203 2.680653 -29.100803 2.132117 0.000004 -0.000007 0.074785 1.530304 -6.724068 1.793219 0.000012 0.000000 -0.000003 -0.000001 0.000001 -4.224098 8.888414 -0.398196 -0.855008 5.246475 5.396786 22.093493 -2.727992 73.794723 -0.000020 32.516779 -0.000006 25.457271 8.380624 4.049675 -2.342537 -1.287619 1.805307 12.593951 -8.153694 -17.222421 -1.998870 -1.154047 1.154042 6.064830 -5.313234 -13.324095 -2.115646 -1.221473 1.221462 -13.753601 7.447206 9.069843 -1.745166 -1.007569 1.007566 -0.000001 -0.000011 -0.000001 -7.289624 -0.160562 1.788520 -0.934042 0.803122 10.773192 -2.816291 -0.000008 -0.000007 0.637324 -3.394051 26.746406 -2.639583 -0.000007 0.000007 -0.167847 -0.590567 17.433254 -2.241501 -0.000006 0.000014 0.000002 0.000002 0.000000 -7.060412 0.000008 0.000006 0.839964 -8.113515 23.112375 -3.340207 0.000003 0.000000 1.181246 -4.370036 38.023544 -3.056704 -0.000003 -0.000003 0.821945 -3.075371 31.081739 -2.639474 0.000000 -0.000009 -0.000001 0.000002 0.000000 -6.774590 0.049798 -1.636027 1.275984 -8.669401 41.005676 -2.923900 -0.000001 0.000013 0.713385 -2.594916 23.801116 -2.718001 -0.000011 0.000003 -0.130790 -0.209827 20.215118 -2.379610 0.000000 0.000009 -0.000000 -0.000001 0.000001 -6.148537 -0.175708 -3.130186 2.500283 -10.281923 45.253060 -2.627893 -0.000005 -0.000008 1.612578 -4.332255 49.089683 -2.122490 0.000017 -0.000005 -0.378858 -2.603567 43.266790 -1.792002 0.000002 0.000002 0.000001 -0.000002 -0.000001 7.556999 -4.826313 0.300478 -28.471184 -0.342211 1.304119 0.315534 -24.058294 0.537043 67.064323 2.618833 7.077238 -0.315537 -33.061478 0.084927 4.493386 0.182786 -0.860744 0.092046 -7.483318 10.511632 -5.994857 0.425113 -5.474219 0.082184 -0.046741 6.420124 -0.000001 -0.000000 0.000000 -7.557003 -4.826306 0.300484 -4.101856 -12.101552 9.621857 -0.315557 -24.058256 0.712181 12.317594 1.831905 -1.835713 0.315562 -33.061462 0.096916 -7.148552 -5.093193 -4.973681 -0.092060 -7.483411 10.296527 -2.773197 -0.000002 -0.000001 -0.082208 -0.046777 6.411405 -0.000000 -0.000000 -0.000000 
0.219347 68.685059 110.724838 -0.285095 9.949105 -3.536945 -0.000001 3.962386 -0.274314 2.603319 -0.672811 2.332733 0.000001 14.122135 -0.320022 1.656092 -2.278673 0.845950 0.000000 11.399152 -0.365733 -2.923703 -2.285056 0.251910 0.000000 9.938174 -0.411431 -3.367573 -1.151239 -0.983951 -0.000000 8.579116 0.114201 -1.349393 -3.841517 0.310223 0.000000 25.089088 0.333908 -0.000000 0.000000 -0.000000 4.224101 8.888440 -0.424614 8.280039 -20.929231 3.137780 1.625316 4.497742 -76.980269 0.000011 -36.305099 0.000006 19.884209 -19.957143 5.430811 2.354134 -1.272457 1.802822 28.897513 8.894104 20.768607 1.999429 -1.154373 1.154374 -8.690638 18.041873 -12.337710 2.113314 -1.220119 1.220122 7.946593 -11.221933 1.406953 1.744290 -1.007034 1.007056 -0.000001 -0.000000 -0.000003 7.198479 -0.169237 1.742685 0.321249 3.500377 3.987061 2.844903 -0.000006 -0.000001 0.265683 2.465269 -16.816388 2.665505 -0.000019 0.000002 -0.020309 0.178482 -3.850820 2.297409 -0.000006 -0.000012 0.000000 0.000001 0.000000 6.876539 -0.000006 -0.000005 0.605069 7.624338 -16.487696 3.256827 0.000016 -0.000001 0.612746 3.443009 -27.102869 3.177892 -0.000010 -0.000002 0.271804 1.846630 -15.987009 2.695116 -0.000016 -0.000006 0.000000 0.000002 0.000003 6.623896 -0.059441 -1.696965 0.876768 8.006425 -34.399681 2.957999 -0.000007 0.000004 0.422035 2.000717 -17.172535 2.756902 0.000009 0.000002 0.298778 1.211759 -12.585002 2.334610 0.000011 0.000001 -0.000001 -0.000001 -0.000000 6.046968 -0.139187 -3.244340 3.587798 13.517598 -31.386116 2.623707 0.000009 0.000000 0.487203 2.680653 -29.100803 2.132117 0.000004 -0.000007 0.074785 1.530304 -6.724068 1.793219 0.000012 0.000000 -0.000003 -0.000001 0.000001 -4.224098 8.888414 -0.398196 -0.855008 5.246475 5.396786 22.093493 -2.727992 73.794723 -0.000020 32.516779 -0.000006 25.457271 8.380624 4.049675 -2.342537 -1.287619 1.805307 12.593951 -8.153694 -17.222421 -1.998870 -1.154047 1.154042 6.064830 -5.313234 -13.324095 -2.115646 -1.221473 1.221462 -13.753601 7.447206 9.069843 -1.745166 -1.007569 1.007566 -0.000001 -0.000011 -0.000001 -7.289624 -0.160562 1.788520 -0.934042 0.803122 10.773192 -2.816291 -0.000008 -0.000007 0.637324 -3.394051 26.746406 -2.639583 -0.000007 0.000007 -0.167847 -0.590567 17.433254 -2.241501 -0.000006 0.000014 0.000002 0.000002 0.000000 -7.060412 0.000008 0.000006 0.839964 -8.113515 23.112375 -3.340207 0.000003 0.000000 1.181246 -4.370036 38.023544 -3.056704 -0.000003 -0.000003 0.821945 -3.075371 31.081739 -2.639474 0.000000 -0.000009 -0.000001 0.000002 0.000000 -6.774590 0.049798 -1.636027 1.275984 -8.669401 41.005676 -2.923900 -0.000001 0.000013 0.713385 -2.594916 23.801116 -2.718001 -0.000011 0.000003 -0.130790 -0.209827 20.215118 -2.379610 0.000000 0.000009 -0.000000 -0.000001 0.000001 -6.148537 -0.175708 -3.130186 2.500283 -10.281923 45.253060 -2.627893 -0.000005 -0.000008 1.612578 -4.332255 49.089683 -2.122490 0.000017 -0.000005 -0.378858 -2.603567 43.266790 -1.792002 0.000002 0.000002 0.000001 -0.000002 -0.000001 7.556999 -4.826313 0.300478 -28.471184 -0.342211 1.304119 0.315534 -24.058294 0.537043 67.064323 2.618833 7.077238 -0.315537 -33.061478 0.084927 4.493386 0.182786 -0.860744 0.092046 -7.483318 10.511632 -5.994857 0.425113 -5.474219 0.082184 -0.046741 6.420124 -0.000001 -0.000000 0.000000 -7.557003 -4.826306 0.300484 -4.101856 -12.101552 9.621857 -0.315557 -24.058256 0.712181 12.317594 1.831905 -1.835713 0.315562 -33.061462 0.096916 -7.148552 -5.093193 -4.973681 -0.092060 -7.483411 10.296527 -2.773197 -0.000002 -0.000001 -0.082208 -0.046777 6.411405 -0.000000 -0.000000 -0.000000 
0.219347 68.685059 110.724838 -0.285095 9.949105 -3.536945 -0.000001 3.962386 -0.274314 2.603319 -0.672811 2.332733 0.000001 14.122135 -0.320022 1.656092 -2.278673 0.845950 0.000000 11.399152 -0.365733 -2.923703 -2.285056 0.251910 0.000000 9.938174 -0.411431 -3.367573 -1.151239 -0.983951 -0.000000 8.579116 0.114201 -1.349393 -3.841517 0.310223 0.000000 25.089088 0.333908 -0.000000 0.000000 -0.000000 4.224101 8.888440 -0.424614 8.280039 -20.929231 3.137780 1.625316 4.497742 -76.980269 0.000011 -36.305099 0.000006 19.884209 -19.957143 5.430811 2.354134 -1.272457 1.802822 28.897513 8.894104 20.768607 1.999429 -1.154373 1.154374 -8.690638 18.041873 -12.337710 2.113314 -1.220119 1.220122 7.946593 -11.221933 1.406953 1.744290 -1.007034 1.007056 -0.000001 -0.000000 -0.000003 7.198479 -0.169237 1.742685 0.321249 3.500377 3.987061 2.844903 -0.000006 -0.000001 0.265683 2.465269 -16.816388 2.665505 -0.000019 0.000002 -0.020309 0.178482 -3.850820 2.297409 -0.000006 -0.000012 0.000000 0.000001 0.000000 6.876539 -0.000006 -0.000005 0.605069 7.624338 -16.487696 3.256827 0.000016 -0.000001 0.612746 3.443009 -27.102869 3.177892 -0.000010 -0.000002 0.271804 1.846630 -15.987009 2.695116 -0.000016 -0.000006 0.000000 0.000002 0.000003 6.623896 -0.059441 -1.696965 0.876768 8.006425 -34.399681 2.957999 -0.000007 0.000004 0.422035 2.000717 -17.172535 2.756902 0.000009 0.000002 0.298778 1.211759 -12.585002 2.334610 0.000011 0.000001 -0.000001 -0.000001 -0.000000 6.046968 -0.139187 -3.244340 3.587798 13.517598 -31.386116 2.623707 0.000009 0.000000 0.487203 2.680653 -29.100803 2.132117 0.000004 -0.000007 0.074785 1.530304 -6.724068 1.793219 0.000012 0.000000 -0.000003 -0.000001 0.000001 -4.224098 8.888414 -0.398196 -0.855008 5.246475 5.396786 22.093493 -2.727992 73.794723 -0.000020 32.516779 -0.000006 25.457271 8.380624 4.049675 -2.342537 -1.287619 1.805307 12.593951 -8.153694 -17.222421 -1.998870 -1.154047 1.154042 6.064830 -5.313234 -13.324095 -2.115646 -1.221473 1.221462 -13.753601 7.447206 9.069843 -1.745166 -1.007569 1.007566 -0.000001 -0.000011 -0.000001 -7.289624 -0.160562 1.788520 -0.934042 0.803122 10.773192 -2.816291 -0.000008 -0.000007 0.637324 -3.394051 26.746406 -2.639583 -0.000007 0.000007 -0.167847 -0.590567 17.433254 -2.241501 -0.000006 0.000014 0.000002 0.000002 0.000000 -7.060412 0.000008 0.000006 0.839964 -8.113515 23.112375 -3.340207 0.000003 0.000000 1.181246 -4.370036 38.023544 -3.056704 -0.000003 -0.000003 0.821945 -3.075371 31.081739 -2.639474 0.000000 -0.000009 -0.000001 0.000002 0.000000 -6.774590 0.049798 -1.636027 1.275984 -8.669401 41.005676 -2.923900 -0.000001 0.000013 0.713385 -2.594916 23.801116 -2.718001 -0.000011 0.000003 -0.130790 -0.209827 20.215118 -2.379610 0.000000 0.000009 -0.000000 -0.000001 0.000001 -6.148537 -0.175708 -3.130186 2.500283 -10.281923 45.253060 -2.627893 -0.000005 -0.000008 1.612578 -4.332255 49.089683 -2.122490 0.000017 -0.000005 -0.378858 -2.603567 43.266790 -1.792002 0.000002 0.000002 0.000001 -0.000002 -0.000001 7.556999 -4.826313 0.300478 -28.471184 -0.342211 1.304119 0.315534 -24.058294 0.537043 67.064323 2.618833 7.077238 -0.315537 -33.061478 0.084927 4.493386 0.182786 -0.860744 0.092046 -7.483318 10.511632 -5.994857 0.425113 -5.474219 0.082184 -0.046741 6.420124 -0.000001 -0.000000 0.000000 -7.557003 -4.826306 0.300484 -4.101856 -12.101552 9.621857 -0.315557 -24.058256 0.712181 12.317594 1.831905 -1.835713 0.315562 -33.061462 0.096916 -7.148552 -5.093193 -4.973681 -0.092060 -7.483411 10.296527 -2.773197 -0.000002 -0.000001 -0.082208 -0.046777 6.411405 -0.000000 -0.000000 -0.000000 
0.219347 68.685059 110.724838 -0.285095 9.949105 -3.536945 -0.000001 3.962386 -0.274314 2.603319 -0.672811 2.332733 0.000001 14.122135 -0.320022 1.656092 -2.278673 0.845950 0.000000 11.399152 -0.365733 -2.923703 -2.285056 0.251910 0.000000 9.938174 -0.411431 -3.367573 -1.151239 -0.983951 -0.000000 8.579116 0.114201 -1.349393 -3.841517 0.310223 0.000000 25.089088 0.333908 -0.000000 0.000000 -0.000000 4.224101 8.888440 -0.424614 8.280039 -20.929231 3.137780 1.625316 4.497742 -76.980269 0.000011 -36.305099 0.000006 19.884209 -19.957143 5.430811 2.354134 -1.272457 1.802822 28.897513 8.894104 20.768607 1.999429 -1.154373 1.154374 -8.690638 18.041873 -12.337710 2.113314 -1.220119 1.220122 7.946593 -11.221933 1.406953 1.744290 -1.007034 1.007056 -0.000001 -0.000000 -0.000003 7.198479 -0.169237 1.742685 0.321249 3.500377 3.987061 2.844903 -0.000006 -0.000001 0.265683 2.465269 -16.816388 2.665505 -0.000019 0.000002 -0.020309 0.178482 -3.850820 2.297409 -0.000006 -0.000012 0.000000 0.000001 0.000000 6.876539 -0.000006 -0.000005 0.605069 7.624338 -16.487696 3.256827 0.000016 -0.000001 0.612746 3.443009 -27.102869 3.177892 -0.000010 -0.000002 0.271804 1.846630 -15.987009 2.695116 -0.000016 -0.000006 0.000000 0.000002 0.000003 6.623896 -0.059441 -1.696965 0.876768 8.006425 -34.399681 2.957999 -0.000007 0.000004 0.422035 2.000717 -17.172535 2.756902 0.000009 0.000002 0.298778 1.211759 -12.585002 2.334610 0.000011 0.000001 -0.000001 -0.000001 -0.000000 6.046968 -0.139187 -3.244340 3.587798 13.517598 -31.386116 2.623707 0.000009 0.000000 0.487203 2.680653 -29.100803 2.132117 0.000004 -0.000007 0.074785 1.530304 -6.724068 1.793219 0.000012 0.000000 -0.000003 -0.000001 0.000001 -4.224098 8.888414 -0.398196 -0.855008 5.246475 5.396786 22.093493 -2.727992 73.794723 -0.000020 32.516779 -0.000006 25.457271 8.380624 4.049675 -2.342537 -1.287619 1.805307 12.593951 -8.153694 -17.222421 -1.998870 -1.154047 1.154042 6.064830 -5.313234 -13.324095 -2.115646 -1.221473 1.221462 -13.753601 7.447206 9.069843 -1.745166 -1.007569 1.007566 -0.000001 -0.000011 -0.000001 -7.289624 -0.160562 1.788520 -0.934042 0.803122 10.773192 -2.816291 -0.000008 -0.000007 0.637324 -3.394051 26.746406 -2.639583 -0.000007 0.000007 -0.167847 -0.590567 17.433254 -2.241501 -0.000006 0.000014 0.000002 0.000002 0.000000 -7.060412 0.000008 0.000006 0.839964 -8.113515 23.112375 -3.340207 0.000003 0.000000 1.181246 -4.370036 38.023544 -3.056704 -0.000003 -0.000003 0.821945 -3.075371 31.081739 -2.639474 0.000000 -0.000009 -0.000001 0.000002 0.000000 -6.774590 0.049798 -1.636027 1.275984 -8.669401 41.005676 -2.923900 -0.000001 0.000013 0.713385 -2.594916 23.801116 -2.718001 -0.000011 0.000003 -0.130790 -0.209827 20.215118 -2.379610 0.000000 0.000009 -0.000000 -0.000001 0.000001 -6.148537 -0.175708 -3.130186 2.500283 -10.281923 45.253060 -2.627893 -0.000005 -0.000008 1.612578 -4.332255 49.089683 -2.122490 0.000017 -0.000005 -0.378858 -2.603567 43.266790 -1.792002 0.000002 0.000002 0.000001 -0.000002 -0.000001 7.556999 -4.826313 0.300478 -28.471184 -0.342211 1.304119 0.315534 -24.058294 0.537043 67.064323 2.618833 7.077238 -0.315537 -33.061478 0.084927 4.493386 0.182786 -0.860744 0.092046 -7.483318 10.511632 -5.994857 0.425113 -5.474219 0.082184 -0.046741 6.420124 -0.000001 -0.000000 0.000000 -7.557003 -4.826306 0.300484 -4.101856 -12.101552 9.621857 -0.315557 -24.058256 0.712181 12.317594 1.831905 -1.835713 0.315562 -33.061462 0.096916 -7.148552 -5.093193 -4.973681 -0.092060 -7.483411 10.296527 -2.773197 -0.000002 -0.000001 -0.082208 -0.046777 6.411405 -0.000000 -0.000000 -0.000000 
0.219347 68.685059 110.724838 -0.285095 9.949105 -3.536945 -0.000001 3.962386 -0.274314 2.603319 -0.672811 2.332733 0.000001 14.122135 -0.320022 1.656092 -2.278673 0.845950 0.000000 11.399152 -0.365733 -2.923703 -2.285056 0.251910 0.000000 9.938174 -0.411431 -3.367573 -1.151239 -0.983951 -0.000000 8.579116 0.114201 -1.349393 -3.841517 0.310223 0.000000 25.089088 0.333908 -0.000000 0.000000 -0.000000 4.224101 8.888440 -0.424614 8.280039 -20.929231 3.137780 1.625316 4.497742 -76.980269 0.000011 -36.305099 0.000006 19.884209 -19.957143 5.430811 2.354134 -1.272457 1.802822 28.897513 8.894104 20.768607 1.999429 -1.154373 1.154374 -8.690638 18.041873 -12.337710 2.113314 -1.220119 1.220122 7.946593 -11.221933 1.406953 1.744290 -1.007034 1.007056 -0.000001 -0.000000 -0.000003 7.198479 -0.169237 1.742685 0.321249 3.500377 3.987061 2.844903 -0.000006 -0.000001 0.265683 2.465269 -16.816388 2.665505 -0.000019 0.000002 -0.020309 0.178482 -3.850820 2.297409 -0.000006 -0.000012 0.000000 0.000001 0.000000 6.876539 -0.000006 -0.000005 0.605069 7.624338 -16.487696 3.256827 0.000016 -0.000001 0.612746 3.443009 -27.102869 3.177892 -0.000010 -0.000002 0.271804 1.846630 -15.987009 2.695116 -0.000016 -0.000006 0.000000 0.000002 0.000003 6.623896 -0.059441 -1.696965 0.876768 8.006425 -34.399681 2.957999 -0.000007 0.000004 0.422035 2.000717 -17.172535 2.756902 0.000009 0.000002 0.298778 1.211759 -12.585002 2.334610 0.000011 0.000001 -0.000001 -0.000001 -0.000000 6.046968 -0.139187 -3.244340 3.587798 13.517598 -31.386116 2.623707 0.000009 0.000000 0.487203 2.680653 -29.100803 2.132117 0.000004 -0.000007 0.074785 1.530304 -6.724068 1.793219 0.000012 0.000000 -0.000003 -0.000001 0.000001 -4.224098 8.888414 -0.398196 -0.855008 5.246475 5.396786 22.093493 -2.727992 73.794723 -0.000020 32.516779 -0.000006 25.457271 8.380624 4.049675 -2.342537 -1.287619 1.805307 12.593951 -8.153694 -17.222421 -1.998870 -1.154047 1.154042 6.064830 -5.313234 -13.324095 -2.115646 -1.221473 1.221462 -13.753601 7.447206 9.069843 -1.745166 -1.007569 1.007566 -0.000001 -0.000011 -0.000001 -7.289624 -0.160562 1.788520 -0.934042 0.803122 10.773192 -2.816291 -0.000008 -0.000007 0.637324 -3.394051 26.746406 -2.639583 -0.000007 0.000007 -0.167847 -0.590567 17.433254 -2.241501 -0.000006 0.000014 0.000002 0.000002 0.000000 -7.060412 0.000008 0.000006 0.839964 -8.113515 23.112375 -3.340207 0.000003 0.000000 1.181246 -4.370036 38.023544 -3.056704 -0.000003 -0.000003 0.821945 -3.075371 31.081739 -2.639474 0.000000 -0.000009 -0.000001 0.000002 0.000000 -6.774590 0.049798 -1.636027 1.275984 -8.669401 41.005676 -2.923900 -0.000001 0.000013 0.713385 -2.594916 23.801116 -2.718001 -0.000011 0.000003 -0.130790 -0.209827 20.215118 -2.379610 0.000000 0.000009 -0.000000 -0.000001 0.000001 -6.148537 -0.175708 -3.130186 2.500283 -10.281923 45.253060 -2.627893 -0.000005 -0.000008 1.612578 -4.332255 49.089683 -2.122490 0.000017 -0.000005 -0.378858 -2.603567 43.266790 -1.792002 0.000002 0.000002 0.000001 -0.000002 -0.000001 7.556999 -4.826313 0.300478 -28.471184 -0.342211 1.304119 0.315534 -24.058294 0.537043 67.064323 2.618833 7.077238 -0.315537 -33.061478 0.084927 4.493386 0.182786 -0.860744 0.092046 -7.483318 10.511632 -5.994857 0.425113 -5.474219 0.082184 -0.046741 6.420124 -0.000001 -0.000000 0.000000 -7.557003 -4.826306 0.300484 -4.101856 -12.101552 9.621857 -0.315557 -24.058256 0.712181 12.317594 1.831905 -1.835713 0.315562 -33.061462 0.096916 -7.148552 -5.093193 -4.973681 -0.092060 -7.483411 10.296527 -2.773197 -0.000002 -0.000001 -0.082208 -0.046777 6.411405 -0.000000 -0.000000 -0.000000 
0.219347 68.685059 110.724838 -0.285095 9.949105 -3.536945 -0.000001 3.962386 -0.274314 2.603319 -0.672811 2.332733 0.000001 14.122135 -0.320022 1.656092 -2.278673 0.845950 0.000000 11.399152 -0.365733 -2.923703 -2.285056 0.251910 0.000000 9.938174 -0.411431 -3.367573 -1.151239 -0.983951 -0.000000 8.579116 0.114201 -1.349393 -3.841517 0.310223 0.000000 25.089088 0.333908 -0.000000 0.000000 -0.000000 4.224101 8.888440 -0.424614 8.280039 -20.929231 3.137780 1.625316 4.497742 -76.980269 0.000011 -36.305099 0.000006 19.884209 -19.957143 5.430811 2.354134 -1.272457 1.802822 28.897513 8.894104 20.768607 1.999429 -1.154373 1.154374 -8.690638 18.041873 -12.337710 2.113314 -1.220119 1.220122 7.946593 -11.221933 1.406953 1.744290 -1.007034 1.007056 -0.000001 -0.000000 -0.000003 7.198479 -0.169237 1.742685 0.321249 3.500377 3.987061 2.844903 -0.000006 -0.000001 0.265683 2.465269 -16.816388 2.665505 -0.000019 0.000002 -0.020309 0.178482 -3.850820 2.297409 -0.000006 -0.000012 0.000000 0.000001 0.000000 6.876539 -0.000006 -0.000005 0.605069 7.624338 -16.487696 3.256827 0.000016 -0.000001 0.612746 3.443009 -27.102869 3.177892 -0.000010 -0.000002 0.271804 1.846630 -15.987009 2.695116 -0.000016 -0.000006 0.000000 0.000002 0.000003 6.623896 -0.059441 -1.696965 0.876768 8.006425 -34.399681 2.957999 -0.000007 0.000004 0.422035 2.000717 -17.172535 2.756902 0.000009 0.000002 0.298778 1.211759 -12.585002 2.334610 0.000011 0.000001 -0.000001 -0.000001 -0.000000 6.046968 -0.139187 -3.244340 3.587798 13.517598 -31.386116 2.623707 0.000009 0.000000 0.487203 2.680653 -29.100803 2.132117 0.000004 -0.000007 0.074785 1.530304 -6.724068 1.793219 0.000012 0.000000 -0.000003 -0.000001 0.000001 -4.224098 8.888414 -0.398196 -0.855008 5.246475 5.396786 22.093493 -2.727992 73.794723 -0.000020 32.516779 -0.000006 25.457271 8.380624 4.049675 -2.342537 -1.287619 1.805307 12.593951 -8.153694 -17.222421 -1.998870 -1.154047 1.154042 6.064830 -5.313234 -13.324095 -2.115646 -1.221473 1.221462 -13.753601 7.447206 9.069843 -1.745166 -1.007569 1.007566 -0.000001 -0.000011 -0.000001 -7.289624 -0.160562 1.788520 -0.934042 0.803122 10.773192 -2.816291 -0.000008 -0.000007 0.637324 -3.394051 26.746406 -2.639583 -0.000007 0.000007 -0.167847 -0.590567 17.433254 -2.241501 -0.000006 0.000014 0.000002 0.000002 0.000000 -7.060412 0.000008 0.000006 0.839964 -8.113515 23.112375 -3.340207 0.000003 0.000000 1.181246 -4.370036 38.023544 -3.056704 -0.000003 -0.000003 0.821945 -3.075371 31.081739 -2.639474 0.000000 -0.000009 -0.000001 0.000002 0.000000 -6.774590 0.049798 -1.636027 1.275984 -8.669401 41.005676 -2.923900 -0.000001 0.000013 0.713385 -2.594916 23.801116 -2.718001 -0.000011 0.000003 -0.130790 -0.209827 20.215118 -2.379610 0.000000 0.000009 -0.000000 -0.000001 0.000001 -6.148537 -0.175708 -3.130186 2.500283 -10.281923 45.253060 -2.627893 -0.000005 -0.000008 1.612578 -4.332255 49.089683 -2.122490 0.000017 -0.000005 -0.378858 -2.603567 43.266790 -1.792002 0.000002 0.000002 0.000001 -0.000002 -0.000001 7.556999 -4.826313 0.300478 -28.471184 -0.342211 1.304119 0.315534 -24.058294 0.537043 67.064323 2.618833 7.077238 -0.315537 -33.061478 0.084927 4.493386 0.182786 -0.860744 0.092046 -7.483318 10.511632 -5.994857 0.425113 -5.474219 0.082184 -0.046741 6.420124 -0.000001 -0.000000 0.000000 -7.557003 -4.826306 0.300484 -4.101856 -12.101552 9.621857 -0.315557 -24.058256 0.712181 12.317594 1.831905 -1.835713 0.315562 -33.061462 0.096916 -7.148552 -5.093193 -4.973681 -0.092060 -7.483411 10.296527 -2.773197 -0.000002 -0.000001 -0.082208 -0.046777 6.411405 -0.000000 -0.000000 -0.000000 
0.219347 68.685059 110.724838 -0.285095 9.949105 -3.536945 -0.000001 3.962386 -0.274314 2.603319 -0.672811 2.332733 0.000001 14.122135 -0.320022 1.656092 -2.278673 0.845950 0.000000 11.399152 -0.365733 -2.923703 -2.285056 0.251910 0.000000 9.938174 -0.411431 -3.367573 -1.151239 -0.983951 -0.000000 8.579116 0.114201 -1.349393 -3.841517 0.310223 0.000000 25.089088 0.333908 -0.000000 0.000000 -0.000000 4.224101 8.888440 -0.424614 8.280039 -20.929231 3.137780 1.625316 4.497742 -76.980269 0.000011 -36.305099 0.000006 19.884209 -19.957143 5.430811 2.354134 -1.272457 1.802822 28.897513 8.894104 20.768607 1.999429 -1.154373 1.154374 -8.690638 18.041873 -12.337710 2.113314 -1.220119 1.220122 7.946593 -11.221933 1.406953 1.744290 -1.007034 1.007056 -0.000001 -0.000000 -0.000003 7.198479 -0.169237 1.742685 0.321249 3.500377 3.987061 2.844903 -0.000006 -0.000001 0.265683 2.465269 -16.816388 2.665505 -0.000019 0.000002 -0.020309 0.178482 -3.850820 2.297409 -0.000006 -0.000012 0.000000 0.000001 0.000000 6.876539 -0.000006 -0.000005 0.605069 7.624338 -16.487696 3.256827 0.000016 -0.000001 0.612746 3.443009 -27.102869 3.177892 -0.000010 -0.000002 0.271804 1.846630 -15.987009 2.695116 -0.000016 -0.000006 0.000000 0.000002 0.000003 6.623896 -0.059441 -1.696965 0.876768 8.006425 -34.399681 2.957999 -0.000007 0.000004 0.422035 2.000717 -17.172535 2.756902 0.000009 0.000002 0.298778 1.211759 -12.585002 2.334610 0.000011 0.000001 -0.000001 -0.000001 -0.000000 6.046968 -0.139187 -3.244340 3.587798 13.517598 -31.386116 2.623707 0.000009 0.000000 0.487203 2.680653 -29.100803 2.132117 0.000004 -0.000007 0.074785 1.530304 -6.724068 1.793219 0.000012 0.000000 -0.000003 -0.000001 0.000001 -4.224098 8.888414 -0.398196 -0.855008 5.246475 5.396786 22.093493 -2.727992 73.794723 -0.000020 32.516779 -0.000006 25.457271 8.380624 4.049675 -2.342537 -1.287619 1.805307 12.593951 -8.153694 -17.222421 -1.998870 -1.154047 1.154042 6.064830 -5.313234 -13.324095 -2.115646 -1.221473 1.221462 -13.753601 7.447206 9.069843 -1.745166 -1.007569 1.007566 -0.000001 -0.000011 -0.000001 -7.289624 -0.160562 1.788520 -0.934042 0.803122 10.773192 -2.816291 -0.000008 -0.000007 0.637324 -3.394051 26.746406 -2.639583 -0.000007 0.000007 -0.167847 -0.590567 17.433254 -2.241501 -0.000006 0.000014 0.000002 0.000002 0.000000 -7.060412 0.000008 0.000006 0.839964 -8.113515 23.112375 -3.340207 0.000003 0.000000 1.181246 -4.370036 38.023544 -3.056704 -0.000003 -0.000003 0.821945 -3.075371 31.081739 -2.639474 0.000000 -0.000009 -0.000001 0.000002 0.000000 -6.774590 0.049798 -1.636027 1.275984 -8.669401 41.005676 -2.923900 -0.000001 0.000013 0.713385 -2.594916 23.801116 -2.718001 -0.000011 0.000003 -0.130790 -0.209827 20.215118 -2.379610 0.000000 0.000009 -0.000000 -0.000001 0.000001 -6.148537 -0.175708 -3.130186 2.500283 -10.281923 45.253060 -2.627893 -0.000005 -0.000008 1.612578 -4.332255 49.089683 -2.122490 0.000017 -0.000005 -0.378858 -2.603567 43.266790 -1.792002 0.000002 0.000002 0.000001 -0.000002 -0.000001 7.556999 -4.826313 0.300478 -28.471184 -0.342211 1.304119 0.315534 -24.058294 0.537043 67.064323 2.618833 7.077238 -0.315537 -33.061478 0.084927 4.493386 0.182786 -0.860744 0.092046 -7.483318 10.511632 -5.994857 0.425113 -5.474219 0.082184 -0.046741 6.420124 -0.000001 -0.000000 0.000000 -7.557003 -4.826306 0.300484 -4.101856 -12.101552 9.621857 -0.315557 -24.058256 0.712181 12.317594 1.831905 -1.835713 0.315562 -33.061462 0.096916 -7.148552 -5.093193 -4.973681 -0.092060 -7.483411 10.296527 -2.773197 -0.000002 -0.000001 -0.082208 -0.046777 6.411405 -0.000000 -0.000000 -0.000000 
0.219347 68.685059 110.724838 -0.285095 9.949105 -3.536945 -0.000001 3.962386 -0.274314 2.603319 -0.672811 2.332733 0.000001 14.122135 -0.320022 1.656092 -2.278673 0.845950 0.000000 11.399152 -0.365733 -2.923703 -2.285056 0.251910 0.000000 9.938174 -0.411431 -3.367573 -1.151239 -0.983951 -0.000000 8.579116 0.114201 -1.349393 -3.841517 0.310223 0.000000 25.089088 0.333908 -0.000000 0.000000 -0.000000 4.224101 8.888440 -0.424614 8.280039 -20.929231 3.137780 1.625316 4.497742 -76.980269 0.000011 -36.305099 0.000006 19.884209 -19.957143 5.430811 2.354134 -1.272457 1.802822 28.897513 8.894104 20.768607 1.999429 -1.154373 1.154374 -8.690638 18.041873 -12.337710 2.113314 -1.220119 1.220122 7.946593 -11.221933 1.406953 1.744290 -1.007034 1.007056 -0.000001 -0.000000 -0.000003 7.198479 -0.169237 1.742685 0.321249 3.500377 3.987061 2.844903 -0.000006 -0.000001 0.265683 2.465269 -16.816388 2.665505 -0.000019 0.000002 -0.020309 0.178482 -3.850820 2.297409 -0.000006 -0.000012 0.000000 0.000001 0.000000 6.876539 -0.000006 -0.000005 0.605069 7.624338 -16.487696 3.256827 0.000016 -0.000001 0.612746 3.443009 -27.102869 3.177892 -0.000010 -0.000002 0.271804 1.846630 -15.987009 2.695116 -0.000016 -0.000006 0.000000 0.000002 0.000003 6.623896 -0.059441 -1.696965 0.876768 8.006425 -34.399681 2.957999 -0.000007 0.000004 0.422035 2.000717 -17.172535 2.756902 0.000009 0.000002 0.298778 1.211759 -12.585002 2.334610 0.000011 0.000001 -0.000001 -0.000001 -0.000000 6.046968 -0.139187 -3.244340 3.587798 13.517598 -31.386116 2.623707 0.000009 0.000000 0.487203 2.680653 -29.100803 2.132117 0.000004 -0.000007 0.074785 1.530304 -6.724068 1.793219 0.000012 0.000000 -0.000003 -0.000001 0.000001 -4.224098 8.888414 -0.398196 -0.855008 5.246475 5.396786 22.093493 -2.727992 73.794723 -0.000020 32.516779 -0.000006 25.457271 8.380624 4.049675 -2.342537 -1.287619 1.805307 12.593951 -8.153694 -17.222421 -1.998870 -1.154047 1.154042 6.064830 -5.313234 -13.324095 -2.115646 -1.221473 1.221462 -13.753601 7.447206 9.069843 -1.745166 -1.007569 1.007566 -0.000001 -0.000011 -0.000001 -7.289624 -0.160562 1.788520 -0.934042 0.803122 10.773192 -2.816291 -0.000008 -0.000007 0.637324 -3.394051 26.746406 -2.639583 -0.000007 0.000007 -0.167847 -0.590567 17.433254 -2.241501 -0.000006 0.000014 0.000002 0.000002 0.000000 -7.060412 0.000008 0.000006 0.839964 -8.113515 23.112375 -3.340207 0.000003 0.000000 1.181246 -4.370036 38.023544 -3.056704 -0.000003 -0.000003 0.821945 -3.075371 31.081739 -2.639474 0.000000 -0.000009 -0.000001 0.000002 0.000000 -6.774590 0.049798 -1.636027 1.275984 -8.669401 41.005676 -2.923900 -0.000001 0.000013 0.713385 -2.594916 23.801116 -2.718001 -0.000011 0.000003 -0.130790 -0.209827 20.215118 -2.379610 0.000000 0.000009 -0.000000 -0.000001 0.000001 -6.148537 -0.175708 -3.130186 2.500283 -10.281923 45.253060 -2.627893 -0.000005 -0.000008 1.612578 -4.332255 49.089683 -2.122490 0.000017 -0.000005 -0.378858 -2.603567 43.266790 -1.792002 0.000002 0.000002 0.000001 -0.000002 -0.000001 7.556999 -4.826313 0.300478 -28.471184 -0.342211 1.304119 0.315534 -24.058294 0.537043 67.064323 2.618833 7.077238 -0.315537 -33.061478 0.084927 4.493386 0.182786 -0.860744 0.092046 -7.483318 10.511632 -5.994857 0.425113 -5.474219 0.082184 -0.046741 6.420124 -0.000001 -0.000000 0.000000 -7.557003 -4.826306 0.300484 -4.101856 -12.101552 9.621857 -0.315557 -24.058256 0.712181 12.317594 1.831905 -1.835713 0.315562 -33.061462 0.096916 -7.148552 -5.093193 -4.973681 -0.092060 -7.483411 10.296527 -2.773197 -0.000002 -0.000001 -0.082208 -0.046777 6.411405 -0.000000 -0.000000 -0.000000 
0.219347 68.685059 110.724838 -0.285095 9.949105 -3.536945 -0.000001 3.962386 -0.274314 2.603319 -0.672811 2.332733 0.000001 14.122135 -0.320022 1.656092 -2.278673 0.845950 0.000000 11.399152 -0.365733 -2.923703 -2.285056 0.251910 0.000000 9.938174 -0.411431 -3.367573 -1.151239 -0.983951 -0.000000 8.579116 0.114201 -1.349393 -3.841517 0.310223 0.000000 25.089088 0.333908 -0.000000 0.000000 -0.000000 4.224101 8.888440 -0.424614 8.280039 -20.929231 3.137780 1.625316 4.497742 -76.980269 0.000011 -36.305099 0.000006 19.884209 -19.957143 5.430811 2.354134 -1.272457 1.802822 28.897513 8.894104 20.768607 1.999429 -1.154373 1.154374 -8.690638 18.041873 -12.337710 2.113314 -1.220119 1.220122 7.946593 -11.221933 1.406953 1.744290 -1.007034 1.007056 -0.000001 -0.000000 -0.000003 7.198479 -0.169237 1.742685 0.321249 3.500377 3.987061 2.844903 -0.000006 -0.000001 0.265683 2.465269 -16.816388 2.665505 -0.000019 0.000002 -0.020309 0.178482 -3.850820 2.297409 -0.000006 -0.000012 0.000000 0.000001 0.000000 6.876539 -0.000006 -0.000005 0.605069 7.624338 -16.487696 3.256827 0.000016 -0.000001 0.612746 3.443009 -27.102869 3.177892 -0.000010 -0.000002 0.271804 1.846630 -15.987009 2.695116 -0.000016 -0.000006 0.000000 0.000002 0.000003 6.623896 -0.059441 -1.696965 0.876768 8.006425 -34.399681 2.957999 -0.000007 0.000004 0.422035 2.000717 -17.172535 2.756902 0.000009 0.000002 0.298778 1.211759 -12.585002 2.334610 0.000011 0.000001 -0.000001 -0.000001 -0.000000 6.046968 -0.139187 -3.244340 3.587798 13.517598 -31.386116 2.623707 0.000009 0.000000 0.487203 2.680653 -29.100803 2.132117 0.000004 -0.000007 0.074785 1.530304 -6.724068 1.793219 0.000012 0.000000 -0.000003 -0.000001 0.000001 -4.224098 8.888414 -0.398196 -0.855008 5.246475 5.396786 22.093493 -2.727992 73.794723 -0.000020 32.516779 -0.000006 25.457271 8.380624 4.049675 -2.342537 -1.287619 1.805307 12.593951 -8.153694 -17.222421 -1.998870 -1.154047 1.154042 6.064830 -5.313234 -13.324095 -2.115646 -1.221473 1.221462 -13.753601 7.447206 9.069843 -1.745166 -1.007569 1.007566 -0.000001 -0.000011 -0.000001 -7.289624 -0.160562 1.788520 -0.934042 0.803122 10.773192 -2.816291 -0.000008 -0.000007 0.637324 -3.394051 26.746406 -2.639583 -0.000007 0.000007 -0.167847 -0.590567 17.433254 -2.241501 -0.000006 0.000014 0.000002 0.000002 0.000000 -7.060412 0.000008 0.000006 0.839964 -8.113515 23.112375 -3.340207 0.000003 0.000000 1.181246 -4.370036 38.023544 -3.056704 -0.000003 -0.000003 0.821945 -3.075371 31.081739 -2.639474 0.000000 -0.000009 -0.000001 0.000002 0.000000 -6.774590 0.049798 -1.636027 1.275984 -8.669401 41.005676 -2.923900 -0.000001 0.000013 0.713385 -2.594916 23.801116 -2.718001 -0.000011 0.000003 -0.130790 -0.209827 20.215118 -2.379610 0.000000 0.000009 -0.000000 -0.000001 0.000001 -6.148537 -0.175708 -3.130186 2.500283 -10.281923 45.253060 -2.627893 -0.000005 -0.000008 1.612578 -4.332255 49.089683 -2.122490 0.000017 -0.000005 -0.378858 -2.603567 43.266790 -1.792002 0.000002 0.000002 0.000001 -0.000002 -0.000001 7.556999 -4.826313 0.300478 -28.471184 -0.342211 1.304119 0.315534 -24.058294 0.537043 67.064323 2.618833 7.077238 -0.315537 -33.061478 0.084927 4.493386 0.182786 -0.860744 0.092046 -7.483318 10.511632 -5.994857 0.425113 -5.474219 0.082184 -0.046741 6.420124 -0.000001 -0.000000 0.000000 -7.557003 -4.826306 0.300484 -4.101856 -12.101552 9.621857 -0.315557 -24.058256 0.712181 12.317594 1.831905 -1.835713 0.315562 -33.061462 0.096916 -7.148552 -5.093193 -4.973681 -0.092060 -7.483411 10.296527 -2.773197 -0.000002 -0.000001 -0.082208 -0.046777 6.411405 -0.000000 -0.000000 -0.000000 
0.219347 68.685059 110.724838 -0.285095 9.949105 -3.536945 -0.000001 3.962386 -0.274314 2.603319 -0.672811 2.332733 0.000001 14.122135 -0.320022 1.656092 -2.278673 0.845950 0.000000 11.399152 -0.365733 -2.923703 -2.285056 0.251910 0.000000 9.938174 -0.411431 -3.367573 -1.151239 -0.983951 -0.000000 8.579116 0.114201 -1.349393 -3.841517 0.310223 0.000000 25.089088 0.333908 -0.000000 0.000000 -0.000000 4.224101 8.888440 -0.424614 8.280039 -20.929231 3.137780 1.625316 4.497742 -76.980269 0.000011 -36.305099 0.000006 19.884209 -19.957143 5.430811 2.354134 -1.272457 1.802822 28.897513 8.894104 20.768607 1.999429 -1.154373 1.154374 -8.690638 18.041873 -12.337710 2.113314 -1.220119 1.220122 7.946593 -11.221933 1.406953 1.744290 -1.007034 1.007056 -0.000001 -0.000000 -0.000003 7.198479 -0.169237 1.742685 0.321249 3.500377 3.987061 2.844903 -0.000006 -0.000001 0.265683 2.465269 -16.816388 2.665505 -0.000019 0.000002 -0.020309 0.178482 -3.850820 2.297409 -0.000006 -0.000012 0.000000 0.000001 0.000000 6.876539 -0.000006 -0.000005 0.605069 7.624338 -16.487696 3.256827 0.000016 -0.000001 0.612746 3.443009 -27.102869 3.177892 -0.000010 -0.000002 0.271804 1.846630 -15.987009 2.695116 -0.000016 -0.000006 0.000000 0.000002 0.000003 6.623896 -0.059441 -1.696965 0.876768 8.006425 -34.399681 2.957999 -0.000007 0.000004 0.422035 2.000717 -17.172535 2.756902 0.000009 0.000002 0.298778 1.211759 -12.585002 2.334610 0.000011 0.000001 -0.000001 -0.000001 -0.000000 6.046968 -0.139187 -3.244340 3.587798 13.517598 -31.386116 2.623707 0.000009 0.000000 0.487203 2.680653 -29.100803 2.132117 0.000004 -0.000007 0.074785 1.530304 -6.724068 1.793219 0.000012 0.000000 -0.000003 -0.000001 0.000001 -4.224098 8.888414 -0.398196 -0.855008 5.246475 5.396786 22.093493 -2.727992 73.794723 -0.000020 32.516779 -0.000006 25.457271 8.380624 4.049675 -2.342537 -1.287619 1.805307 12.593951 -8.153694 -17.222421 -1.998870 -1.154047 1.154042 6.064830 -5.313234 -13.324095 -2.115646 -1.221473 1.221462 -13.753601 7.447206 9.069843 -1.745166 -1.007569 1.007566 -0.000001 -0.000011 -0.000001 -7.289624 -0.160562 1.788520 -0.934042 0.803122 10.773192 -2.816291 -0.000008 -0.000007 0.637324 -3.394051 26.746406 -2.639583 -0.000007 0.000007 -0.167847 -0.590567 17.433254 -2.241501 -0.000006 0.000014 0.000002 0.000002 0.000000 -7.060412 0.000008 0.000006 0.839964 -8.113515 23.112375 -3.340207 0.000003 0.000000 1.181246 -4.370036 38.023544 -3.056704 -0.000003 -0.000003 0.821945 -3.075371 31.081739 -2.639474 0.000000 -0.000009 -0.000001 0.000002 0.000000 -6.774590 0.049798 -1.636027 1.275984 -8.669401 41.005676 -2.923900 -0.000001 0.000013 0.713385 -2.594916 23.801116 -2.718001 -0.000011 0.000003 -0.130790 -0.209827 20.215118 -2.379610 0.000000 0.000009 -0.000000 -0.000001 0.000001 -6.148537 -0.175708 -3.130186 2.500283 -10.281923 45.253060 -2.627893 -0.000005 -0.000008 1.612578 -4.332255 49.089683 -2.122490 0.000017 -0.000005 -0.378858 -2.603567 43.266790 -1.792002 0.000002 0.000002 0.000001 -0.000002 -0.000001 7.556999 -4.826313 0.300478 -28.471184 -0.342211 1.304119 0.315534 -24.058294 0.537043 67.064323 2.618833 7.077238 -0.315537 -33.061478 0.084927 4.493386 0.182786 -0.860744 0.092046 -7.483318 10.511632 -5.994857 0.425113 -5.474219 0.082184 -0.046741 6.420124 -0.000001 -0.000000 0.000000 -7.557003 -4.826306 0.300484 -4.101856 -12.101552 9.621857 -0.315557 -24.058256 0.712181 12.317594 1.831905 -1.835713 0.315562 -33.061462 0.096916 -7.148552 -5.093193 -4.973681 -0.092060 -7.483411 10.296527 -2.773197 -0.000002 -0.000001 -0.082208 -0.046777 6.411405 -0.000000 -0.000000 -0.000000 
0.219347 68.685059 110.724838 -0.285095 9.949105 -3.536945 -0.000001 3.962386 -0.274314 2.603319 -0.672811 2.332733 0.000001 14.122135 -0.320022 1.656092 -2.278673 0.845950 0.000000 11.399152 -0.365733 -2.923703 -2.285056 0.251910 0.000000 9.938174 -0.411431 -3.367573 -1.151239 -0.983951 -0.000000 8.579116 0.114201 -1.349393 -3.841517 0.310223 0.000000 25.089088 0.333908 -0.000000 0.000000 -0.000000 4.224101 8.888440 -0.424614 8.280039 -20.929231 3.137780 1.625316 4.497742 -76.980269 0.000011 -36.305099 0.000006 19.884209 -19.957143 5.430811 2.354134 -1.272457 1.802822 28.897513 8.894104 20.768607 1.999429 -1.154373 1.154374 -8.690638 18.041873 -12.337710 2.113314 -1.220119 1.220122 7.946593 -11.221933 1.406953 1.744290 -1.007034 1.007056 -0.000001 -0.000000 -0.000003 7.198479 -0.169237 1.742685 0.321249 3.500377 3.987061 2.844903 -0.000006 -0.000001 0.265683 2.465269 -16.816388 2.665505 -0.000019 0.000002 -0.020309 0.178482 -3.850820 2.297409 -0.000006 -0.000012 0.000000 0.000001 0.000000 6.876539 -0.000006 -0.000005 0.605069 7.624338 -16.487696 3.256827 0.000016 -0.000001 0.612746 3.443009 -27.102869 3.177892 -0.000010 -0.000002 0.271804 1.846630 -15.987009 2.695116 -0.000016 -0.000006 0.000000 0.000002 0.000003 6.623896 -0.059441 -1.696965 0.876768 8.006425 -34.399681 2.957999 -0.000007 0.000004 0.422035 2.000717 -17.172535 2.756902 0.000009 0.000002 0.298778 1.211759 -12.585002 2.334610 0.000011 0.000001 -0.000001 -0.000001 -0.000000 6.046968 -0.139187 -3.244340 3.587798 13.517598 -31.386116 2.623707 0.000009 0.000000 0.487203 2.680653 -29.100803 2.132117 0.000004 -0.000007 0.074785 1.530304 -6.724068 1.793219 0.000012 0.000000 -0.000003 -0.000001 0.000001 -4.224098 8.888414 -0.398196 -0.855008 5.246475 5.396786 22.093493 -2.727992 73.794723 -0.000020 32.516779 -0.000006 25.457271 8.380624 4.049675 -2.342537 -1.287619 1.805307 12.593951 -8.153694 -17.222421 -1.998870 -1.154047 1.154042 6.064830 -5.313234 -13.324095 -2.115646 -1.221473 1.221462 -13.753601 7.447206 9.069843 -1.745166 -1.007569 1.007566 -0.000001 -0.000011 -0.000001 -7.289624 -0.160562 1.788520 -0.934042 0.803122 10.773192 -2.816291 -0.000008 -0.000007 0.637324 -3.394051 26.746406 -2.639583 -0.000007 0.000007 -0.167847 -0.590567 17.433254 -2.241501 -0.000006 0.000014 0.000002 0.000002 0.000000 -7.060412 0.000008 0.000006 0.839964 -8.113515 23.112375 -3.340207 0.000003 0.000000 1.181246 -4.370036 38.023544 -3.056704 -0.000003 -0.000003 0.821945 -3.075371 31.081739 -2.639474 0.000000 -0.000009 -0.000001 0.000002 0.000000 -6.774590 0.049798 -1.636027 1.275984 -8.669401 41.005676 -2.923900 -0.000001 0.000013 0.713385 -2.594916 23.801116 -2.718001 -0.000011 0.000003 -0.130790 -0.209827 20.215118 -2.379610 0.000000 0.000009 -0.000000 -0.000001 0.000001 -6.148537 -0.175708 -3.130186 2.500283 -10.281923 45.253060 -2.627893 -0.000005 -0.000008 1.612578 -4.332255 49.089683 -2.122490 0.000017 -0.000005 -0.378858 -2.603567 43.266790 -1.792002 0.000002 0.000002 0.000001 -0.000002 -0.000001 7.556999 -4.826313 0.300478 -28.471184 -0.342211 1.304119 0.315534 -24.058294 0.537043 67.064323 2.618833 7.077238 -0.315537 -33.061478 0.084927 4.493386 0.182786 -0.860744 0.092046 -7.483318 10.511632 -5.994857 0.425113 -5.474219 0.082184 -0.046741 6.420124 -0.000001 -0.000000 0.000000 -7.557003 -4.826306 0.300484 -4.101856 -12.101552 9.621857 -0.315557 -24.058256 0.712181 12.317594 1.831905 -1.835713 0.315562 -33.061462 0.096916 -7.148552 -5.093193 -4.973681 -0.092060 -7.483411 10.296527 -2.773197 -0.000002 -0.000001 -0.082208 -0.046777 6.411405 -0.000000 -0.000000 -0.000000 
0.219347 68.685059 110.724838 -0.285095 9.949105 -3.536945 -0.000001 3.962386 -0.274314 2.603319 -0.672811 2.332733 0.000001 14.122135 -0.320022 1.656092 -2.278673 0.845950 0.000000 11.399152 -0.365733 -2.923703 -2.285056 0.251910 0.000000 9.938174 -0.411431 -3.367573 -1.151239 -0.983951 -0.000000 8.579116 0.114201 -1.349393 -3.841517 0.310223 0.000000 25.089088 0.333908 -0.000000 0.000000 -0.000000 4.224101 8.888440 -0.424614 8.280039 -20.929231 3.137780 1.625316 4.497742 -76.980269 0.000011 -36.305099 0.000006 19.884209 -19.957143 5.430811 2.354134 -1.272457 1.802822 28.897513 8.894104 20.768607 1.999429 -1.154373 1.154374 -8.690638 18.041873 -12.337710 2.113314 -1.220119 1.220122 7.946593 -11.221933 1.406953 1.744290 -1.007034 1.007056 -0.000001 -0.000000 -0.000003 7.198479 -0.169237 1.742685 0.321249 3.500377 3.987061 2.844903 -0.000006 -0.000001 0.265683 2.465269 -16.816388 2.665505 -0.000019 0.000002 -0.020309 0.178482 -3.850820 2.297409 -0.000006 -0.000012 0.000000 0.000001 0.000000 6.876539 -0.000006 -0.000005 0.605069 7.624338 -16.487696 3.256827 0.000016 -0.000001 0.612746 3.443009 -27.102869 3.177892 -0.000010 -0.000002 0.271804 1.846630 -15.987009 2.695116 -0.000016 -0.000006 0.000000 0.000002 0.000003 6.623896 -0.059441 -1.696965 0.876768 8.006425 -34.399681 2.957999 -0.000007 0.000004 0.422035 2.000717 -17.172535 2.756902 0.000009 0.000002 0.298778 1.211759 -12.585002 2.334610 0.000011 0.000001 -0.000001 -0.000001 -0.000000 6.046968 -0.139187 -3.244340 3.587798 13.517598 -31.386116 2.623707 0.000009 0.000000 0.487203 2.680653 -29.100803 2.132117 0.000004 -0.000007 0.074785 1.530304 -6.724068 1.793219 0.000012 0.000000 -0.000003 -0.000001 0.000001 -4.224098 8.888414 -0.398196 -0.855008 5.246475 5.396786 22.093493 -2.727992 73.794723 -0.000020 32.516779 -0.000006 25.457271 8.380624 4.049675 -2.342537 -1.287619 1.805307 12.593951 -8.153694 -17.222421 -1.998870 -1.154047 1.154042 6.064830 -5.313234 -13.324095 -2.115646 -1.221473 1.221462 -13.753601 7.447206 9.069843 -1.745166 -1.007569 1.007566 -0.000001 -0.000011 -0.000001 -7.289624 -0.160562 1.788520 -0.934042 0.803122 10.773192 -2.816291 -0.000008 -0.000007 0.637324 -3.394051 26.746406 -2.639583 -0.000007 0.000007 -0.167847 -0.590567 17.433254 -2.241501 -0.000006 0.000014 0.000002 0.000002 0.000000 -7.060412 0.000008 0.000006 0.839964 -8.113515 23.112375 -3.340207 0.000003 0.000000 1.181246 -4.370036 38.023544 -3.056704 -0.000003 -0.000003 0.821945 -3.075371 31.081739 -2.639474 0.000000 -0.000009 -0.000001 0.000002 0.000000 -6.774590 0.049798 -1.636027 1.275984 -8.669401 41.005676 -2.923900 -0.000001 0.000013 0.713385 -2.594916 23.801116 -2.718001 -0.000011 0.000003 -0.130790 -0.209827 20.215118 -2.379610 0.000000 0.000009 -0.000000 -0.000001 0.000001 -6.148537 -0.175708 -3.130186 2.500283 -10.281923 45.253060 -2.627893 -0.000005 -0.000008 1.612578 -4.332255 49.089683 -2.122490 0.000017 -0.000005 -0.378858 -2.603567 43.266790 -1.792002 0.000002 0.000002 0.000001 -0.000002 -0.000001 7.556999 -4.826313 0.300478 -28.471184 -0.342211 1.304119 0.315534 -24.058294 0.537043 67.064323 2.618833 7.077238 -0.315537 -33.061478 0.084927 4.493386 0.182786 -0.860744 0.092046 -7.483318 10.511632 -5.994857 0.425113 -5.474219 0.082184 -0.046741 6.420124 -0.000001 -0.000000 0.000000 -7.557003 -4.826306 0.300484 -4.101856 -12.101552 9.621857 -0.315557 -24.058256 0.712181 12.317594 1.831905 -1.835713 0.315562 -33.061462 0.096916 -7.148552 -5.093193 -4.973681 -0.092060 -7.483411 10.296527 -2.773197 -0.000002 -0.000001 -0.082208 -0.046777 6.411405 -0.000000 -0.000000 -0.000000 
0.219347 68.685059 110.724838 -0.285095 9.949105 -3.536945 -0.000001 3.962386 -0.274314 2.603319 -0.672811 2.332733 0.000001 14.122135 -0.320022 1.656092 -2.278673 0.845950 0.000000 11.399152 -0.365733 -2.923703 -2.285056 0.251910 0.000000 9.938174 -0.411431 -3.367573 -1.151239 -0.983951 -0.000000 8.579116 0.114201 -1.349393 -3.841517 0.310223 0.000000 25.089088 0.333908 -0.000000 0.000000 -0.000000 4.224101 8.888440 -0.424614 8.280039 -20.929231 3.137780 1.625316 4.497742 -76.980269 0.000011 -36.305099 0.000006 19.884209 -19.957143 5.430811 2.354134 -1.272457 1.802822 28.897513 8.894104 20.768607 1.999429 -1.154373 1.154374 -8.690638 18.041873 -12.337710 2.113314 -1.220119 1.220122 7.946593 -11.221933 1.406953 1.744290 -1.007034 1.007056 -0.000001 -0.000000 -0.000003 7.198479 -0.169237 1.742685 0.321249 3.500377 3.987061 2.844903 -0.000006 -0.000001 0.265683 2.465269 -16.816388 2.665505 -0.000019 0.000002 -0.020309 0.178482 -3.850820 2.297409 -0.000006 -0.000012 0.000000 0.000001 0.000000 6.876539 -0.000006 -0.000005 0.605069 7.624338 -16.487696 3.256827 0.000016 -0.000001 0.612746 3.443009 -27.102869 3.177892 -0.000010 -0.000002 0.271804 1.846630 -15.987009 2.695116 -0.000016 -0.000006 0.000000 0.000002 0.000003 6.623896 -0.059441 -1.696965 0.876768 8.006425 -34.399681 2.957999 -0.000007 0.000004 0.422035 2.000717 -17.172535 2.756902 0.000009 0.000002 0.298778 1.211759 -12.585002 2.334610 0.000011 0.000001 -0.000001 -0.000001 -0.000000 6.046968 -0.139187 -3.244340 3.587798 13.517598 -31.386116 2.623707 0.000009 0.000000 0.487203 2.680653 -29.100803 2.132117 0.000004 -0.000007 0.074785 1.530304 -6.724068 1.793219 0.000012 0.000000 -0.000003 -0.000001 0.000001 -4.224098 8.888414 -0.398196 -0.855008 5.246475 5.396786 22.093493 -2.727992 73.794723 -0.000020 32.516779 -0.000006 25.457271 8.380624 4.049675 -2.342537 -1.287619 1.805307 12.593951 -8.153694 -17.222421 -1.998870 -1.154047 1.154042 6.064830 -5.313234 -13.324095 -2.115646 -1.221473 1.221462 -13.753601 7.447206 9.069843 -1.745166 -1.007569 1.007566 -0.000001 -0.000011 -0.000001 -7.289624 -0.160562 1.788520 -0.934042 0.803122 10.773192 -2.816291 -0.000008 -0.000007 0.637324 -3.394051 26.746406 -2.639583 -0.000007 0.000007 -0.167847 -0.590567 17.433254 -2.241501 -0.000006 0.000014 0.000002 0.000002 0.000000 -7.060412 0.000008 0.000006 0.839964 -8.113515 23.112375 -3.340207 0.000003 0.000000 1.181246 -4.370036 38.023544 -3.056704 -0.000003 -0.000003 0.821945 -3.075371 31.081739 -2.639474 0.000000 -0.000009 -0.000001 0.000002 0.000000 -6.774590 0.049798 -1.636027 1.275984 -8.669401 41.005676 -2.923900 -0.000001 0.000013 0.713385 -2.594916 23.801116 -2.718001 -0.000011 0.000003 -0.130790 -0.209827 20.215118 -2.379610 0.000000 0.000009 -0.000000 -0.000001 0.000001 -6.148537 -0.175708 -3.130186 2.500283 -10.281923 45.253060 -2.627893 -0.000005 -0.000008 1.612578 -4.332255 49.089683 -2.122490 0.000017 -0.000005 -0.378858 -2.603567 43.266790 -1.792002 0.000002 0.000002 0.000001 -0.000002 -0.000001 7.556999 -4.826313 0.300478 -28.471184 -0.342211 1.304119 0.315534 -24.058294 0.537043 67.064323 2.618833 7.077238 -0.315537 -33.061478 0.084927 4.493386 0.182786 -0.860744 0.092046 -7.483318 10.511632 -5.994857 0.425113 -5.474219 0.082184 -0.046741 6.420124 -0.000001 -0.000000 0.000000 -7.557003 -4.826306 0.300484 -4.101856 -12.101552 9.621857 -0.315557 -24.058256 0.712181 12.317594 1.831905 -1.835713 0.315562 -33.061462 0.096916 -7.148552 -5.093193 -4.973681 -0.092060 -7.483411 10.296527 -2.773197 -0.000002 -0.000001 -0.082208 -0.046777 6.411405 -0.000000 -0.000000 -0.000000 
0.219347 68.685059 110.724838 -0.285095 9.949105 -3.536945 -0.000001 3.962386 -0.274314 2.603319 -0.672811 2.332733 0.000001 14.122135 -0.320022 1.656092 -2.278673 0.845950 0.000000 11.399152 -0.365733 -2.923703 -2.285056 0.251910 0.000000 9.938174 -0.411431 -3.367573 -1.151239 -0.983951 -0.000000 8.579116 0.114201 -1.349393 -3.841517 0.310223 0.000000 25.089088 0.333908 -0.000000 0.000000 -0.000000 4.224101 8.888440 -0.424614 8.280039 -20.929231 3.137780 1.625316 4.497742 -76.980269 0.000011 -36.305099 0.000006 19.884209 -19.957143 5.430811 2.354134 -1.272457 1.802822 28.897513 8.894104 20.768607 1.999429 -1.154373 1.154374 -8.690638 18.041873 -12.337710 2.113314 -1.220119 1.220122 7.946593 -11.221933 1.406953 1.744290 -1.007034 1.007056 -0.000001 -0.000000 -0.000003 7.198479 -0.169237 1.742685 0.321249 3.500377 3.987061 2.844903 -0.000006 -0.000001 0.265683 2.465269 -16.816388 2.665505 -0.000019 0.000002 -0.020309 0.178482 -3.850820 2.297409 -0.000006 -0.000012 0.000000 0.000001 0.000000 6.876539 -0.000006 -0.000005 0.605069 7.624338 -16.487696 3.256827 0.000016 -0.000001 0.612746 3.443009 -27.102869 3.177892 -0.000010 -0.000002 0.271804 1.846630 -15.987009 2.695116 -0.000016 -0.000006 0.000000 0.000002 0.000003 6.623896 -0.059441 -1.696965 0.876768 8.006425 -34.399681 2.957999 -0.000007 0.000004 0.422035 2.000717 -17.172535 2.756902 0.000009 0.000002 0.298778 1.211759 -12.585002 2.334610 0.000011 0.000001 -0.000001 -0.000001 -0.000000 6.046968 -0.139187 -3.244340 3.587798 13.517598 -31.386116 2.623707 0.000009 0.000000 0.487203 2.680653 -29.100803 2.132117 0.000004 -0.000007 0.074785 1.530304 -6.724068 1.793219 0.000012 0.000000 -0.000003 -0.000001 0.000001 -4.224098 8.888414 -0.398196 -0.855008 5.246475 5.396786 22.093493 -2.727992 73.794723 -0.000020 32.516779 -0.000006 25.457271 8.380624 4.049675 -2.342537 -1.287619 1.805307 12.593951 -8.153694 -17.222421 -1.998870 -1.154047 1.154042 6.064830 -5.313234 -13.324095 -2.115646 -1.221473 1.221462 -13.753601 7.447206 9.069843 -1.745166 -1.007569 1.007566 -0.000001 -0.000011 -0.000001 -7.289624 -0.160562 1.788520 -0.934042 0.803122 10.773192 -2.816291 -0.000008 -0.000007 0.637324 -3.394051 26.746406 -2.639583 -0.000007 0.000007 -0.167847 -0.590567 17.433254 -2.241501 -0.000006 0.000014 0.000002 0.000002 0.000000 -7.060412 0.000008 0.000006 0.839964 -8.113515 23.112375 -3.340207 0.000003 0.000000 1.181246 -4.370036 38.023544 -3.056704 -0.000003 -0.000003 0.821945 -3.075371 31.081739 -2.639474 0.000000 -0.000009 -0.000001 0.000002 0.000000 -6.774590 0.049798 -1.636027 1.275984 -8.669401 41.005676 -2.923900 -0.000001 0.000013 0.713385 -2.594916 23.801116 -2.718001 -0.000011 0.000003 -0.130790 -0.209827 20.215118 -2.379610 0.000000 0.000009 -0.000000 -0.000001 0.000001 -6.148537 -0.175708 -3.130186 2.500283 -10.281923 45.253060 -2.627893 -0.000005 -0.000008 1.612578 -4.332255 49.089683 -2.122490 0.000017 -0.000005 -0.378858 -2.603567 43.266790 -1.792002 0.000002 0.000002 0.000001 -0.000002 -0.000001 7.556999 -4.826313 0.300478 -28.471184 -0.342211 1.304119 0.315534 -24.058294 0.537043 67.064323 2.618833 7.077238 -0.315537 -33.061478 0.084927 4.493386 0.182786 -0.860744 0.092046 -7.483318 10.511632 -5.994857 0.425113 -5.474219 0.082184 -0.046741 6.420124 -0.000001 -0.000000 0.000000 -7.557003 -4.826306 0.300484 -4.101856 -12.101552 9.621857 -0.315557 -24.058256 0.712181 12.317594 1.831905 -1.835713 0.315562 -33.061462 0.096916 -7.148552 -5.093193 -4.973681 -0.092060 -7.483411 10.296527 -2.773197 -0.000002 -0.000001 -0.082208 -0.046777 6.411405 -0.000000 -0.000000 -0.000000 
0.219347 68.685059 110.724838 -0.285095 9.949105 -3.536945 -0.000001 3.962386 -0.274314 2.603319 -0.672811 2.332733 0.000001 14.122135 -0.320022 1.656092 -2.278673 0.845950 0.000000 11.399152 -0.365733 -2.923703 -2.285056 0.251910 0.000000 9.938174 -0.411431 -3.367573 -1.151239 -0.983951 -0.000000 8.579116 0.114201 -1.349393 -3.841517 0.310223 0.000000 25.089088 0.333908 -0.000000 0.000000 -0.000000 4.224101 8.888440 -0.424614 8.280039 -20.929231 3.137780 1.625316 4.497742 -76.980269 0.000011 -36.305099 0.000006 19.884209 -19.957143 5.430811 2.354134 -1.272457 1.802822 28.897513 8.894104 20.768607 1.999429 -1.154373 1.154374 -8.690638 18.041873 -12.337710 2.113314 -1.220119 1.220122 7.946593 -11.221933 1.406953 1.744290 -1.007034 1.007056 -0.000001 -0.000000 -0.000003 7.198479 -0.169237 1.742685 0.321249 3.500377 3.987061 2.844903 -0.000006 -0.000001 0.265683 2.465269 -16.816388 2.665505 -0.000019 0.000002 -0.020309 0.178482 -3.850820 2.297409 -0.000006 -0.000012 0.000000 0.000001 0.000000 6.876539 -0.000006 -0.000005 0.605069 7.624338 -16.487696 3.256827 0.000016 -0.000001 0.612746 3.443009 -27.102869 3.177892 -0.000010 -0.000002 0.271804 1.846630 -15.987009 2.695116 -0.000016 -0.000006 0.000000 0.000002 0.000003 6.623896 -0.059441 -1.696965 0.876768 8.006425 -34.399681 2.957999 -0.000007 0.000004 0.422035 2.000717 -17.172535 2.756902 0.000009 0.000002 0.298778 1.211759 -12.585002 2.334610 0.000011 0.000001 -0.000001 -0.000001 -0.000000 6.046968 -0.139187 -3.244340 3.587798 13.517598 -31.386116 2.623707 0.000009 0.000000 0.487203 2.680653 -29.100803 2.132117 0.000004 -0.000007 0.074785 1.530304 -6.724068 1.793219 0.000012 0.000000 -0.000003 -0.000001 0.000001 -4.224098 8.888414 -0.398196 -0.855008 5.246475 5.396786 22.093493 -2.727992 73.794723 -0.000020 32.516779 -0.000006 25.457271 8.380624 4.049675 -2.342537 -1.287619 1.805307 12.593951 -8.153694 -17.222421 -1.998870 -1.154047 1.154042 6.064830 -5.313234 -13.324095 -2.115646 -1.221473 1.221462 -13.753601 7.447206 9.069843 -1.745166 -1.007569 1.007566 -0.000001 -0.000011 -0.000001 -7.289624 -0.160562 1.788520 -0.934042 0.803122 10.773192 -2.816291 -0.000008 -0.000007 0.637324 -3.394051 26.746406 -2.639583 -0.000007 0.000007 -0.167847 -0.590567 17.433254 -2.241501 -0.000006 0.000014 0.000002 0.000002 0.000000 -7.060412 0.000008 0.000006 0.839964 -8.113515 23.112375 -3.340207 0.000003 0.000000 1.181246 -4.370036 38.023544 -3.056704 -0.000003 -0.000003 0.821945 -3.075371 31.081739 -2.639474 0.000000 -0.000009 -0.000001 0.000002 0.000000 -6.774590 0.049798 -1.636027 1.275984 -8.669401 41.005676 -2.923900 -0.000001 0.000013 0.713385 -2.594916 23.801116 -2.718001 -0.000011 0.000003 -0.130790 -0.209827 20.215118 -2.379610 0.000000 0.000009 -0.000000 -0.000001 0.000001 -6.148537 -0.175708 -3.130186 2.500283 -10.281923 45.253060 -2.627893 -0.000005 -0.000008 1.612578 -4.332255 49.089683 -2.122490 0.000017 -0.000005 -0.378858 -2.603567 43.266790 -1.792002 0.000002 0.000002 0.000001 -0.000002 -0.000001 7.556999 -4.826313 0.300478 -28.471184 -0.342211 1.304119 0.315534 -24.058294 0.537043 67.064323 2.618833 7.077238 -0.315537 -33.061478 0.084927 4.493386 0.182786 -0.860744 0.092046 -7.483318 10.511632 -5.994857 0.425113 -5.474219 0.082184 -0.046741 6.420124 -0.000001 -0.000000 0.000000 -7.557003 -4.826306 0.300484 -4.101856 -12.101552 9.621857 -0.315557 -24.058256 0.712181 12.317594 1.831905 -1.835713 0.315562 -33.061462 0.096916 -7.148552 -5.093193 -4.973681 -0.092060 -7.483411 10.296527 -2.773197 -0.000002 -0.000001 -0.082208 -0.046777 6.411405 -0.000000 -0.000000 -0.000000 
0.219347 68.685059 110.724838 -0.285095 9.949105 -3.536945 -0.000001 3.962386 -0.274314 2.603319 -0.672811 2.332733 0.000001 14.122135 -0.320022 1.656092 -2.278673 0.845950 0.000000 11.399152 -0.365733 -2.923703 -2.285056 0.251910 0.000000 9.938174 -0.411431 -3.367573 -1.151239 -0.983951 -0.000000 8.579116 0.114201 -1.349393 -3.841517 0.310223 0.000000 25.089088 0.333908 -0.000000 0.000000 -0.000000 4.224101 8.888440 -0.424614 8.280039 -20.929231 3.137780 1.625316 4.497742 -76.980269 0.000011 -36.305099 0.000006 19.884209 -19.957143 5.430811 2.354134 -1.272457 1.802822 28.897513 8.894104 20.768607 1.999429 -1.154373 1.154374 -8.690638 18.041873 -12.337710 2.113314 -1.220119 1.220122 7.946593 -11.221933 1.406953 1.744290 -1.007034 1.007056 -0.000001 -0.000000 -0.000003 7.198479 -0.169237 1.742685 0.321249 3.500377 3.987061 2.844903 -0.000006 -0.000001 0.265683 2.465269 -16.816388 2.665505 -0.000019 0.000002 -0.020309 0.178482 -3.850820 2.297409 -0.000006 -0.000012 0.000000 0.000001 0.000000 6.876539 -0.000006 -0.000005 0.605069 7.624338 -16.487696 3.256827 0.000016 -0.000001 0.612746 3.443009 -27.102869 3.177892 -0.000010 -0.000002 0.271804 1.846630 -15.987009 2.695116 -0.000016 -0.000006 0.000000 0.000002 0.000003 6.623896 -0.059441 -1.696965 0.876768 8.006425 -34.399681 2.957999 -0.000007 0.000004 0.422035 2.000717 -17.172535 2.756902 0.000009 0.000002 0.298778 1.211759 -12.585002 2.334610 0.000011 0.000001 -0.000001 -0.000001 -0.000000 6.046968 -0.139187 -3.244340 3.587798 13.517598 -31.386116 2.623707 0.000009 0.000000 0.487203 2.680653 -29.100803 2.132117 0.000004 -0.000007 0.074785 1.530304 -6.724068 1.793219 0.000012 0.000000 -0.000003 -0.000001 0.000001 -4.224098 8.888414 -0.398196 -0.855008 5.246475 5.396786 22.093493 -2.727992 73.794723 -0.000020 32.516779 -0.000006 25.457271 8.380624 4.049675 -2.342537 -1.287619 1.805307 12.593951 -8.153694 -17.222421 -1.998870 -1.154047 1.154042 6.064830 -5.313234 -13.324095 -2.115646 -1.221473 1.221462 -13.753601 7.447206 9.069843 -1.745166 -1.007569 1.007566 -0.000001 -0.000011 -0.000001 -7.289624 -0.160562 1.788520 -0.934042 0.803122 10.773192 -2.816291 -0.000008 -0.000007 0.637324 -3.394051 26.746406 -2.639583 -0.000007 0.000007 -0.167847 -0.590567 17.433254 -2.241501 -0.000006 0.000014 0.000002 0.000002 0.000000 -7.060412 0.000008 0.000006 0.839964 -8.113515 23.112375 -3.340207 0.000003 0.000000 1.181246 -4.370036 38.023544 -3.056704 -0.000003 -0.000003 0.821945 -3.075371 31.081739 -2.639474 0.000000 -0.000009 -0.000001 0.000002 0.000000 -6.774590 0.049798 -1.636027 1.275984 -8.669401 41.005676 -2.923900 -0.000001 0.000013 0.713385 -2.594916 23.801116 -2.718001 -0.000011 0.000003 -0.130790 -0.209827 20.215118 -2.379610 0.000000 0.000009 -0.000000 -0.000001 0.000001 -6.148537 -0.175708 -3.130186 2.500283 -10.281923 45.253060 -2.627893 -0.000005 -0.000008 1.612578 -4.332255 49.089683 -2.122490 0.000017 -0.000005 -0.378858 -2.603567 43.266790 -1.792002 0.000002 0.000002 0.000001 -0.000002 -0.000001 7.556999 -4.826313 0.300478 -28.471184 -0.342211 1.304119 0.315534 -24.058294 0.537043 67.064323 2.618833 7.077238 -0.315537 -33.061478 0.084927 4.493386 0.182786 -0.860744 0.092046 -7.483318 10.511632 -5.994857 0.425113 -5.474219 0.082184 -0.046741 6.420124 -0.000001 -0.000000 0.000000 -7.557003 -4.826306 0.300484 -4.101856 -12.101552 9.621857 -0.315557 -24.058256 0.712181 12.317594 1.831905 -1.835713 0.315562 -33.061462 0.096916 -7.148552 -5.093193 -4.973681 -0.092060 -7.483411 10.296527 -2.773197 -0.000002 -0.000001 -0.082208 -0.046777 6.411405 -0.000000 -0.000000 -0.000000 
0.219347 68.685059 110.724838 -0.285095 9.949105 -3.536945 -0.000001 3.962386 -0.274314 2.603319 -0.672811 2.332733 0.000001 14.122135 -0.320022 1.656092 -2.278673 0.845950 0.000000 11.399152 -0.365733 -2.923703 -2.285056 0.251910 0.000000 9.938174 -0.411431 -3.367573 -1.151239 -0.983951 -0.000000 8.579116 0.114201 -1.349393 -3.841517 0.310223 0.000000 25.089088 0.333908 -0.000000 0.000000 -0.000000 4.224101 8.888440 -0.424614 8.280039 -20.929231 3.137780 1.625316 4.497742 -76.980269 0.000011 -36.305099 0.000006 19.884209 -19.957143 5.430811 2.354134 -1.272457 1.802822 28.897513 8.894104 20.768607 1.999429 -1.154373 1.154374 -8.690638 18.041873 -12.337710 2.113314 -1.220119 1.220122 7.946593 -11.221933 1.406953 1.744290 -1.007034 1.007056 -0.000001 -0.000000 -0.000003 7.198479 -0.169237 1.742685 0.321249 3.500377 3.987061 2.844903 -0.000006 -0.000001 0.265683 2.465269 -16.816388 2.665505 -0.000019 0.000002 -0.020309 0.178482 -3.850820 2.297409 -0.000006 -0.000012 0.000000 0.000001 0.000000 6.876539 -0.000006 -0.000005 0.605069 7.624338 -16.487696 3.256827 0.000016 -0.000001 0.612746 3.443009 -27.102869 3.177892 -0.000010 -0.000002 0.271804 1.846630 -15.987009 2.695116 -0.000016 -0.000006 0.000000 0.000002 0.000003 6.623896 -0.059441 -1.696965 0.876768 8.006425 -34.399681 2.957999 -0.000007 0.000004 0.422035 2.000717 -17.172535 2.756902 0.000009 0.000002 0.298778 1.211759 -12.585002 2.334610 0.000011 0.000001 -0.000001 -0.000001 -0.000000 6.046968 -0.139187 -3.244340 3.587798 13.517598 -31.386116 2.623707 0.000009 0.000000 0.487203 2.680653 -29.100803 2.132117 0.000004 -0.000007 0.074785 1.530304 -6.724068 1.793219 0.000012 0.000000 -0.000003 -0.000001 0.000001 -4.224098 8.888414 -0.398196 -0.855008 5.246475 5.396786 22.093493 -2.727992 73.794723 -0.000020 32.516779 -0.000006 25.457271 8.380624 4.049675 -2.342537 -1.287619 1.805307 12.593951 -8.153694 -17.222421 -1.998870 -1.154047 1.154042 6.064830 -5.313234 -13.324095 -2.115646 -1.221473 1.221462 -13.753601 7.447206 9.069843 -1.745166 -1.007569 1.007566 -0.000001 -0.000011 -0.000001 -7.289624 -0.160562 1.788520 -0.934042 0.803122 10.773192 -2.816291 -0.000008 -0.000007 0.637324 -3.394051 26.746406 -2.639583 -0.000007 0.000007 -0.167847 -0.590567 17.433254 -2.241501 -0.000006 0.000014 0.000002 0.000002 0.000000 -7.060412 0.000008 0.000006 0.839964 -8.113515 23.112375 -3.340207 0.000003 0.000000 1.181246 -4.370036 38.023544 -3.056704 -0.000003 -0.000003 0.821945 -3.075371 31.081739 -2.639474 0.000000 -0.000009 -0.000001 0.000002 0.000000 -6.774590 0.049798 -1.636027 1.275984 -8.669401 41.005676 -2.923900 -0.000001 0.000013 0.713385 -2.594916 23.801116 -2.718001 -0.000011 0.000003 -0.130790 -0.209827 20.215118 -2.379610 0.000000 0.000009 -0.000000 -0.000001 0.000001 -6.148537 -0.175708 -3.130186 2.500283 -10.281923 45.253060 -2.627893 -0.000005 -0.000008 1.612578 -4.332255 49.089683 -2.122490 0.000017 -0.000005 -0.378858 -2.603567 43.266790 -1.792002 0.000002 0.000002 0.000001 -0.000002 -0.000001 7.556999 -4.826313 0.300478 -28.471184 -0.342211 1.304119 0.315534 -24.058294 0.537043 67.064323 2.618833 7.077238 -0.315537 -33.061478 0.084927 4.493386 0.182786 -0.860744 0.092046 -7.483318 10.511632 -5.994857 0.425113 -5.474219 0.082184 -0.046741 6.420124 -0.000001 -0.000000 0.000000 -7.557003 -4.826306 0.300484 -4.101856 -12.101552 9.621857 -0.315557 -24.058256 0.712181 12.317594 1.831905 -1.835713 0.315562 -33.061462 0.096916 -7.148552 -5.093193 -4.973681 -0.092060 -7.483411 10.296527 -2.773197 -0.000002 -0.000001 -0.082208 -0.046777 6.411405 -0.000000 -0.000000 -0.000000 
0.219347 68.685059 110.724838 -0.285095 9.949105 -3.536945 -0.000001 3.962386 -0.274314 2.603319 -0.672811 2.332733 0.000001 14.122135 -0.320022 1.656092 -2.278673 0.845950 0.000000 11.399152 -0.365733 -2.923703 -2.285056 0.251910 0.000000 9.938174 -0.411431 -3.367573 -1.151239 -0.983951 -0.000000 8.579116 0.114201 -1.349393 -3.841517 0.310223 0.000000 25.089088 0.333908 -0.000000 0.000000 -0.000000 4.224101 8.888440 -0.424614 8.280039 -20.929231 3.137780 1.625316 4.497742 -76.980269 0.000011 -36.305099 0.000006 19.884209 -19.957143 5.430811 2.354134 -1.272457 1.802822 28.897513 8.894104 20.768607 1.999429 -1.154373 1.154374 -8.690638 18.041873 -12.337710 2.113314 -1.220119 1.220122 7.946593 -11.221933 1.406953 1.744290 -1.007034 1.007056 -0.000001 -0.000000 -0.000003 7.198479 -0.169237 1.742685 0.321249 3.500377 3.987061 2.844903 -0.000006 -0.000001 0.265683 2.465269 -16.816388 2.665505 -0.000019 0.000002 -0.020309 0.178482 -3.850820 2.297409 -0.000006 -0.000012 0.000000 0.000001 0.000000 6.876539 -0.000006 -0.000005 0.605069 7.624338 -16.487696 3.256827 0.000016 -0.000001 0.612746 3.443009 -27.102869 3.177892 -0.000010 -0.000002 0.271804 1.846630 -15.987009 2.695116 -0.000016 -0.000006 0.000000 0.000002 0.000003 6.623896 -0.059441 -1.696965 0.876768 8.006425 -34.399681 2.957999 -0.000007 0.000004 0.422035 2.000717 -17.172535 2.756902 0.000009 0.000002 0.298778 1.211759 -12.585002 2.334610 0.000011 0.000001 -0.000001 -0.000001 -0.000000 6.046968 -0.139187 -3.244340 3.587798 13.517598 -31.386116 2.623707 0.000009 0.000000 0.487203 2.680653 -29.100803 2.132117 0.000004 -0.000007 0.074785 1.530304 -6.724068 1.793219 0.000012 0.000000 -0.000003 -0.000001 0.000001 -4.224098 8.888414 -0.398196 -0.855008 5.246475 5.396786 22.093493 -2.727992 73.794723 -0.000020 32.516779 -0.000006 25.457271 8.380624 4.049675 -2.342537 -1.287619 1.805307 12.593951 -8.153694 -17.222421 -1.998870 -1.154047 1.154042 6.064830 -5.313234 -13.324095 -2.115646 -1.221473 1.221462 -13.753601 7.447206 9.069843 -1.745166 -1.007569 1.007566 -0.000001 -0.000011 -0.000001 -7.289624 -0.160562 1.788520 -0.934042 0.803122 10.773192 -2.816291 -0.000008 -0.000007 0.637324 -3.394051 26.746406 -2.639583 -0.000007 0.000007 -0.167847 -0.590567 17.433254 -2.241501 -0.000006 0.000014 0.000002 0.000002 0.000000 -7.060412 0.000008 0.000006 0.839964 -8.113515 23.112375 -3.340207 0.000003 0.000000 1.181246 -4.370036 38.023544 -3.056704 -0.000003 -0.000003 0.821945 -3.075371 31.081739 -2.639474 0.000000 -0.000009 -0.000001 0.000002 0.000000 -6.774590 0.049798 -1.636027 1.275984 -8.669401 41.005676 -2.923900 -0.000001 0.000013 0.713385 -2.594916 23.801116 -2.718001 -0.000011 0.000003 -0.130790 -0.209827 20.215118 -2.379610 0.000000 0.000009 -0.000000 -0.000001 0.000001 -6.148537 -0.175708 -3.130186 2.500283 -10.281923 45.253060 -2.627893 -0.000005 -0.000008 1.612578 -4.332255 49.089683 -2.122490 0.000017 -0.000005 -0.378858 -2.603567 43.266790 -1.792002 0.000002 0.000002 0.000001 -0.000002 -0.000001 7.556999 -4.826313 0.300478 -28.471184 -0.342211 1.304119 0.315534 -24.058294 0.537043 67.064323 2.618833 7.077238 -0.315537 -33.061478 0.084927 4.493386 0.182786 -0.860744 0.092046 -7.483318 10.511632 -5.994857 0.425113 -5.474219 0.082184 -0.046741 6.420124 -0.000001 -0.000000 0.000000 -7.557003 -4.826306 0.300484 -4.101856 -12.101552 9.621857 -0.315557 -24.058256 0.712181 12.317594 1.831905 -1.835713 0.315562 -33.061462 0.096916 -7.148552 -5.093193 -4.973681 -0.092060 -7.483411 10.296527 -2.773197 -0.000002 -0.000001 -0.082208 -0.046777 6.411405 -0.000000 -0.000000 -0.000000 
0.219347 68.685059 110.724838 -0.285095 9.949105 -3.536945 -0.000001 3.962386 -0.274314 2.603319 -0.672811 2.332733 0.000001 14.122135 -0.320022 1.656092 -2.278673 0.845950 0.000000 11.399152 -0.365733 -2.923703 -2.285056 0.251910 0.000000 9.938174 -0.411431 -3.367573 -1.151239 -0.983951 -0.000000 8.579116 0.114201 -1.349393 -3.841517 0.310223 0.000000 25.089088 0.333908 -0.000000 0.000000 -0.000000 4.224101 8.888440 -0.424614 8.280039 -20.929231 3.137780 1.625316 4.497742 -76.980269 0.000011 -36.305099 0.000006 19.884209 -19.957143 5.430811 2.354134 -1.272457 1.802822 28.897513 8.894104 20.768607 1.999429 -1.154373 1.154374 -8.690638 18.041873 -12.337710 2.113314 -1.220119 1.220122 7.946593 -11.221933 1.406953 1.744290 -1.007034 1.007056 -0.000001 -0.000000 -0.000003 7.198479 -0.169237 1.742685 0.321249 3.500377 3.987061 2.844903 -0.000006 -0.000001 0.265683 2.465269 -16.816388 2.665505 -0.000019 0.000002 -0.020309 0.178482 -3.850820 2.297409 -0.000006 -0.000012 0.000000 0.000001 0.000000 6.876539 -0.000006 -0.000005 0.605069 7.624338 -16.487696 3.256827 0.000016 -0.000001 0.612746 3.443009 -27.102869 3.177892 -0.000010 -0.000002 0.271804 1.846630 -15.987009 2.695116 -0.000016 -0.000006 0.000000 0.000002 0.000003 6.623896 -0.059441 -1.696965 0.876768 8.006425 -34.399681 2.957999 -0.000007 0.000004 0.422035 2.000717 -17.172535 2.756902 0.000009 0.000002 0.298778 1.211759 -12.585002 2.334610 0.000011 0.000001 -0.000001 -0.000001 -0.000000 6.046968 -0.139187 -3.244340 3.587798 13.517598 -31.386116 2.623707 0.000009 0.000000 0.487203 2.680653 -29.100803 2.132117 0.000004 -0.000007 0.074785 1.530304 -6.724068 1.793219 0.000012 0.000000 -0.000003 -0.000001 0.000001 -4.224098 8.888414 -0.398196 -0.855008 5.246475 5.396786 22.093493 -2.727992 73.794723 -0.000020 32.516779 -0.000006 25.457271 8.380624 4.049675 -2.342537 -1.287619 1.805307 12.593951 -8.153694 -17.222421 -1.998870 -1.154047 1.154042 6.064830 -5.313234 -13.324095 -2.115646 -1.221473 1.221462 -13.753601 7.447206 9.069843 -1.745166 -1.007569 1.007566 -0.000001 -0.000011 -0.000001 -7.289624 -0.160562 1.788520 -0.934042 0.803122 10.773192 -2.816291 -0.000008 -0.000007 0.637324 -3.394051 26.746406 -2.639583 -0.000007 0.000007 -0.167847 -0.590567 17.433254 -2.241501 -0.000006 0.000014 0.000002 0.000002 0.000000 -7.060412 0.000008 0.000006 0.839964 -8.113515 23.112375 -3.340207 0.000003 0.000000 1.181246 -4.370036 38.023544 -3.056704 -0.000003 -0.000003 0.821945 -3.075371 31.081739 -2.639474 0.000000 -0.000009 -0.000001 0.000002 0.000000 -6.774590 0.049798 -1.636027 1.275984 -8.669401 41.005676 -2.923900 -0.000001 0.000013 0.713385 -2.594916 23.801116 -2.718001 -0.000011 0.000003 -0.130790 -0.209827 20.215118 -2.379610 0.000000 0.000009 -0.000000 -0.000001 0.000001 -6.148537 -0.175708 -3.130186 2.500283 -10.281923 45.253060 -2.627893 -0.000005 -0.000008 1.612578 -4.332255 49.089683 -2.122490 0.000017 -0.000005 -0.378858 -2.603567 43.266790 -1.792002 0.000002 0.000002 0.000001 -0.000002 -0.000001 7.556999 -4.826313 0.300478 -28.471184 -0.342211 1.304119 0.315534 -24.058294 0.537043 67.064323 2.618833 7.077238 -0.315537 -33.061478 0.084927 4.493386 0.182786 -0.860744 0.092046 -7.483318 10.511632 -5.994857 0.425113 -5.474219 0.082184 -0.046741 6.420124 -0.000001 -0.000000 0.000000 -7.557003 -4.826306 0.300484 -4.101856 -12.101552 9.621857 -0.315557 -24.058256 0.712181 12.317594 1.831905 -1.835713 0.315562 -33.061462 0.096916 -7.148552 -5.093193 -4.973681 -0.092060 -7.483411 10.296527 -2.773197 -0.000002 -0.000001 -0.082208 -0.046777 6.411405 -0.000000 -0.000000 -0.000000 
0.219347 68.685059 110.724838 -0.285095 9.949105 -3.536945 -0.000001 3.962386 -0.274314 2.603319 -0.672811 2.332733 0.000001 14.122135 -0.320022 1.656092 -2.278673 0.845950 0.000000 11.399152 -0.365733 -2.923703 -2.285056 0.251910 0.000000 9.938174 -0.411431 -3.367573 -1.151239 -0.983951 -0.000000 8.579116 0.114201 -1.349393 -3.841517 0.310223 0.000000 25.089088 0.333908 -0.000000 0.000000 -0.000000 4.224101 8.888440 -0.424614 8.280039 -20.929231 3.137780 1.625316 4.497742 -76.980269 0.000011 -36.305099 0.000006 19.884209 -19.957143 5.430811 2.354134 -1.272457 1.802822 28.897513 8.894104 20.768607 1.999429 -1.154373 1.154374 -8.690638 18.041873 -12.337710 2.113314 -1.220119 1.220122 7.946593 -11.221933 1.406953 1.744290 -1.007034 1.007056 -0.000001 -0.000000 -0.000003 7.198479 -0.169237 1.742685 0.321249 3.500377 3.987061 2.844903 -0.000006 -0.000001 0.265683 2.465269 -16.816388 2.665505 -0.000019 0.000002 -0.020309 0.178482 -3.850820 2.297409 -0.000006 -0.000012 0.000000 0.000001 0.000000 6.876539 -0.000006 -0.000005 0.605069 7.624338 -16.487696 3.256827 0.000016 -0.000001 0.612746 3.443009 -27.102869 3.177892 -0.000010 -0.000002 0.271804 1.846630 -15.987009 2.695116 -0.000016 -0.000006 0.000000 0.000002 0.000003 6.623896 -0.059441 -1.696965 0.876768 8.006425 -34.399681 2.957999 -0.000007 0.000004 0.422035 2.000717 -17.172535 2.756902 0.000009 0.000002 0.298778 1.211759 -12.585002 2.334610 0.000011 0.000001 -0.000001 -0.000001 -0.000000 6.046968 -0.139187 -3.244340 3.587798 13.517598 -31.386116 2.623707 0.000009 0.000000 0.487203 2.680653 -29.100803 2.132117 0.000004 -0.000007 0.074785 1.530304 -6.724068 1.793219 0.000012 0.000000 -0.000003 -0.000001 0.000001 -4.224098 8.888414 -0.398196 -0.855008 5.246475 5.396786 22.093493 -2.727992 73.794723 -0.000020 32.516779 -0.000006 25.457271 8.380624 4.049675 -2.342537 -1.287619 1.805307 12.593951 -8.153694 -17.222421 -1.998870 -1.154047 1.154042 6.064830 -5.313234 -13.324095 -2.115646 -1.221473 1.221462 -13.753601 7.447206 9.069843 -1.745166 -1.007569 1.007566 -0.000001 -0.000011 -0.000001 -7.289624 -0.160562 1.788520 -0.934042 0.803122 10.773192 -2.816291 -0.000008 -0.000007 0.637324 -3.394051 26.746406 -2.639583 -0.000007 0.000007 -0.167847 -0.590567 17.433254 -2.241501 -0.000006 0.000014 0.000002 0.000002 0.000000 -7.060412 0.000008 0.000006 0.839964 -8.113515 23.112375 -3.340207 0.000003 0.000000 1.181246 -4.370036 38.023544 -3.056704 -0.000003 -0.000003 0.821945 -3.075371 31.081739 -2.639474 0.000000 -0.000009 -0.000001 0.000002 0.000000 -6.774590 0.049798 -1.636027 1.275984 -8.669401 41.005676 -2.923900 -0.000001 0.000013 0.713385 -2.594916 23.801116 -2.718001 -0.000011 0.000003 -0.130790 -0.209827 20.215118 -2.379610 0.000000 0.000009 -0.000000 -0.000001 0.000001 -6.148537 -0.175708 -3.130186 2.500283 -10.281923 45.253060 -2.627893 -0.000005 -0.000008 1.612578 -4.332255 49.089683 -2.122490 0.000017 -0.000005 -0.378858 -2.603567 43.266790 -1.792002 0.000002 0.000002 0.000001 -0.000002 -0.000001 7.556999 -4.826313 0.300478 -28.471184 -0.342211 1.304119 0.315534 -24.058294 0.537043 67.064323 2.618833 7.077238 -0.315537 -33.061478 0.084927 4.493386 0.182786 -0.860744 0.092046 -7.483318 10.511632 -5.994857 0.425113 -5.474219 0.082184 -0.046741 6.420124 -0.000001 -0.000000 0.000000 -7.557003 -4.826306 0.300484 -4.101856 -12.101552 9.621857 -0.315557 -24.058256 0.712181 12.317594 1.831905 -1.835713 0.315562 -33.061462 0.096916 -7.148552 -5.093193 -4.973681 -0.092060 -7.483411 10.296527 -2.773197 -0.000002 -0.000001 -0.082208 -0.046777 6.411405 -0.000000 -0.000000 -0.000000 
0.219347 68.685059 110.724838 -0.285095 9.949105 -3.536945 -0.000001 3.962386 -0.274314 2.603319 -0.672811 2.332733 0.000001 14.122135 -0.320022 1.656092 -2.278673 0.845950 0.000000 11.399152 -0.365733 -2.923703 -2.285056 0.251910 0.000000 9.938174 -0.411431 -3.367573 -1.151239 -0.983951 -0.000000 8.579116 0.114201 -1.349393 -3.841517 0.310223 0.000000 25.089088 0.333908 -0.000000 0.000000 -0.000000 4.224101 8.888440 -0.424614 8.280039 -20.929231 3.137780 1.625316 4.497742 -76.980269 0.000011 -36.305099 0.000006 19.884209 -19.957143 5.430811 2.354134 -1.272457 1.802822 28.897513 8.894104 20.768607 1.999429 -1.154373 1.154374 -8.690638 18.041873 -12.337710 2.113314 -1.220119 1.220122 7.946593 -11.221933 1.406953 1.744290 -1.007034 1.007056 -0.000001 -0.000000 -0.000003 7.198479 -0.169237 1.742685 0.321249 3.500377 3.987061 2.844903 -0.000006 -0.000001 0.265683 2.465269 -16.816388 2.665505 -0.000019 0.000002 -0.020309 0.178482 -3.850820 2.297409 -0.000006 -0.000012 0.000000 0.000001 0.000000 6.876539 -0.000006 -0.000005 0.605069 7.624338 -16.487696 3.256827 0.000016 -0.000001 0.612746 3.443009 -27.102869 3.177892 -0.000010 -0.000002 0.271804 1.846630 -15.987009 2.695116 -0.000016 -0.000006 0.000000 0.000002 0.000003 6.623896 -0.059441 -1.696965 0.876768 8.006425 -34.399681 2.957999 -0.000007 0.000004 0.422035 2.000717 -17.172535 2.756902 0.000009 0.000002 0.298778 1.211759 -12.585002 2.334610 0.000011 0.000001 -0.000001 -0.000001 -0.000000 6.046968 -0.139187 -3.244340 3.587798 13.517598 -31.386116 2.623707 0.000009 0.000000 0.487203 2.680653 -29.100803 2.132117 0.000004 -0.000007 0.074785 1.530304 -6.724068 1.793219 0.000012 0.000000 -0.000003 -0.000001 0.000001 -4.224098 8.888414 -0.398196 -0.855008 5.246475 5.396786 22.093493 -2.727992 73.794723 -0.000020 32.516779 -0.000006 25.457271 8.380624 4.049675 -2.342537 -1.287619 1.805307 12.593951 -8.153694 -17.222421 -1.998870 -1.154047 1.154042 6.064830 -5.313234 -13.324095 -2.115646 -1.221473 1.221462 -13.753601 7.447206 9.069843 -1.745166 -1.007569 1.007566 -0.000001 -0.000011 -0.000001 -7.289624 -0.160562 1.788520 -0.934042 0.803122 10.773192 -2.816291 -0.000008 -0.000007 0.637324 -3.394051 26.746406 -2.639583 -0.000007 0.000007 -0.167847 -0.590567 17.433254 -2.241501 -0.000006 0.000014 0.000002 0.000002 0.000000 -7.060412 0.000008 0.000006 0.839964 -8.113515 23.112375 -3.340207 0.000003 0.000000 1.181246 -4.370036 38.023544 -3.056704 -0.000003 -0.000003 0.821945 -3.075371 31.081739 -2.639474 0.000000 -0.000009 -0.000001 0.000002 0.000000 -6.774590 0.049798 -1.636027 1.275984 -8.669401 41.005676 -2.923900 -0.000001 0.000013 0.713385 -2.594916 23.801116 -2.718001 -0.000011 0.000003 -0.130790 -0.209827 20.215118 -2.379610 0.000000 0.000009 -0.000000 -0.000001 0.000001 -6.148537 -0.175708 -3.130186 2.500283 -10.281923 45.253060 -2.627893 -0.000005 -0.000008 1.612578 -4.332255 49.089683 -2.122490 0.000017 -0.000005 -0.378858 -2.603567 43.266790 -1.792002 0.000002 0.000002 0.000001 -0.000002 -0.000001 7.556999 -4.826313 0.300478 -28.471184 -0.342211 1.304119 0.315534 -24.058294 0.537043 67.064323 2.618833 7.077238 -0.315537 -33.061478 0.084927 4.493386 0.182786 -0.860744 0.092046 -7.483318 10.511632 -5.994857 0.425113 -5.474219 0.082184 -0.046741 6.420124 -0.000001 -0.000000 0.000000 -7.557003 -4.826306 0.300484 -4.101856 -12.101552 9.621857 -0.315557 -24.058256 0.712181 12.317594 1.831905 -1.835713 0.315562 -33.061462 0.096916 -7.148552 -5.093193 -4.973681 -0.092060 -7.483411 10.296527 -2.773197 -0.000002 -0.000001 -0.082208 -0.046777 6.411405 -0.000000 -0.000000 -0.000000 
0.219347 68.685059 110.724838 -0.285095 9.949105 -3.536945 -0.000001 3.962386 -0.274314 2.603319 -0.672811 2.332733 0.000001 14.122135 -0.320022 1.656092 -2.278673 0.845950 0.000000 11.399152 -0.365733 -2.923703 -2.285056 0.251910 0.000000 9.938174 -0.411431 -3.367573 -1.151239 -0.983951 -0.000000 8.579116 0.114201 -1.349393 -3.841517 0.310223 0.000000 25.089088 0.333908 -0.000000 0.000000 -0.000000 4.224101 8.888440 -0.424614 8.280039 -20.929231 3.137780 1.625316 4.497742 -76.980269 0.000011 -36.305099 0.000006 19.884209 -19.957143 5.430811 2.354134 -1.272457 1.802822 28.897513 8.894104 20.768607 1.999429 -1.154373 1.154374 -8.690638 18.041873 -12.337710 2.113314 -1.220119 1.220122 7.946593 -11.221933 1.406953 1.744290 -1.007034 1.007056 -0.000001 -0.000000 -0.000003 7.198479 -0.169237 1.742685 0.321249 3.500377 3.987061 2.844903 -0.000006 -0.000001 0.265683 2.465269 -16.816388 2.665505 -0.000019 0.000002 -0.020309 0.178482 -3.850820 2.297409 -0.000006 -0.000012 0.000000 0.000001 0.000000 6.876539 -0.000006 -0.000005 0.605069 7.624338 -16.487696 3.256827 0.000016 -0.000001 0.612746 3.443009 -27.102869 3.177892 -0.000010 -0.000002 0.271804 1.846630 -15.987009 2.695116 -0.000016 -0.000006 0.000000 0.000002 0.000003 6.623896 -0.059441 -1.696965 0.876768 8.006425 -34.399681 2.957999 -0.000007 0.000004 0.422035 2.000717 -17.172535 2.756902 0.000009 0.000002 0.298778 1.211759 -12.585002 2.334610 0.000011 0.000001 -0.000001 -0.000001 -0.000000 6.046968 -0.139187 -3.244340 3.587798 13.517598 -31.386116 2.623707 0.000009 0.000000 0.487203 2.680653 -29.100803 2.132117 0.000004 -0.000007 0.074785 1.530304 -6.724068 1.793219 0.000012 0.000000 -0.000003 -0.000001 0.000001 -4.224098 8.888414 -0.398196 -0.855008 5.246475 5.396786 22.093493 -2.727992 73.794723 -0.000020 32.516779 -0.000006 25.457271 8.380624 4.049675 -2.342537 -1.287619 1.805307 12.593951 -8.153694 -17.222421 -1.998870 -1.154047 1.154042 6.064830 -5.313234 -13.324095 -2.115646 -1.221473 1.221462 -13.753601 7.447206 9.069843 -1.745166 -1.007569 1.007566 -0.000001 -0.000011 -0.000001 -7.289624 -0.160562 1.788520 -0.934042 0.803122 10.773192 -2.816291 -0.000008 -0.000007 0.637324 -3.394051 26.746406 -2.639583 -0.000007 0.000007 -0.167847 -0.590567 17.433254 -2.241501 -0.000006 0.000014 0.000002 0.000002 0.000000 -7.060412 0.000008 0.000006 0.839964 -8.113515 23.112375 -3.340207 0.000003 0.000000 1.181246 -4.370036 38.023544 -3.056704 -0.000003 -0.000003 0.821945 -3.075371 31.081739 -2.639474 0.000000 -0.000009 -0.000001 0.000002 0.000000 -6.774590 0.049798 -1.636027 1.275984 -8.669401 41.005676 -2.923900 -0.000001 0.000013 0.713385 -2.594916 23.801116 -2.718001 -0.000011 0.000003 -0.130790 -0.209827 20.215118 -2.379610 0.000000 0.000009 -0.000000 -0.000001 0.000001 -6.148537 -0.175708 -3.130186 2.500283 -10.281923 45.253060 -2.627893 -0.000005 -0.000008 1.612578 -4.332255 49.089683 -2.122490 0.000017 -0.000005 -0.378858 -2.603567 43.266790 -1.792002 0.000002 0.000002 0.000001 -0.000002 -0.000001 7.556999 -4.826313 0.300478 -28.471184 -0.342211 1.304119 0.315534 -24.058294 0.537043 67.064323 2.618833 7.077238 -0.315537 -33.061478 0.084927 4.493386 0.182786 -0.860744 0.092046 -7.483318 10.511632 -5.994857 0.425113 -5.474219 0.082184 -0.046741 6.420124 -0.000001 -0.000000 0.000000 -7.557003 -4.826306 0.300484 -4.101856 -12.101552 9.621857 -0.315557 -24.058256 0.712181 12.317594 1.831905 -1.835713 0.315562 -33.061462 0.096916 -7.148552 -5.093193 -4.973681 -0.092060 -7.483411 10.296527 -2.773197 -0.000002 -0.000001 -0.082208 -0.046777 6.411405 -0.000000 -0.000000 -0.000000 
0.219347 68.685059 110.724838 -0.285095 9.949105 -3.536945 -0.000001 3.962386 -0.274314 2.603319 -0.672811 2.332733 0.000001 14.122135 -0.320022 1.656092 -2.278673 0.845950 0.000000 11.399152 -0.365733 -2.923703 -2.285056 0.251910 0.000000 9.938174 -0.411431 -3.367573 -1.151239 -0.983951 -0.000000 8.579116 0.114201 -1.349393 -3.841517 0.310223 0.000000 25.089088 0.333908 -0.000000 0.000000 -0.000000 4.224101 8.888440 -0.424614 8.280039 -20.929231 3.137780 1.625316 4.497742 -76.980269 0.000011 -36.305099 0.000006 19.884209 -19.957143 5.430811 2.354134 -1.272457 1.802822 28.897513 8.894104 20.768607 1.999429 -1.154373 1.154374 -8.690638 18.041873 -12.337710 2.113314 -1.220119 1.220122 7.946593 -11.221933 1.406953 1.744290 -1.007034 1.007056 -0.000001 -0.000000 -0.000003 7.198479 -0.169237 1.742685 0.321249 3.500377 3.987061 2.844903 -0.000006 -0.000001 0.265683 2.465269 -16.816388 2.665505 -0.000019 0.000002 -0.020309 0.178482 -3.850820 2.297409 -0.000006 -0.000012 0.000000 0.000001 0.000000 6.876539 -0.000006 -0.000005 0.605069 7.624338 -16.487696 3.256827 0.000016 -0.000001 0.612746 3.443009 -27.102869 3.177892 -0.000010 -0.000002 0.271804 1.846630 -15.987009 2.695116 -0.000016 -0.000006 0.000000 0.000002 0.000003 6.623896 -0.059441 -1.696965 0.876768 8.006425 -34.399681 2.957999 -0.000007 0.000004 0.422035 2.000717 -17.172535 2.756902 0.000009 0.000002 0.298778 1.211759 -12.585002 2.334610 0.000011 0.000001 -0.000001 -0.000001 -0.000000 6.046968 -0.139187 -3.244340 3.587798 13.517598 -31.386116 2.623707 0.000009 0.000000 0.487203 2.680653 -29.100803 2.132117 0.000004 -0.000007 0.074785 1.530304 -6.724068 1.793219 0.000012 0.000000 -0.000003 -0.000001 0.000001 -4.224098 8.888414 -0.398196 -0.855008 5.246475 5.396786 22.093493 -2.727992 73.794723 -0.000020 32.516779 -0.000006 25.457271 8.380624 4.049675 -2.342537 -1.287619 1.805307 12.593951 -8.153694 -17.222421 -1.998870 -1.154047 1.154042 6.064830 -5.313234 -13.324095 -2.115646 -1.221473 1.221462 -13.753601 7.447206 9.069843 -1.745166 -1.007569 1.007566 -0.000001 -0.000011 -0.000001 -7.289624 -0.160562 1.788520 -0.934042 0.803122 10.773192 -2.816291 -0.000008 -0.000007 0.637324 -3.394051 26.746406 -2.639583 -0.000007 0.000007 -0.167847 -0.590567 17.433254 -2.241501 -0.000006 0.000014 0.000002 0.000002 0.000000 -7.060412 0.000008 0.000006 0.839964 -8.113515 23.112375 -3.340207 0.000003 0.000000 1.181246 -4.370036 38.023544 -3.056704 -0.000003 -0.000003 0.821945 -3.075371 31.081739 -2.639474 0.000000 -0.000009 -0.000001 0.000002 0.000000 -6.774590 0.049798 -1.636027 1.275984 -8.669401 41.005676 -2.923900 -0.000001 0.000013 0.713385 -2.594916 23.801116 -2.718001 -0.000011 0.000003 -0.130790 -0.209827 20.215118 -2.379610 0.000000 0.000009 -0.000000 -0.000001 0.000001 -6.148537 -0.175708 -3.130186 2.500283 -10.281923 45.253060 -2.627893 -0.000005 -0.000008 1.612578 -4.332255 49.089683 -2.122490 0.000017 -0.000005 -0.378858 -2.603567 43.266790 -1.792002 0.000002 0.000002 0.000001 -0.000002 -0.000001 7.556999 -4.826313 0.300478 -28.471184 -0.342211 1.304119 0.315534 -24.058294 0.537043 67.064323 2.618833 7.077238 -0.315537 -33.061478 0.084927 4.493386 0.182786 -0.860744 0.092046 -7.483318 10.511632 -5.994857 0.425113 -5.474219 0.082184 -0.046741 6.420124 -0.000001 -0.000000 0.000000 -7.557003 -4.826306 0.300484 -4.101856 -12.101552 9.621857 -0.315557 -24.058256 0.712181 12.317594 1.831905 -1.835713 0.315562 -33.061462 0.096916 -7.148552 -5.093193 -4.973681 -0.092060 -7.483411 10.296527 -2.773197 -0.000002 -0.000001 -0.082208 -0.046777 6.411405 -0.000000 -0.000000 -0.000000 
0.219347 68.685059 110.724838 -0.285095 9.949105 -3.536945 -0.000001 3.962386 -0.274314 2.603319 -0.672811 2.332733 0.000001 14.122135 -0.320022 1.656092 -2.278673 0.845950 0.000000 11.399152 -0.365733 -2.923703 -2.285056 0.251910 0.000000 9.938174 -0.411431 -3.367573 -1.151239 -0.983951 -0.000000 8.579116 0.114201 -1.349393 -3.841517 0.310223 0.000000 25.089088 0.333908 -0.000000 0.000000 -0.000000 4.224101 8.888440 -0.424614 8.280039 -20.929231 3.137780 1.625316 4.497742 -76.980269 0.000011 -36.305099 0.000006 19.884209 -19.957143 5.430811 2.354134 -1.272457 1.802822 28.897513 8.894104 20.768607 1.999429 -1.154373 1.154374 -8.690638 18.041873 -12.337710 2.113314 -1.220119 1.220122 7.946593 -11.221933 1.406953 1.744290 -1.007034 1.007056 -0.000001 -0.000000 -0.000003 7.198479 -0.169237 1.742685 0.321249 3.500377 3.987061 2.844903 -0.000006 -0.000001 0.265683 2.465269 -16.816388 2.665505 -0.000019 0.000002 -0.020309 0.178482 -3.850820 2.297409 -0.000006 -0.000012 0.000000 0.000001 0.000000 6.876539 -0.000006 -0.000005 0.605069 7.624338 -16.487696 3.256827 0.000016 -0.000001 0.612746 3.443009 -27.102869 3.177892 -0.000010 -0.000002 0.271804 1.846630 -15.987009 2.695116 -0.000016 -0.000006 0.000000 0.000002 0.000003 6.623896 -0.059441 -1.696965 0.876768 8.006425 -34.399681 2.957999 -0.000007 0.000004 0.422035 2.000717 -17.172535 2.756902 0.000009 0.000002 0.298778 1.211759 -12.585002 2.334610 0.000011 0.000001 -0.000001 -0.000001 -0.000000 6.046968 -0.139187 -3.244340 3.587798 13.517598 -31.386116 2.623707 0.000009 0.000000 0.487203 2.680653 -29.100803 2.132117 0.000004 -0.000007 0.074785 1.530304 -6.724068 1.793219 0.000012 0.000000 -0.000003 -0.000001 0.000001 -4.224098 8.888414 -0.398196 -0.855008 5.246475 5.396786 22.093493 -2.727992 73.794723 -0.000020 32.516779 -0.000006 25.457271 8.380624 4.049675 -2.342537 -1.287619 1.805307 12.593951 -8.153694 -17.222421 -1.998870 -1.154047 1.154042 6.064830 -5.313234 -13.324095 -2.115646 -1.221473 1.221462 -13.753601 7.447206 9.069843 -1.745166 -1.007569 1.007566 -0.000001 -0.000011 -0.000001 -7.289624 -0.160562 1.788520 -0.934042 0.803122 10.773192 -2.816291 -0.000008 -0.000007 0.637324 -3.394051 26.746406 -2.639583 -0.000007 0.000007 -0.167847 -0.590567 17.433254 -2.241501 -0.000006 0.000014 0.000002 0.000002 0.000000 -7.060412 0.000008 0.000006 0.839964 -8.113515 23.112375 -3.340207 0.000003 0.000000 1.181246 -4.370036 38.023544 -3.056704 -0.000003 -0.000003 0.821945 -3.075371 31.081739 -2.639474 0.000000 -0.000009 -0.000001 0.000002 0.000000 -6.774590 0.049798 -1.636027 1.275984 -8.669401 41.005676 -2.923900 -0.000001 0.000013 0.713385 -2.594916 23.801116 -2.718001 -0.000011 0.000003 -0.130790 -0.209827 20.215118 -2.379610 0.000000 0.000009 -0.000000 -0.000001 0.000001 -6.148537 -0.175708 -3.130186 2.500283 -10.281923 45.253060 -2.627893 -0.000005 -0.000008 1.612578 -4.332255 49.089683 -2.122490 0.000017 -0.000005 -0.378858 -2.603567 43.266790 -1.792002 0.000002 0.000002 0.000001 -0.000002 -0.000001 7.556999 -4.826313 0.300478 -28.471184 -0.342211 1.304119 0.315534 -24.058294 0.537043 67.064323 2.618833 7.077238 -0.315537 -33.061478 0.084927 4.493386 0.182786 -0.860744 0.092046 -7.483318 10.511632 -5.994857 0.425113 -5.474219 0.082184 -0.046741 6.420124 -0.000001 -0.000000 0.000000 -7.557003 -4.826306 0.300484 -4.101856 -12.101552 9.621857 -0.315557 -24.058256 0.712181 12.317594 1.831905 -1.835713 0.315562 -33.061462 0.096916 -7.148552 -5.093193 -4.973681 -0.092060 -7.483411 10.296527 -2.773197 -0.000002 -0.000001 -0.082208 -0.046777 6.411405 -0.000000 -0.000000 -0.000000 
0.219347 68.685059 110.724838 -0.285095 9.949105 -3.536945 -0.000001 3.962386 -0.274314 2.603319 -0.672811 2.332733 0.000001 14.122135 -0.320022 1.656092 -2.278673 0.845950 0.000000 11.399152 -0.365733 -2.923703 -2.285056 0.251910 0.000000 9.938174 -0.411431 -3.367573 -1.151239 -0.983951 -0.000000 8.579116 0.114201 -1.349393 -3.841517 0.310223 0.000000 25.089088 0.333908 -0.000000 0.000000 -0.000000 4.224101 8.888440 -0.424614 8.280039 -20.929231 3.137780 1.625316 4.497742 -76.980269 0.000011 -36.305099 0.000006 19.884209 -19.957143 5.430811 2.354134 -1.272457 1.802822 28.897513 8.894104 20.768607 1.999429 -1.154373 1.154374 -8.690638 18.041873 -12.337710 2.113314 -1.220119 1.220122 7.946593 -11.221933 1.406953 1.744290 -1.007034 1.007056 -0.000001 -0.000000 -0.000003 7.198479 -0.169237 1.742685 0.321249 3.500377 3.987061 2.844903 -0.000006 -0.000001 0.265683 2.465269 -16.816388 2.665505 -0.000019 0.000002 -0.020309 0.178482 -3.850820 2.297409 -0.000006 -0.000012 0.000000 0.000001 0.000000 6.876539 -0.000006 -0.000005 0.605069 7.624338 -16.487696 3.256827 0.000016 -0.000001 0.612746 3.443009 -27.102869 3.177892 -0.000010 -0.000002 0.271804 1.846630 -15.987009 2.695116 -0.000016 -0.000006 0.000000 0.000002 0.000003 6.623896 -0.059441 -1.696965 0.876768 8.006425 -34.399681 2.957999 -0.000007 0.000004 0.422035 2.000717 -17.172535 2.756902 0.000009 0.000002 0.298778 1.211759 -12.585002 2.334610 0.000011 0.000001 -0.000001 -0.000001 -0.000000 6.046968 -0.139187 -3.244340 3.587798 13.517598 -31.386116 2.623707 0.000009 0.000000 0.487203 2.680653 -29.100803 2.132117 0.000004 -0.000007 0.074785 1.530304 -6.724068 1.793219 0.000012 0.000000 -0.000003 -0.000001 0.000001 -4.224098 8.888414 -0.398196 -0.855008 5.246475 5.396786 22.093493 -2.727992 73.794723 -0.000020 32.516779 -0.000006 25.457271 8.380624 4.049675 -2.342537 -1.287619 1.805307 12.593951 -8.153694 -17.222421 -1.998870 -1.154047 1.154042 6.064830 -5.313234 -13.324095 -2.115646 -1.221473 1.221462 -13.753601 7.447206 9.069843 -1.745166 -1.007569 1.007566 -0.000001 -0.000011 -0.000001 -7.289624 -0.160562 1.788520 -0.934042 0.803122 10.773192 -2.816291 -0.000008 -0.000007 0.637324 -3.394051 26.746406 -2.639583 -0.000007 0.000007 -0.167847 -0.590567 17.433254 -2.241501 -0.000006 0.000014 0.000002 0.000002 0.000000 -7.060412 0.000008 0.000006 0.839964 -8.113515 23.112375 -3.340207 0.000003 0.000000 1.181246 -4.370036 38.023544 -3.056704 -0.000003 -0.000003 0.821945 -3.075371 31.081739 -2.639474 0.000000 -0.000009 -0.000001 0.000002 0.000000 -6.774590 0.049798 -1.636027 1.275984 -8.669401 41.005676 -2.923900 -0.000001 0.000013 0.713385 -2.594916 23.801116 -2.718001 -0.000011 0.000003 -0.130790 -0.209827 20.215118 -2.379610 0.000000 0.000009 -0.000000 -0.000001 0.000001 -6.148537 -0.175708 -3.130186 2.500283 -10.281923 45.253060 -2.627893 -0.000005 -0.000008 1.612578 -4.332255 49.089683 -2.122490 0.000017 -0.000005 -0.378858 -2.603567 43.266790 -1.792002 0.000002 0.000002 0.000001 -0.000002 -0.000001 7.556999 -4.826313 0.300478 -28.471184 -0.342211 1.304119 0.315534 -24.058294 0.537043 67.064323 2.618833 7.077238 -0.315537 -33.061478 0.084927 4.493386 0.182786 -0.860744 0.092046 -7.483318 10.511632 -5.994857 0.425113 -5.474219 0.082184 -0.046741 6.420124 -0.000001 -0.000000 0.000000 -7.557003 -4.826306 0.300484 -4.101856 -12.101552 9.621857 -0.315557 -24.058256 0.712181 12.317594 1.831905 -1.835713 0.315562 -33.061462 0.096916 -7.148552 -5.093193 -4.973681 -0.092060 -7.483411 10.296527 -2.773197 -0.000002 -0.000001 -0.082208 -0.046777 6.411405 -0.000000 -0.000000 -0.000000 
0.219347 68.685059 110.724838 -0.285095 9.949105 -3.536945 -0.000001 3.962386 -0.274314 2.603319 -0.672811 2.332733 0.000001 14.122135 -0.320022 1.656092 -2.278673 0.845950 0.000000 11.399152 -0.365733 -2.923703 -2.285056 0.251910 0.000000 9.938174 -0.411431 -3.367573 -1.151239 -0.983951 -0.000000 8.579116 0.114201 -1.349393 -3.841517 0.310223 0.000000 25.089088 0.333908 -0.000000 0.000000 -0.000000 4.224101 8.888440 -0.424614 8.280039 -20.929231 3.137780 1.625316 4.497742 -76.980269 0.000011 -36.305099 0.000006 19.884209 -19.957143 5.430811 2.354134 -1.272457 1.802822 28.897513 8.894104 20.768607 1.999429 -1.154373 1.154374 -8.690638 18.041873 -12.337710 2.113314 -1.220119 1.220122 7.946593 -11.221933 1.406953 1.744290 -1.007034 1.007056 -0.000001 -0.000000 -0.000003 7.198479 -0.169237 1.742685 0.321249 3.500377 3.987061 2.844903 -0.000006 -0.000001 0.265683 2.465269 -16.816388 2.665505 -0.000019 0.000002 -0.020309 0.178482 -3.850820 2.297409 -0.000006 -0.000012 0.000000 0.000001 0.000000 6.876539 -0.000006 -0.000005 0.605069 7.624338 -16.487696 3.256827 0.000016 -0.000001 0.612746 3.443009 -27.102869 3.177892 -0.000010 -0.000002 0.271804 1.846630 -15.987009 2.695116 -0.000016 -0.000006 0.000000 0.000002 0.000003 6.623896 -0.059441 -1.696965 0.876768 8.006425 -34.399681 2.957999 -0.000007 0.000004 0.422035 2.000717 -17.172535 2.756902 0.000009 0.000002 0.298778 1.211759 -12.585002 2.334610 0.000011 0.000001 -0.000001 -0.000001 -0.000000 6.046968 -0.139187 -3.244340 3.587798 13.517598 -31.386116 2.623707 0.000009 0.000000 0.487203 2.680653 -29.100803 2.132117 0.000004 -0.000007 0.074785 1.530304 -6.724068 1.793219 0.000012 0.000000 -0.000003 -0.000001 0.000001 -4.224098 8.888414 -0.398196 -0.855008 5.246475 5.396786 22.093493 -2.727992 73.794723 -0.000020 32.516779 -0.000006 25.457271 8.380624 4.049675 -2.342537 -1.287619 1.805307 12.593951 -8.153694 -17.222421 -1.998870 -1.154047 1.154042 6.064830 -5.313234 -13.324095 -2.115646 -1.221473 1.221462 -13.753601 7.447206 9.069843 -1.745166 -1.007569 1.007566 -0.000001 -0.000011 -0.000001 -7.289624 -0.160562 1.788520 -0.934042 0.803122 10.773192 -2.816291 -0.000008 -0.000007 0.637324 -3.394051 26.746406 -2.639583 -0.000007 0.000007 -0.167847 -0.590567 17.433254 -2.241501 -0.000006 0.000014 0.000002 0.000002 0.000000 -7.060412 0.000008 0.000006 0.839964 -8.113515 23.112375 -3.340207 0.000003 0.000000 1.181246 -4.370036 38.023544 -3.056704 -0.000003 -0.000003 0.821945 -3.075371 31.081739 -2.639474 0.000000 -0.000009 -0.000001 0.000002 0.000000 -6.774590 0.049798 -1.636027 1.275984 -8.669401 41.005676 -2.923900 -0.000001 0.000013 0.713385 -2.594916 23.801116 -2.718001 -0.000011 0.000003 -0.130790 -0.209827 20.215118 -2.379610 0.000000 0.000009 -0.000000 -0.000001 0.000001 -6.148537 -0.175708 -3.130186 2.500283 -10.281923 45.253060 -2.627893 -0.000005 -0.000008 1.612578 -4.332255 49.089683 -2.122490 0.000017 -0.000005 -0.378858 -2.603567 43.266790 -1.792002 0.000002 0.000002 0.000001 -0.000002 -0.000001 7.556999 -4.826313 0.300478 -28.471184 -0.342211 1.304119 0.315534 -24.058294 0.537043 67.064323 2.618833 7.077238 -0.315537 -33.061478 0.084927 4.493386 0.182786 -0.860744 0.092046 -7.483318 10.511632 -5.994857 0.425113 -5.474219 0.082184 -0.046741 6.420124 -0.000001 -0.000000 0.000000 -7.557003 -4.826306 0.300484 -4.101856 -12.101552 9.621857 -0.315557 -24.058256 0.712181 12.317594 1.831905 -1.835713 0.315562 -33.061462 0.096916 -7.148552 -5.093193 -4.973681 -0.092060 -7.483411 10.296527 -2.773197 -0.000002 -0.000001 -0.082208 -0.046777 6.411405 -0.000000 -0.000000 -0.000000 
0.219347 68.685059 110.724838 -0.285095 9.949105 -3.536945 -0.000001 3.962386 -0.274314 2.603319 -0.672811 2.332733 0.000001 14.122135 -0.320022 1.656092 -2.278673 0.845950 0.000000 11.399152 -0.365733 -2.923703 -2.285056 0.251910 0.000000 9.938174 -0.411431 -3.367573 -1.151239 -0.983951 -0.000000 8.579116 0.114201 -1.349393 -3.841517 0.310223 0.000000 25.089088 0.333908 -0.000000 0.000000 -0.000000 4.224101 8.888440 -0.424614 8.280039 -20.929231 3.137780 1.625316 4.497742 -76.980269 0.000011 -36.305099 0.000006 19.884209 -19.957143 5.430811 2.354134 -1.272457 1.802822 28.897513 8.894104 20.768607 1.999429 -1.154373 1.154374 -8.690638 18.041873 -12.337710 2.113314 -1.220119 1.220122 7.946593 -11.221933 1.406953 1.744290 -1.007034 1.007056 -0.000001 -0.000000 -0.000003 7.198479 -0.169237 1.742685 0.321249 3.500377 3.987061 2.844903 -0.000006 -0.000001 0.265683 2.465269 -16.816388 2.665505 -0.000019 0.000002 -0.020309 0.178482 -3.850820 2.297409 -0.000006 -0.000012 0.000000 0.000001 0.000000 6.876539 -0.000006 -0.000005 0.605069 7.624338 -16.487696 3.256827 0.000016 -0.000001 0.612746 3.443009 -27.102869 3.177892 -0.000010 -0.000002 0.271804 1.846630 -15.987009 2.695116 -0.000016 -0.000006 0.000000 0.000002 0.000003 6.623896 -0.059441 -1.696965 0.876768 8.006425 -34.399681 2.957999 -0.000007 0.000004 0.422035 2.000717 -17.172535 2.756902 0.000009 0.000002 0.298778 1.211759 -12.585002 2.334610 0.000011 0.000001 -0.000001 -0.000001 -0.000000 6.046968 -0.139187 -3.244340 3.587798 13.517598 -31.386116 2.623707 0.000009 0.000000 0.487203 2.680653 -29.100803 2.132117 0.000004 -0.000007 0.074785 1.530304 -6.724068 1.793219 0.000012 0.000000 -0.000003 -0.000001 0.000001 -4.224098 8.888414 -0.398196 -0.855008 5.246475 5.396786 22.093493 -2.727992 73.794723 -0.000020 32.516779 -0.000006 25.457271 8.380624 4.049675 -2.342537 -1.287619 1.805307 12.593951 -8.153694 -17.222421 -1.998870 -1.154047 1.154042 6.064830 -5.313234 -13.324095 -2.115646 -1.221473 1.221462 -13.753601 7.447206 9.069843 -1.745166 -1.007569 1.007566 -0.000001 -0.000011 -0.000001 -7.289624 -0.160562 1.788520 -0.934042 0.803122 10.773192 -2.816291 -0.000008 -0.000007 0.637324 -3.394051 26.746406 -2.639583 -0.000007 0.000007 -0.167847 -0.590567 17.433254 -2.241501 -0.000006 0.000014 0.000002 0.000002 0.000000 -7.060412 0.000008 0.000006 0.839964 -8.113515 23.112375 -3.340207 0.000003 0.000000 1.181246 -4.370036 38.023544 -3.056704 -0.000003 -0.000003 0.821945 -3.075371 31.081739 -2.639474 0.000000 -0.000009 -0.000001 0.000002 0.000000 -6.774590 0.049798 -1.636027 1.275984 -8.669401 41.005676 -2.923900 -0.000001 0.000013 0.713385 -2.594916 23.801116 -2.718001 -0.000011 0.000003 -0.130790 -0.209827 20.215118 -2.379610 0.000000 0.000009 -0.000000 -0.000001 0.000001 -6.148537 -0.175708 -3.130186 2.500283 -10.281923 45.253060 -2.627893 -0.000005 -0.000008 1.612578 -4.332255 49.089683 -2.122490 0.000017 -0.000005 -0.378858 -2.603567 43.266790 -1.792002 0.000002 0.000002 0.000001 -0.000002 -0.000001 7.556999 -4.826313 0.300478 -28.471184 -0.342211 1.304119 0.315534 -24.058294 0.537043 67.064323 2.618833 7.077238 -0.315537 -33.061478 0.084927 4.493386 0.182786 -0.860744 0.092046 -7.483318 10.511632 -5.994857 0.425113 -5.474219 0.082184 -0.046741 6.420124 -0.000001 -0.000000 0.000000 -7.557003 -4.826306 0.300484 -4.101856 -12.101552 9.621857 -0.315557 -24.058256 0.712181 12.317594 1.831905 -1.835713 0.315562 -33.061462 0.096916 -7.148552 -5.093193 -4.973681 -0.092060 -7.483411 10.296527 -2.773197 -0.000002 -0.000001 -0.082208 -0.046777 6.411405 -0.000000 -0.000000 -0.000000 
0.219347 68.685059 110.724838 -0.285095 9.949105 -3.536945 -0.000001 3.962386 -0.274314 2.603319 -0.672811 2.332733 0.000001 14.122135 -0.320022 1.656092 -2.278673 0.845950 0.000000 11.399152 -0.365733 -2.923703 -2.285056 0.251910 0.000000 9.938174 -0.411431 -3.367573 -1.151239 -0.983951 -0.000000 8.579116 0.114201 -1.349393 -3.841517 0.310223 0.000000 25.089088 0.333908 -0.000000 0.000000 -0.000000 4.224101 8.888440 -0.424614 8.280039 -20.929231 3.137780 1.625316 4.497742 -76.980269 0.000011 -36.305099 0.000006 19.884209 -19.957143 5.430811 2.354134 -1.272457 1.802822 28.897513 8.894104 20.768607 1.999429 -1.154373 1.154374 -8.690638 18.041873 -12.337710 2.113314 -1.220119 1.220122 7.946593 -11.221933 1.406953 1.744290 -1.007034 1.007056 -0.000001 -0.000000 -0.000003 7.198479 -0.169237 1.742685 0.321249 3.500377 3.987061 2.844903 -0.000006 -0.000001 0.265683 2.465269 -16.816388 2.665505 -0.000019 0.000002 -0.020309 0.178482 -3.850820 2.297409 -0.000006 -0.000012 0.000000 0.000001 0.000000 6.876539 -0.000006 -0.000005 0.605069 7.624338 -16.487696 3.256827 0.000016 -0.000001 0.612746 3.443009 -27.102869 3.177892 -0.000010 -0.000002 0.271804 1.846630 -15.987009 2.695116 -0.000016 -0.000006 0.000000 0.000002 0.000003 6.623896 -0.059441 -1.696965 0.876768 8.006425 -34.399681 2.957999 -0.000007 0.000004 0.422035 2.000717 -17.172535 2.756902 0.000009 0.000002 0.298778 1.211759 -12.585002 2.334610 0.000011 0.000001 -0.000001 -0.000001 -0.000000 6.046968 -0.139187 -3.244340 3.587798 13.517598 -31.386116 2.623707 0.000009 0.000000 0.487203 2.680653 -29.100803 2.132117 0.000004 -0.000007 0.074785 1.530304 -6.724068 1.793219 0.000012 0.000000 -0.000003 -0.000001 0.000001 -4.224098 8.888414 -0.398196 -0.855008 5.246475 5.396786 22.093493 -2.727992 73.794723 -0.000020 32.516779 -0.000006 25.457271 8.380624 4.049675 -2.342537 -1.287619 1.805307 12.593951 -8.153694 -17.222421 -1.998870 -1.154047 1.154042 6.064830 -5.313234 -13.324095 -2.115646 -1.221473 1.221462 -13.753601 7.447206 9.069843 -1.745166 -1.007569 1.007566 -0.000001 -0.000011 -0.000001 -7.289624 -0.160562 1.788520 -0.934042 0.803122 10.773192 -2.816291 -0.000008 -0.000007 0.637324 -3.394051 26.746406 -2.639583 -0.000007 0.000007 -0.167847 -0.590567 17.433254 -2.241501 -0.000006 0.000014 0.000002 0.000002 0.000000 -7.060412 0.000008 0.000006 0.839964 -8.113515 23.112375 -3.340207 0.000003 0.000000 1.181246 -4.370036 38.023544 -3.056704 -0.000003 -0.000003 0.821945 -3.075371 31.081739 -2.639474 0.000000 -0.000009 -0.000001 0.000002 0.000000 -6.774590 0.049798 -1.636027 1.275984 -8.669401 41.005676 -2.923900 -0.000001 0.000013 0.713385 -2.594916 23.801116 -2.718001 -0.000011 0.000003 -0.130790 -0.209827 20.215118 -2.379610 0.000000 0.000009 -0.000000 -0.000001 0.000001 -6.148537 -0.175708 -3.130186 2.500283 -10.281923 45.253060 -2.627893 -0.000005 -0.000008 1.612578 -4.332255 49.089683 -2.122490 0.000017 -0.000005 -0.378858 -2.603567 43.266790 -1.792002 0.000002 0.000002 0.000001 -0.000002 -0.000001 7.556999 -4.826313 0.300478 -28.471184 -0.342211 1.304119 0.315534 -24.058294 0.537043 67.064323 2.618833 7.077238 -0.315537 -33.061478 0.084927 4.493386 0.182786 -0.860744 0.092046 -7.483318 10.511632 -5.994857 0.425113 -5.474219 0.082184 -0.046741 6.420124 -0.000001 -0.000000 0.000000 -7.557003 -4.826306 0.300484 -4.101856 -12.101552 9.621857 -0.315557 -24.058256 0.712181 12.317594 1.831905 -1.835713 0.315562 -33.061462 0.096916 -7.148552 -5.093193 -4.973681 -0.092060 -7.483411 10.296527 -2.773197 -0.000002 -0.000001 -0.082208 -0.046777 6.411405 -0.000000 -0.000000 -0.000000 
0.219347 68.685059 110.724838 -0.285095 9.949105 -3.536945 -0.000001 3.962386 -0.274314 2.603319 -0.672811 2.332733 0.000001 14.122135 -0.320022 1.656092 -2.278673 0.845950 0.000000 11.399152 -0.365733 -2.923703 -2.285056 0.251910 0.000000 9.938174 -0.411431 -3.367573 -1.151239 -0.983951 -0.000000 8.579116 0.114201 -1.349393 -3.841517 0.310223 0.000000 25.089088 0.333908 -0.000000 0.000000 -0.000000 4.224101 8.888440 -0.424614 8.280039 -20.929231 3.137780 1.625316 4.497742 -76.980269 0.000011 -36.305099 0.000006 19.884209 -19.957143 5.430811 2.354134 -1.272457 1.802822 28.897513 8.894104 20.768607 1.999429 -1.154373 1.154374 -8.690638 18.041873 -12.337710 2.113314 -1.220119 1.220122 7.946593 -11.221933 1.406953 1.744290 -1.007034 1.007056 -0.000001 -0.000000 -0.000003 7.198479 -0.169237 1.742685 0.321249 3.500377 3.987061 2.844903 -0.000006 -0.000001 0.265683 2.465269 -16.816388 2.665505 -0.000019 0.000002 -0.020309 0.178482 -3.850820 2.297409 -0.000006 -0.000012 0.000000 0.000001 0.000000 6.876539 -0.000006 -0.000005 0.605069 7.624338 -16.487696 3.256827 0.000016 -0.000001 0.612746 3.443009 -27.102869 3.177892 -0.000010 -0.000002 0.271804 1.846630 -15.987009 2.695116 -0.000016 -0.000006 0.000000 0.000002 0.000003 6.623896 -0.059441 -1.696965 0.876768 8.006425 -34.399681 2.957999 -0.000007 0.000004 0.422035 2.000717 -17.172535 2.756902 0.000009 0.000002 0.298778 1.211759 -12.585002 2.334610 0.000011 0.000001 -0.000001 -0.000001 -0.000000 6.046968 -0.139187 -3.244340 3.587798 13.517598 -31.386116 2.623707 0.000009 0.000000 0.487203 2.680653 -29.100803 2.132117 0.000004 -0.000007 0.074785 1.530304 -6.724068 1.793219 0.000012 0.000000 -0.000003 -0.000001 0.000001 -4.224098 8.888414 -0.398196 -0.855008 5.246475 5.396786 22.093493 -2.727992 73.794723 -0.000020 32.516779 -0.000006 25.457271 8.380624 4.049675 -2.342537 -1.287619 1.805307 12.593951 -8.153694 -17.222421 -1.998870 -1.154047 1.154042 6.064830 -5.313234 -13.324095 -2.115646 -1.221473 1.221462 -13.753601 7.447206 9.069843 -1.745166 -1.007569 1.007566 -0.000001 -0.000011 -0.000001 -7.289624 -0.160562 1.788520 -0.934042 0.803122 10.773192 -2.816291 -0.000008 -0.000007 0.637324 -3.394051 26.746406 -2.639583 -0.000007 0.000007 -0.167847 -0.590567 17.433254 -2.241501 -0.000006 0.000014 0.000002 0.000002 0.000000 -7.060412 0.000008 0.000006 0.839964 -8.113515 23.112375 -3.340207 0.000003 0.000000 1.181246 -4.370036 38.023544 -3.056704 -0.000003 -0.000003 0.821945 -3.075371 31.081739 -2.639474 0.000000 -0.000009 -0.000001 0.000002 0.000000 -6.774590 0.049798 -1.636027 1.275984 -8.669401 41.005676 -2.923900 -0.000001 0.000013 0.713385 -2.594916 23.801116 -2.718001 -0.000011 0.000003 -0.130790 -0.209827 20.215118 -2.379610 0.000000 0.000009 -0.000000 -0.000001 0.000001 -6.148537 -0.175708 -3.130186 2.500283 -10.281923 45.253060 -2.627893 -0.000005 -0.000008 1.612578 -4.332255 49.089683 -2.122490 0.000017 -0.000005 -0.378858 -2.603567 43.266790 -1.792002 0.000002 0.000002 0.000001 -0.000002 -0.000001 7.556999 -4.826313 0.300478 -28.471184 -0.342211 1.304119 0.315534 -24.058294 0.537043 67.064323 2.618833 7.077238 -0.315537 -33.061478 0.084927 4.493386 0.182786 -0.860744 0.092046 -7.483318 10.511632 -5.994857 0.425113 -5.474219 0.082184 -0.046741 6.420124 -0.000001 -0.000000 0.000000 -7.557003 -4.826306 0.300484 -4.101856 -12.101552 9.621857 -0.315557 -24.058256 0.712181 12.317594 1.831905 -1.835713 0.315562 -33.061462 0.096916 -7.148552 -5.093193 -4.973681 -0.092060 -7.483411 10.296527 -2.773197 -0.000002 -0.000001 -0.082208 -0.046777 6.411405 -0.000000 -0.000000 -0.000000 
0.219347 68.685059 110.724838 -0.285095 9.949105 -3.536945 -0.000001 3.962386 -0.274314 2.603319 -0.672811 2.332733 0.000001 14.122135 -0.320022 1.656092 -2.278673 0.845950 0.000000 11.399152 -0.365733 -2.923703 -2.285056 0.251910 0.000000 9.938174 -0.411431 -3.367573 -1.151239 -0.983951 -0.000000 8.579116 0.114201 -1.349393 -3.841517 0.310223 0.000000 25.089088 0.333908 -0.000000 0.000000 -0.000000 4.224101 8.888440 -0.424614 8.280039 -20.929231 3.137780 1.625316 4.497742 -76.980269 0.000011 -36.305099 0.000006 19.884209 -19.957143 5.430811 2.354134 -1.272457 1.802822 28.897513 8.894104 20.768607 1.999429 -1.154373 1.154374 -8.690638 18.041873 -12.337710 2.113314 -1.220119 1.220122 7.946593 -11.221933 1.406953 1.744290 -1.007034 1.007056 -0.000001 -0.000000 -0.000003 7.198479 -0.169237 1.742685 0.321249 3.500377 3.987061 2.844903 -0.000006 -0.000001 0.265683 2.465269 -16.816388 2.665505 -0.000019 0.000002 -0.020309 0.178482 -3.850820 2.297409 -0.000006 -0.000012 0.000000 0.000001 0.000000 6.876539 -0.000006 -0.000005 0.605069 7.624338 -16.487696 3.256827 0.000016 -0.000001 0.612746 3.443009 -27.102869 3.177892 -0.000010 -0.000002 0.271804 1.846630 -15.987009 2.695116 -0.000016 -0.000006 0.000000 0.000002 0.000003 6.623896 -0.059441 -1.696965 0.876768 8.006425 -34.399681 2.957999 -0.000007 0.000004 0.422035 2.000717 -17.172535 2.756902 0.000009 0.000002 0.298778 1.211759 -12.585002 2.334610 0.000011 0.000001 -0.000001 -0.000001 -0.000000 6.046968 -0.139187 -3.244340 3.587798 13.517598 -31.386116 2.623707 0.000009 0.000000 0.487203 2.680653 -29.100803 2.132117 0.000004 -0.000007 0.074785 1.530304 -6.724068 1.793219 0.000012 0.000000 -0.000003 -0.000001 0.000001 -4.224098 8.888414 -0.398196 -0.855008 5.246475 5.396786 22.093493 -2.727992 73.794723 -0.000020 32.516779 -0.000006 25.457271 8.380624 4.049675 -2.342537 -1.287619 1.805307 12.593951 -8.153694 -17.222421 -1.998870 -1.154047 1.154042 6.064830 -5.313234 -13.324095 -2.115646 -1.221473 1.221462 -13.753601 7.447206 9.069843 -1.745166 -1.007569 1.007566 -0.000001 -0.000011 -0.000001 -7.289624 -0.160562 1.788520 -0.934042 0.803122 10.773192 -2.816291 -0.000008 -0.000007 0.637324 -3.394051 26.746406 -2.639583 -0.000007 0.000007 -0.167847 -0.590567 17.433254 -2.241501 -0.000006 0.000014 0.000002 0.000002 0.000000 -7.060412 0.000008 0.000006 0.839964 -8.113515 23.112375 -3.340207 0.000003 0.000000 1.181246 -4.370036 38.023544 -3.056704 -0.000003 -0.000003 0.821945 -3.075371 31.081739 -2.639474 0.000000 -0.000009 -0.000001 0.000002 0.000000 -6.774590 0.049798 -1.636027 1.275984 -8.669401 41.005676 -2.923900 -0.000001 0.000013 0.713385 -2.594916 23.801116 -2.718001 -0.000011 0.000003 -0.130790 -0.209827 20.215118 -2.379610 0.000000 0.000009 -0.000000 -0.000001 0.000001 -6.148537 -0.175708 -3.130186 2.500283 -10.281923 45.253060 -2.627893 -0.000005 -0.000008 1.612578 -4.332255 49.089683 -2.122490 0.000017 -0.000005 -0.378858 -2.603567 43.266790 -1.792002 0.000002 0.000002 0.000001 -0.000002 -0.000001 7.556999 -4.826313 0.300478 -28.471184 -0.342211 1.304119 0.315534 -24.058294 0.537043 67.064323 2.618833 7.077238 -0.315537 -33.061478 0.084927 4.493386 0.182786 -0.860744 0.092046 -7.483318 10.511632 -5.994857 0.425113 -5.474219 0.082184 -0.046741 6.420124 -0.000001 -0.000000 0.000000 -7.557003 -4.826306 0.300484 -4.101856 -12.101552 9.621857 -0.315557 -24.058256 0.712181 12.317594 1.831905 -1.835713 0.315562 -33.061462 0.096916 -7.148552 -5.093193 -4.973681 -0.092060 -7.483411 10.296527 -2.773197 -0.000002 -0.000001 -0.082208 -0.046777 6.411405 -0.000000 -0.000000 -0.000000 
0.219347 68.685059 110.724838 -0.285095 9.949105 -3.536945 -0.000001 3.962386 -0.274314 2.603319 -0.672811 2.332733 0.000001 14.122135 -0.320022 1.656092 -2.278673 0.845950 0.000000 11.399152 -0.365733 -2.923703 -2.285056 0.251910 0.000000 9.938174 -0.411431 -3.367573 -1.151239 -0.983951 -0.000000 8.579116 0.114201 -1.349393 -3.841517 0.310223 0.000000 25.089088 0.333908 -0.000000 0.000000 -0.000000 4.224101 8.888440 -0.424614 8.280039 -20.929231 3.137780 1.625316 4.497742 -76.980269 0.000011 -36.305099 0.000006 19.884209 -19.957143 5.430811 2.354134 -1.272457 1.802822 28.897513 8.894104 20.768607 1.999429 -1.154373 1.154374 -8.690638 18.041873 -12.337710 2.113314 -1.220119 1.220122 7.946593 -11.221933 1.406953 1.744290 -1.007034 1.007056 -0.000001 -0.000000 -0.000003 7.198479 -0.169237 1.742685 0.321249 3.500377 3.987061 2.844903 -0.000006 -0.000001 0.265683 2.465269 -16.816388 2.665505 -0.000019 0.000002 -0.020309 0.178482 -3.850820 2.297409 -0.000006 -0.000012 0.000000 0.000001 0.000000 6.876539 -0.000006 -0.000005 0.605069 7.624338 -16.487696 3.256827 0.000016 -0.000001 0.612746 3.443009 -27.102869 3.177892 -0.000010 -0.000002 0.271804 1.846630 -15.987009 2.695116 -0.000016 -0.000006 0.000000 0.000002 0.000003 6.623896 -0.059441 -1.696965 0.876768 8.006425 -34.399681 2.957999 -0.000007 0.000004 0.422035 2.000717 -17.172535 2.756902 0.000009 0.000002 0.298778 1.211759 -12.585002 2.334610 0.000011 0.000001 -0.000001 -0.000001 -0.000000 6.046968 -0.139187 -3.244340 3.587798 13.517598 -31.386116 2.623707 0.000009 0.000000 0.487203 2.680653 -29.100803 2.132117 0.000004 -0.000007 0.074785 1.530304 -6.724068 1.793219 0.000012 0.000000 -0.000003 -0.000001 0.000001 -4.224098 8.888414 -0.398196 -0.855008 5.246475 5.396786 22.093493 -2.727992 73.794723 -0.000020 32.516779 -0.000006 25.457271 8.380624 4.049675 -2.342537 -1.287619 1.805307 12.593951 -8.153694 -17.222421 -1.998870 -1.154047 1.154042 6.064830 -5.313234 -13.324095 -2.115646 -1.221473 1.221462 -13.753601 7.447206 9.069843 -1.745166 -1.007569 1.007566 -0.000001 -0.000011 -0.000001 -7.289624 -0.160562 1.788520 -0.934042 0.803122 10.773192 -2.816291 -0.000008 -0.000007 0.637324 -3.394051 26.746406 -2.639583 -0.000007 0.000007 -0.167847 -0.590567 17.433254 -2.241501 -0.000006 0.000014 0.000002 0.000002 0.000000 -7.060412 0.000008 0.000006 0.839964 -8.113515 23.112375 -3.340207 0.000003 0.000000 1.181246 -4.370036 38.023544 -3.056704 -0.000003 -0.000003 0.821945 -3.075371 31.081739 -2.639474 0.000000 -0.000009 -0.000001 0.000002 0.000000 -6.774590 0.049798 -1.636027 1.275984 -8.669401 41.005676 -2.923900 -0.000001 0.000013 0.713385 -2.594916 23.801116 -2.718001 -0.000011 0.000003 -0.130790 -0.209827 20.215118 -2.379610 0.000000 0.000009 -0.000000 -0.000001 0.000001 -6.148537 -0.175708 -3.130186 2.500283 -10.281923 45.253060 -2.627893 -0.000005 -0.000008 1.612578 -4.332255 49.089683 -2.122490 0.000017 -0.000005 -0.378858 -2.603567 43.266790 -1.792002 0.000002 0.000002 0.000001 -0.000002 -0.000001 7.556999 -4.826313 0.300478 -28.471184 -0.342211 1.304119 0.315534 -24.058294 0.537043 67.064323 2.618833 7.077238 -0.315537 -33.061478 0.084927 4.493386 0.182786 -0.860744 0.092046 -7.483318 10.511632 -5.994857 0.425113 -5.474219 0.082184 -0.046741 6.420124 -0.000001 -0.000000 0.000000 -7.557003 -4.826306 0.300484 -4.101856 -12.101552 9.621857 -0.315557 -24.058256 0.712181 12.317594 1.831905 -1.835713 0.315562 -33.061462 0.096916 -7.148552 -5.093193 -4.973681 -0.092060 -7.483411 10.296527 -2.773197 -0.000002 -0.000001 -0.082208 -0.046777 6.411405 -0.000000 -0.000000 -0.000000 
0.219347 68.685059 110.724838 -0.285095 9.949105 -3.536945 -0.000001 3.962386 -0.274314 2.603319 -0.672811 2.332733 0.000001 14.122135 -0.320022 1.656092 -2.278673 0.845950 0.000000 11.399152 -0.365733 -2.923703 -2.285056 0.251910 0.000000 9.938174 -0.411431 -3.367573 -1.151239 -0.983951 -0.000000 8.579116 0.114201 -1.349393 -3.841517 0.310223 0.000000 25.089088 0.333908 -0.000000 0.000000 -0.000000 4.224101 8.888440 -0.424614 8.280039 -20.929231 3.137780 1.625316 4.497742 -76.980269 0.000011 -36.305099 0.000006 19.884209 -19.957143 5.430811 2.354134 -1.272457 1.802822 28.897513 8.894104 20.768607 1.999429 -1.154373 1.154374 -8.690638 18.041873 -12.337710 2.113314 -1.220119 1.220122 7.946593 -11.221933 1.406953 1.744290 -1.007034 1.007056 -0.000001 -0.000000 -0.000003 7.198479 -0.169237 1.742685 0.321249 3.500377 3.987061 2.844903 -0.000006 -0.000001 0.265683 2.465269 -16.816388 2.665505 -0.000019 0.000002 -0.020309 0.178482 -3.850820 2.297409 -0.000006 -0.000012 0.000000 0.000001 0.000000 6.876539 -0.000006 -0.000005 0.605069 7.624338 -16.487696 3.256827 0.000016 -0.000001 0.612746 3.443009 -27.102869 3.177892 -0.000010 -0.000002 0.271804 1.846630 -15.987009 2.695116 -0.000016 -0.000006 0.000000 0.000002 0.000003 6.623896 -0.059441 -1.696965 0.876768 8.006425 -34.399681 2.957999 -0.000007 0.000004 0.422035 2.000717 -17.172535 2.756902 0.000009 0.000002 0.298778 1.211759 -12.585002 2.334610 0.000011 0.000001 -0.000001 -0.000001 -0.000000 6.046968 -0.139187 -3.244340 3.587798 13.517598 -31.386116 2.623707 0.000009 0.000000 0.487203 2.680653 -29.100803 2.132117 0.000004 -0.000007 0.074785 1.530304 -6.724068 1.793219 0.000012 0.000000 -0.000003 -0.000001 0.000001 -4.224098 8.888414 -0.398196 -0.855008 5.246475 5.396786 22.093493 -2.727992 73.794723 -0.000020 32.516779 -0.000006 25.457271 8.380624 4.049675 -2.342537 -1.287619 1.805307 12.593951 -8.153694 -17.222421 -1.998870 -1.154047 1.154042 6.064830 -5.313234 -13.324095 -2.115646 -1.221473 1.221462 -13.753601 7.447206 9.069843 -1.745166 -1.007569 1.007566 -0.000001 -0.000011 -0.000001 -7.289624 -0.160562 1.788520 -0.934042 0.803122 10.773192 -2.816291 -0.000008 -0.000007 0.637324 -3.394051 26.746406 -2.639583 -0.000007 0.000007 -0.167847 -0.590567 17.433254 -2.241501 -0.000006 0.000014 0.000002 0.000002 0.000000 -7.060412 0.000008 0.000006 0.839964 -8.113515 23.112375 -3.340207 0.000003 0.000000 1.181246 -4.370036 38.023544 -3.056704 -0.000003 -0.000003 0.821945 -3.075371 31.081739 -2.639474 0.000000 -0.000009 -0.000001 0.000002 0.000000 -6.774590 0.049798 -1.636027 1.275984 -8.669401 41.005676 -2.923900 -0.000001 0.000013 0.713385 -2.594916 23.801116 -2.718001 -0.000011 0.000003 -0.130790 -0.209827 20.215118 -2.379610 0.000000 0.000009 -0.000000 -0.000001 0.000001 -6.148537 -0.175708 -3.130186 2.500283 -10.281923 45.253060 -2.627893 -0.000005 -0.000008 1.612578 -4.332255 49.089683 -2.122490 0.000017 -0.000005 -0.378858 -2.603567 43.266790 -1.792002 0.000002 0.000002 0.000001 -0.000002 -0.000001 7.556999 -4.826313 0.300478 -28.471184 -0.342211 1.304119 0.315534 -24.058294 0.537043 67.064323 2.618833 7.077238 -0.315537 -33.061478 0.084927 4.493386 0.182786 -0.860744 0.092046 -7.483318 10.511632 -5.994857 0.425113 -5.474219 0.082184 -0.046741 6.420124 -0.000001 -0.000000 0.000000 -7.557003 -4.826306 0.300484 -4.101856 -12.101552 9.621857 -0.315557 -24.058256 0.712181 12.317594 1.831905 -1.835713 0.315562 -33.061462 0.096916 -7.148552 -5.093193 -4.973681 -0.092060 -7.483411 10.296527 -2.773197 -0.000002 -0.000001 -0.082208 -0.046777 6.411405 -0.000000 -0.000000 -0.000000 
0.219347 68.685059 110.724838 -0.285095 9.949105 -3.536945 -0.000001 3.962386 -0.274314 2.603319 -0.672811 2.332733 0.000001 14.122135 -0.320022 1.656092 -2.278673 0.845950 0.000000 11.399152 -0.365733 -2.923703 -2.285056 0.251910 0.000000 9.938174 -0.411431 -3.367573 -1.151239 -0.983951 -0.000000 8.579116 0.114201 -1.349393 -3.841517 0.310223 0.000000 25.089088 0.333908 -0.000000 0.000000 -0.000000 4.224101 8.888440 -0.424614 8.280039 -20.929231 3.137780 1.625316 4.497742 -76.980269 0.000011 -36.305099 0.000006 19.884209 -19.957143 5.430811 2.354134 -1.272457 1.802822 28.897513 8.894104 20.768607 1.999429 -1.154373 1.154374 -8.690638 18.041873 -12.337710 2.113314 -1.220119 1.220122 7.946593 -11.221933 1.406953 1.744290 -1.007034 1.007056 -0.000001 -0.000000 -0.000003 7.198479 -0.169237 1.742685 0.321249 3.500377 3.987061 2.844903 -0.000006 -0.000001 0.265683 2.465269 -16.816388 2.665505 -0.000019 0.000002 -0.020309 0.178482 -3.850820 2.297409 -0.000006 -0.000012 0.000000 0.000001 0.000000 6.876539 -0.000006 -0.000005 0.605069 7.624338 -16.487696 3.256827 0.000016 -0.000001 0.612746 3.443009 -27.102869 3.177892 -0.000010 -0.000002 0.271804 1.846630 -15.987009 2.695116 -0.000016 -0.000006 0.000000 0.000002 0.000003 6.623896 -0.059441 -1.696965 0.876768 8.006425 -34.399681 2.957999 -0.000007 0.000004 0.422035 2.000717 -17.172535 2.756902 0.000009 0.000002 0.298778 1.211759 -12.585002 2.334610 0.000011 0.000001 -0.000001 -0.000001 -0.000000 6.046968 -0.139187 -3.244340 3.587798 13.517598 -31.386116 2.623707 0.000009 0.000000 0.487203 2.680653 -29.100803 2.132117 0.000004 -0.000007 0.074785 1.530304 -6.724068 1.793219 0.000012 0.000000 -0.000003 -0.000001 0.000001 -4.224098 8.888414 -0.398196 -0.855008 5.246475 5.396786 22.093493 -2.727992 73.794723 -0.000020 32.516779 -0.000006 25.457271 8.380624 4.049675 -2.342537 -1.287619 1.805307 12.593951 -8.153694 -17.222421 -1.998870 -1.154047 1.154042 6.064830 -5.313234 -13.324095 -2.115646 -1.221473 1.221462 -13.753601 7.447206 9.069843 -1.745166 -1.007569 1.007566 -0.000001 -0.000011 -0.000001 -7.289624 -0.160562 1.788520 -0.934042 0.803122 10.773192 -2.816291 -0.000008 -0.000007 0.637324 -3.394051 26.746406 -2.639583 -0.000007 0.000007 -0.167847 -0.590567 17.433254 -2.241501 -0.000006 0.000014 0.000002 0.000002 0.000000 -7.060412 0.000008 0.000006 0.839964 -8.113515 23.112375 -3.340207 0.000003 0.000000 1.181246 -4.370036 38.023544 -3.056704 -0.000003 -0.000003 0.821945 -3.075371 31.081739 -2.639474 0.000000 -0.000009 -0.000001 0.000002 0.000000 -6.774590 0.049798 -1.636027 1.275984 -8.669401 41.005676 -2.923900 -0.000001 0.000013 0.713385 -2.594916 23.801116 -2.718001 -0.000011 0.000003 -0.130790 -0.209827 20.215118 -2.379610 0.000000 0.000009 -0.000000 -0.000001 0.000001 -6.148537 -0.175708 -3.130186 2.500283 -10.281923 45.253060 -2.627893 -0.000005 -0.000008 1.612578 -4.332255 49.089683 -2.122490 0.000017 -0.000005 -0.378858 -2.603567 43.266790 -1.792002 0.000002 0.000002 0.000001 -0.000002 -0.000001 7.556999 -4.826313 0.300478 -28.471184 -0.342211 1.304119 0.315534 -24.058294 0.537043 67.064323 2.618833 7.077238 -0.315537 -33.061478 0.084927 4.493386 0.182786 -0.860744 0.092046 -7.483318 10.511632 -5.994857 0.425113 -5.474219 0.082184 -0.046741 6.420124 -0.000001 -0.000000 0.000000 -7.557003 -4.826306 0.300484 -4.101856 -12.101552 9.621857 -0.315557 -24.058256 0.712181 12.317594 1.831905 -1.835713 0.315562 -33.061462 0.096916 -7.148552 -5.093193 -4.973681 -0.092060 -7.483411 10.296527 -2.773197 -0.000002 -0.000001 -0.082208 -0.046777 6.411405 -0.000000 -0.000000 -0.000000 
0.219347 68.685059 110.724838 -0.285095 9.949105 -3.536945 -0.000001 3.962386 -0.274314 2.603319 -0.672811 2.332733 0.000001 14.122135 -0.320022 1.656092 -2.278673 0.845950 0.000000 11.399152 -0.365733 -2.923703 -2.285056 0.251910 0.000000 9.938174 -0.411431 -3.367573 -1.151239 -0.983951 -0.000000 8.579116 0.114201 -1.349393 -3.841517 0.310223 0.000000 25.089088 0.333908 -0.000000 0.000000 -0.000000 4.224101 8.888440 -0.424614 8.280039 -20.929231 3.137780 1.625316 4.497742 -76.980269 0.000011 -36.305099 0.000006 19.884209 -19.957143 5.430811 2.354134 -1.272457 1.802822 28.897513 8.894104 20.768607 1.999429 -1.154373 1.154374 -8.690638 18.041873 -12.337710 2.113314 -1.220119 1.220122 7.946593 -11.221933 1.406953 1.744290 -1.007034 1.007056 -0.000001 -0.000000 -0.000003 7.198479 -0.169237 1.742685 0.321249 3.500377 3.987061 2.844903 -0.000006 -0.000001 0.265683 2.465269 -16.816388 2.665505 -0.000019 0.000002 -0.020309 0.178482 -3.850820 2.297409 -0.000006 -0.000012 0.000000 0.000001 0.000000 6.876539 -0.000006 -0.000005 0.605069 7.624338 -16.487696 3.256827 0.000016 -0.000001 0.612746 3.443009 -27.102869 3.177892 -0.000010 -0.000002 0.271804 1.846630 -15.987009 2.695116 -0.000016 -0.000006 0.000000 0.000002 0.000003 6.623896 -0.059441 -1.696965 0.876768 8.006425 -34.399681 2.957999 -0.000007 0.000004 0.422035 2.000717 -17.172535 2.756902 0.000009 0.000002 0.298778 1.211759 -12.585002 2.334610 0.000011 0.000001 -0.000001 -0.000001 -0.000000 6.046968 -0.139187 -3.244340 3.587798 13.517598 -31.386116 2.623707 0.000009 0.000000 0.487203 2.680653 -29.100803 2.132117 0.000004 -0.000007 0.074785 1.530304 -6.724068 1.793219 0.000012 0.000000 -0.000003 -0.000001 0.000001 -4.224098 8.888414 -0.398196 -0.855008 5.246475 5.396786 22.093493 -2.727992 73.794723 -0.000020 32.516779 -0.000006 25.457271 8.380624 4.049675 -2.342537 -1.287619 1.805307 12.593951 -8.153694 -17.222421 -1.998870 -1.154047 1.154042 6.064830 -5.313234 -13.324095 -2.115646 -1.221473 1.221462 -13.753601 7.447206 9.069843 -1.745166 -1.007569 1.007566 -0.000001 -0.000011 -0.000001 -7.289624 -0.160562 1.788520 -0.934042 0.803122 10.773192 -2.816291 -0.000008 -0.000007 0.637324 -3.394051 26.746406 -2.639583 -0.000007 0.000007 -0.167847 -0.590567 17.433254 -2.241501 -0.000006 0.000014 0.000002 0.000002 0.000000 -7.060412 0.000008 0.000006 0.839964 -8.113515 23.112375 -3.340207 0.000003 0.000000 1.181246 -4.370036 38.023544 -3.056704 -0.000003 -0.000003 0.821945 -3.075371 31.081739 -2.639474 0.000000 -0.000009 -0.000001 0.000002 0.000000 -6.774590 0.049798 -1.636027 1.275984 -8.669401 41.005676 -2.923900 -0.000001 0.000013 0.713385 -2.594916 23.801116 -2.718001 -0.000011 0.000003 -0.130790 -0.209827 20.215118 -2.379610 0.000000 0.000009 -0.000000 -0.000001 0.000001 -6.148537 -0.175708 -3.130186 2.500283 -10.281923 45.253060 -2.627893 -0.000005 -0.000008 1.612578 -4.332255 49.089683 -2.122490 0.000017 -0.000005 -0.378858 -2.603567 43.266790 -1.792002 0.000002 0.000002 0.000001 -0.000002 -0.000001 7.556999 -4.826313 0.300478 -28.471184 -0.342211 1.304119 0.315534 -24.058294 0.537043 67.064323 2.618833 7.077238 -0.315537 -33.061478 0.084927 4.493386 0.182786 -0.860744 0.092046 -7.483318 10.511632 -5.994857 0.425113 -5.474219 0.082184 -0.046741 6.420124 -0.000001 -0.000000 0.000000 -7.557003 -4.826306 0.300484 -4.101856 -12.101552 9.621857 -0.315557 -24.058256 0.712181 12.317594 1.831905 -1.835713 0.315562 -33.061462 0.096916 -7.148552 -5.093193 -4.973681 -0.092060 -7.483411 10.296527 -2.773197 -0.000002 -0.000001 -0.082208 -0.046777 6.411405 -0.000000 -0.000000 -0.000000 
0.219347 68.685059 110.724838 -0.285095 9.949105 -3.536945 -0.000001 3.962386 -0.274314 2.603319 -0.672811 2.332733 0.000001 14.122135 -0.320022 1.656092 -2.278673 0.845950 0.000000 11.399152 -0.365733 -2.923703 -2.285056 0.251910 0.000000 9.938174 -0.411431 -3.367573 -1.151239 -0.983951 -0.000000 8.579116 0.114201 -1.349393 -3.841517 0.310223 0.000000 25.089088 0.333908 -0.000000 0.000000 -0.000000 4.224101 8.888440 -0.424614 8.280039 -20.929231 3.137780 1.625316 4.497742 -76.980269 0.000011 -36.305099 0.000006 19.884209 -19.957143 5.430811 2.354134 -1.272457 1.802822 28.897513 8.894104 20.768607 1.999429 -1.154373 1.154374 -8.690638 18.041873 -12.337710 2.113314 -1.220119 1.220122 7.946593 -11.221933 1.406953 1.744290 -1.007034 1.007056 -0.000001 -0.000000 -0.000003 7.198479 -0.169237 1.742685 0.321249 3.500377 3.987061 2.844903 -0.000006 -0.000001 0.265683 2.465269 -16.816388 2.665505 -0.000019 0.000002 -0.020309 0.178482 -3.850820 2.297409 -0.000006 -0.000012 0.000000 0.000001 0.000000 6.876539 -0.000006 -0.000005 0.605069 7.624338 -16.487696 3.256827 0.000016 -0.000001 0.612746 3.443009 -27.102869 3.177892 -0.000010 -0.000002 0.271804 1.846630 -15.987009 2.695116 -0.000016 -0.000006 0.000000 0.000002 0.000003 6.623896 -0.059441 -1.696965 0.876768 8.006425 -34.399681 2.957999 -0.000007 0.000004 0.422035 2.000717 -17.172535 2.756902 0.000009 0.000002 0.298778 1.211759 -12.585002 2.334610 0.000011 0.000001 -0.000001 -0.000001 -0.000000 6.046968 -0.139187 -3.244340 3.587798 13.517598 -31.386116 2.623707 0.000009 0.000000 0.487203 2.680653 -29.100803 2.132117 0.000004 -0.000007 0.074785 1.530304 -6.724068 1.793219 0.000012 0.000000 -0.000003 -0.000001 0.000001 -4.224098 8.888414 -0.398196 -0.855008 5.246475 5.396786 22.093493 -2.727992 73.794723 -0.000020 32.516779 -0.000006 25.457271 8.380624 4.049675 -2.342537 -1.287619 1.805307 12.593951 -8.153694 -17.222421 -1.998870 -1.154047 1.154042 6.064830 -5.313234 -13.324095 -2.115646 -1.221473 1.221462 -13.753601 7.447206 9.069843 -1.745166 -1.007569 1.007566 -0.000001 -0.000011 -0.000001 -7.289624 -0.160562 1.788520 -0.934042 0.803122 10.773192 -2.816291 -0.000008 -0.000007 0.637324 -3.394051 26.746406 -2.639583 -0.000007 0.000007 -0.167847 -0.590567 17.433254 -2.241501 -0.000006 0.000014 0.000002 0.000002 0.000000 -7.060412 0.000008 0.000006 0.839964 -8.113515 23.112375 -3.340207 0.000003 0.000000 1.181246 -4.370036 38.023544 -3.056704 -0.000003 -0.000003 0.821945 -3.075371 31.081739 -2.639474 0.000000 -0.000009 -0.000001 0.000002 0.000000 -6.774590 0.049798 -1.636027 1.275984 -8.669401 41.005676 -2.923900 -0.000001 0.000013 0.713385 -2.594916 23.801116 -2.718001 -0.000011 0.000003 -0.130790 -0.209827 20.215118 -2.379610 0.000000 0.000009 -0.000000 -0.000001 0.000001 -6.148537 -0.175708 -3.130186 2.500283 -10.281923 45.253060 -2.627893 -0.000005 -0.000008 1.612578 -4.332255 49.089683 -2.122490 0.000017 -0.000005 -0.378858 -2.603567 43.266790 -1.792002 0.000002 0.000002 0.000001 -0.000002 -0.000001 7.556999 -4.826313 0.300478 -28.471184 -0.342211 1.304119 0.315534 -24.058294 0.537043 67.064323 2.618833 7.077238 -0.315537 -33.061478 0.084927 4.493386 0.182786 -0.860744 0.092046 -7.483318 10.511632 -5.994857 0.425113 -5.474219 0.082184 -0.046741 6.420124 -0.000001 -0.000000 0.000000 -7.557003 -4.826306 0.300484 -4.101856 -12.101552 9.621857 -0.315557 -24.058256 0.712181 12.317594 1.831905 -1.835713 0.315562 -33.061462 0.096916 -7.148552 -5.093193 -4.973681 -0.092060 -7.483411 10.296527 -2.773197 -0.000002 -0.000001 -0.082208 -0.046777 6.411405 -0.000000 -0.000000 -0.000000 
0.219347 68.685059 110.724838 -0.285095 9.949105 -3.536945 -0.000001 3.962386 -0.274314 2.603319 -0.672811 2.332733 0.000001 14.122135 -0.320022 1.656092 -2.278673 0.845950 0.000000 11.399152 -0.365733 -2.923703 -2.285056 0.251910 0.000000 9.938174 -0.411431 -3.367573 -1.151239 -0.983951 -0.000000 8.579116 0.114201 -1.349393 -3.841517 0.310223 0.000000 25.089088 0.333908 -0.000000 0.000000 -0.000000 4.224101 8.888440 -0.424614 8.280039 -20.929231 3.137780 1.625316 4.497742 -76.980269 0.000011 -36.305099 0.000006 19.884209 -19.957143 5.430811 2.354134 -1.272457 1.802822 28.897513 8.894104 20.768607 1.999429 -1.154373 1.154374 -8.690638 18.041873 -12.337710 2.113314 -1.220119 1.220122 7.946593 -11.221933 1.406953 1.744290 -1.007034 1.007056 -0.000001 -0.000000 -0.000003 7.198479 -0.169237 1.742685 0.321249 3.500377 3.987061 2.844903 -0.000006 -0.000001 0.265683 2.465269 -16.816388 2.665505 -0.000019 0.000002 -0.020309 0.178482 -3.850820 2.297409 -0.000006 -0.000012 0.000000 0.000001 0.000000 6.876539 -0.000006 -0.000005 0.605069 7.624338 -16.487696 3.256827 0.000016 -0.000001 0.612746 3.443009 -27.102869 3.177892 -0.000010 -0.000002 0.271804 1.846630 -15.987009 2.695116 -0.000016 -0.000006 0.000000 0.000002 0.000003 6.623896 -0.059441 -1.696965 0.876768 8.006425 -34.399681 2.957999 -0.000007 0.000004 0.422035 2.000717 -17.172535 2.756902 0.000009 0.000002 0.298778 1.211759 -12.585002 2.334610 0.000011 0.000001 -0.000001 -0.000001 -0.000000 6.046968 -0.139187 -3.244340 3.587798 13.517598 -31.386116 2.623707 0.000009 0.000000 0.487203 2.680653 -29.100803 2.132117 0.000004 -0.000007 0.074785 1.530304 -6.724068 1.793219 0.000012 0.000000 -0.000003 -0.000001 0.000001 -4.224098 8.888414 -0.398196 -0.855008 5.246475 5.396786 22.093493 -2.727992 73.794723 -0.000020 32.516779 -0.000006 25.457271 8.380624 4.049675 -2.342537 -1.287619 1.805307 12.593951 -8.153694 -17.222421 -1.998870 -1.154047 1.154042 6.064830 -5.313234 -13.324095 -2.115646 -1.221473 1.221462 -13.753601 7.447206 9.069843 -1.745166 -1.007569 1.007566 -0.000001 -0.000011 -0.000001 -7.289624 -0.160562 1.788520 -0.934042 0.803122 10.773192 -2.816291 -0.000008 -0.000007 0.637324 -3.394051 26.746406 -2.639583 -0.000007 0.000007 -0.167847 -0.590567 17.433254 -2.241501 -0.000006 0.000014 0.000002 0.000002 0.000000 -7.060412 0.000008 0.000006 0.839964 -8.113515 23.112375 -3.340207 0.000003 0.000000 1.181246 -4.370036 38.023544 -3.056704 -0.000003 -0.000003 0.821945 -3.075371 31.081739 -2.639474 0.000000 -0.000009 -0.000001 0.000002 0.000000 -6.774590 0.049798 -1.636027 1.275984 -8.669401 41.005676 -2.923900 -0.000001 0.000013 0.713385 -2.594916 23.801116 -2.718001 -0.000011 0.000003 -0.130790 -0.209827 20.215118 -2.379610 0.000000 0.000009 -0.000000 -0.000001 0.000001 -6.148537 -0.175708 -3.130186 2.500283 -10.281923 45.253060 -2.627893 -0.000005 -0.000008 1.612578 -4.332255 49.089683 -2.122490 0.000017 -0.000005 -0.378858 -2.603567 43.266790 -1.792002 0.000002 0.000002 0.000001 -0.000002 -0.000001 7.556999 -4.826313 0.300478 -28.471184 -0.342211 1.304119 0.315534 -24.058294 0.537043 67.064323 2.618833 7.077238 -0.315537 -33.061478 0.084927 4.493386 0.182786 -0.860744 0.092046 -7.483318 10.511632 -5.994857 0.425113 -5.474219 0.082184 -0.046741 6.420124 -0.000001 -0.000000 0.000000 -7.557003 -4.826306 0.300484 -4.101856 -12.101552 9.621857 -0.315557 -24.058256 0.712181 12.317594 1.831905 -1.835713 0.315562 -33.061462 0.096916 -7.148552 -5.093193 -4.973681 -0.092060 -7.483411 10.296527 -2.773197 -0.000002 -0.000001 -0.082208 -0.046777 6.411405 -0.000000 -0.000000 -0.000000 
0.219347 68.685059 110.724838 -0.285095 9.949105 -3.536945 -0.000001 3.962386 -0.274314 2.603319 -0.672811 2.332733 0.000001 14.122135 -0.320022 1.656092 -2.278673 0.845950 0.000000 11.399152 -0.365733 -2.923703 -2.285056 0.251910 0.000000 9.938174 -0.411431 -3.367573 -1.151239 -0.983951 -0.000000 8.579116 0.114201 -1.349393 -3.841517 0.310223 0.000000 25.089088 0.333908 -0.000000 0.000000 -0.000000 4.224101 8.888440 -0.424614 8.280039 -20.929231 3.137780 1.625316 4.497742 -76.980269 0.000011 -36.305099 0.000006 19.884209 -19.957143 5.430811 2.354134 -1.272457 1.802822 28.897513 8.894104 20.768607 1.999429 -1.154373 1.154374 -8.690638 18.041873 -12.337710 2.113314 -1.220119 1.220122 7.946593 -11.221933 1.406953 1.744290 -1.007034 1.007056 -0.000001 -0.000000 -0.000003 7.198479 -0.169237 1.742685 0.321249 3.500377 3.987061 2.844903 -0.000006 -0.000001 0.265683 2.465269 -16.816388 2.665505 -0.000019 0.000002 -0.020309 0.178482 -3.850820 2.297409 -0.000006 -0.000012 0.000000 0.000001 0.000000 6.876539 -0.000006 -0.000005 0.605069 7.624338 -16.487696 3.256827 0.000016 -0.000001 0.612746 3.443009 -27.102869 3.177892 -0.000010 -0.000002 0.271804 1.846630 -15.987009 2.695116 -0.000016 -0.000006 0.000000 0.000002 0.000003 6.623896 -0.059441 -1.696965 0.876768 8.006425 -34.399681 2.957999 -0.000007 0.000004 0.422035 2.000717 -17.172535 2.756902 0.000009 0.000002 0.298778 1.211759 -12.585002 2.334610 0.000011 0.000001 -0.000001 -0.000001 -0.000000 6.046968 -0.139187 -3.244340 3.587798 13.517598 -31.386116 2.623707 0.000009 0.000000 0.487203 2.680653 -29.100803 2.132117 0.000004 -0.000007 0.074785 1.530304 -6.724068 1.793219 0.000012 0.000000 -0.000003 -0.000001 0.000001 -4.224098 8.888414 -0.398196 -0.855008 5.246475 5.396786 22.093493 -2.727992 73.794723 -0.000020 32.516779 -0.000006 25.457271 8.380624 4.049675 -2.342537 -1.287619 1.805307 12.593951 -8.153694 -17.222421 -1.998870 -1.154047 1.154042 6.064830 -5.313234 -13.324095 -2.115646 -1.221473 1.221462 -13.753601 7.447206 9.069843 -1.745166 -1.007569 1.007566 -0.000001 -0.000011 -0.000001 -7.289624 -0.160562 1.788520 -0.934042 0.803122 10.773192 -2.816291 -0.000008 -0.000007 0.637324 -3.394051 26.746406 -2.639583 -0.000007 0.000007 -0.167847 -0.590567 17.433254 -2.241501 -0.000006 0.000014 0.000002 0.000002 0.000000 -7.060412 0.000008 0.000006 0.839964 -8.113515 23.112375 -3.340207 0.000003 0.000000 1.181246 -4.370036 38.023544 -3.056704 -0.000003 -0.000003 0.821945 -3.075371 31.081739 -2.639474 0.000000 -0.000009 -0.000001 0.000002 0.000000 -6.774590 0.049798 -1.636027 1.275984 -8.669401 41.005676 -2.923900 -0.000001 0.000013 0.713385 -2.594916 23.801116 -2.718001 -0.000011 0.000003 -0.130790 -0.209827 20.215118 -2.379610 0.000000 0.000009 -0.000000 -0.000001 0.000001 -6.148537 -0.175708 -3.130186 2.500283 -10.281923 45.253060 -2.627893 -0.000005 -0.000008 1.612578 -4.332255 49.089683 -2.122490 0.000017 -0.000005 -0.378858 -2.603567 43.266790 -1.792002 0.000002 0.000002 0.000001 -0.000002 -0.000001 7.556999 -4.826313 0.300478 -28.471184 -0.342211 1.304119 0.315534 -24.058294 0.537043 67.064323 2.618833 7.077238 -0.315537 -33.061478 0.084927 4.493386 0.182786 -0.860744 0.092046 -7.483318 10.511632 -5.994857 0.425113 -5.474219 0.082184 -0.046741 6.420124 -0.000001 -0.000000 0.000000 -7.557003 -4.826306 0.300484 -4.101856 -12.101552 9.621857 -0.315557 -24.058256 0.712181 12.317594 1.831905 -1.835713 0.315562 -33.061462 0.096916 -7.148552 -5.093193 -4.973681 -0.092060 -7.483411 10.296527 -2.773197 -0.000002 -0.000001 -0.082208 -0.046777 6.411405 -0.000000 -0.000000 -0.000000 
0.219347 68.685059 110.724838 -0.285095 9.949105 -3.536945 -0.000001 3.962386 -0.274314 2.603319 -0.672811 2.332733 0.000001 14.122135 -0.320022 1.656092 -2.278673 0.845950 0.000000 11.399152 -0.365733 -2.923703 -2.285056 0.251910 0.000000 9.938174 -0.411431 -3.367573 -1.151239 -0.983951 -0.000000 8.579116 0.114201 -1.349393 -3.841517 0.310223 0.000000 25.089088 0.333908 -0.000000 0.000000 -0.000000 4.224101 8.888440 -0.424614 8.280039 -20.929231 3.137780 1.625316 4.497742 -76.980269 0.000011 -36.305099 0.000006 19.884209 -19.957143 5.430811 2.354134 -1.272457 1.802822 28.897513 8.894104 20.768607 1.999429 -1.154373 1.154374 -8.690638 18.041873 -12.337710 2.113314 -1.220119 1.220122 7.946593 -11.221933 1.406953 1.744290 -1.007034 1.007056 -0.000001 -0.000000 -0.000003 7.198479 -0.169237 1.742685 0.321249 3.500377 3.987061 2.844903 -0.000006 -0.000001 0.265683 2.465269 -16.816388 2.665505 -0.000019 0.000002 -0.020309 0.178482 -3.850820 2.297409 -0.000006 -0.000012 0.000000 0.000001 0.000000 6.876539 -0.000006 -0.000005 0.605069 7.624338 -16.487696 3.256827 0.000016 -0.000001 0.612746 3.443009 -27.102869 3.177892 -0.000010 -0.000002 0.271804 1.846630 -15.987009 2.695116 -0.000016 -0.000006 0.000000 0.000002 0.000003 6.623896 -0.059441 -1.696965 0.876768 8.006425 -34.399681 2.957999 -0.000007 0.000004 0.422035 2.000717 -17.172535 2.756902 0.000009 0.000002 0.298778 1.211759 -12.585002 2.334610 0.000011 0.000001 -0.000001 -0.000001 -0.000000 6.046968 -0.139187 -3.244340 3.587798 13.517598 -31.386116 2.623707 0.000009 0.000000 0.487203 2.680653 -29.100803 2.132117 0.000004 -0.000007 0.074785 1.530304 -6.724068 1.793219 0.000012 0.000000 -0.000003 -0.000001 0.000001 -4.224098 8.888414 -0.398196 -0.855008 5.246475 5.396786 22.093493 -2.727992 73.794723 -0.000020 32.516779 -0.000006 25.457271 8.380624 4.049675 -2.342537 -1.287619 1.805307 12.593951 -8.153694 -17.222421 -1.998870 -1.154047 1.154042 6.064830 -5.313234 -13.324095 -2.115646 -1.221473 1.221462 -13.753601 7.447206 9.069843 -1.745166 -1.007569 1.007566 -0.000001 -0.000011 -0.000001 -7.289624 -0.160562 1.788520 -0.934042 0.803122 10.773192 -2.816291 -0.000008 -0.000007 0.637324 -3.394051 26.746406 -2.639583 -0.000007 0.000007 -0.167847 -0.590567 17.433254 -2.241501 -0.000006 0.000014 0.000002 0.000002 0.000000 -7.060412 0.000008 0.000006 0.839964 -8.113515 23.112375 -3.340207 0.000003 0.000000 1.181246 -4.370036 38.023544 -3.056704 -0.000003 -0.000003 0.821945 -3.075371 31.081739 -2.639474 0.000000 -0.000009 -0.000001 0.000002 0.000000 -6.774590 0.049798 -1.636027 1.275984 -8.669401 41.005676 -2.923900 -0.000001 0.000013 0.713385 -2.594916 23.801116 -2.718001 -0.000011 0.000003 -0.130790 -0.209827 20.215118 -2.379610 0.000000 0.000009 -0.000000 -0.000001 0.000001 -6.148537 -0.175708 -3.130186 2.500283 -10.281923 45.253060 -2.627893 -0.000005 -0.000008 1.612578 -4.332255 49.089683 -2.122490 0.000017 -0.000005 -0.378858 -2.603567 43.266790 -1.792002 0.000002 0.000002 0.000001 -0.000002 -0.000001 7.556999 -4.826313 0.300478 -28.471184 -0.342211 1.304119 0.315534 -24.058294 0.537043 67.064323 2.618833 7.077238 -0.315537 -33.061478 0.084927 4.493386 0.182786 -0.860744 0.092046 -7.483318 10.511632 -5.994857 0.425113 -5.474219 0.082184 -0.046741 6.420124 -0.000001 -0.000000 0.000000 -7.557003 -4.826306 0.300484 -4.101856 -12.101552 9.621857 -0.315557 -24.058256 0.712181 12.317594 1.831905 -1.835713 0.315562 -33.061462 0.096916 -7.148552 -5.093193 -4.973681 -0.092060 -7.483411 10.296527 -2.773197 -0.000002 -0.000001 -0.082208 -0.046777 6.411405 -0.000000 -0.000000 -0.000000 
0.219347 68.685059 110.724838 -0.285095 9.949105 -3.536945 -0.000001 3.962386 -0.274314 2.603319 -0.672811 2.332733 0.000001 14.122135 -0.320022 1.656092 -2.278673 0.845950 0.000000 11.399152 -0.365733 -2.923703 -2.285056 0.251910 0.000000 9.938174 -0.411431 -3.367573 -1.151239 -0.983951 -0.000000 8.579116 0.114201 -1.349393 -3.841517 0.310223 0.000000 25.089088 0.333908 -0.000000 0.000000 -0.000000 4.224101 8.888440 -0.424614 8.280039 -20.929231 3.137780 1.625316 4.497742 -76.980269 0.000011 -36.305099 0.000006 19.884209 -19.957143 5.430811 2.354134 -1.272457 1.802822 28.897513 8.894104 20.768607 1.999429 -1.154373 1.154374 -8.690638 18.041873 -12.337710 2.113314 -1.220119 1.220122 7.946593 -11.221933 1.406953 1.744290 -1.007034 1.007056 -0.000001 -0.000000 -0.000003 7.198479 -0.169237 1.742685 0.321249 3.500377 3.987061 2.844903 -0.000006 -0.000001 0.265683 2.465269 -16.816388 2.665505 -0.000019 0.000002 -0.020309 0.178482 -3.850820 2.297409 -0.000006 -0.000012 0.000000 0.000001 0.000000 6.876539 -0.000006 -0.000005 0.605069 7.624338 -16.487696 3.256827 0.000016 -0.000001 0.612746 3.443009 -27.102869 3.177892 -0.000010 -0.000002 0.271804 1.846630 -15.987009 2.695116 -0.000016 -0.000006 0.000000 0.000002 0.000003 6.623896 -0.059441 -1.696965 0.876768 8.006425 -34.399681 2.957999 -0.000007 0.000004 0.422035 2.000717 -17.172535 2.756902 0.000009 0.000002 0.298778 1.211759 -12.585002 2.334610 0.000011 0.000001 -0.000001 -0.000001 -0.000000 6.046968 -0.139187 -3.244340 3.587798 13.517598 -31.386116 2.623707 0.000009 0.000000 0.487203 2.680653 -29.100803 2.132117 0.000004 -0.000007 0.074785 1.530304 -6.724068 1.793219 0.000012 0.000000 -0.000003 -0.000001 0.000001 -4.224098 8.888414 -0.398196 -0.855008 5.246475 5.396786 22.093493 -2.727992 73.794723 -0.000020 32.516779 -0.000006 25.457271 8.380624 4.049675 -2.342537 -1.287619 1.805307 12.593951 -8.153694 -17.222421 -1.998870 -1.154047 1.154042 6.064830 -5.313234 -13.324095 -2.115646 -1.221473 1.221462 -13.753601 7.447206 9.069843 -1.745166 -1.007569 1.007566 -0.000001 -0.000011 -0.000001 -7.289624 -0.160562 1.788520 -0.934042 0.803122 10.773192 -2.816291 -0.000008 -0.000007 0.637324 -3.394051 26.746406 -2.639583 -0.000007 0.000007 -0.167847 -0.590567 17.433254 -2.241501 -0.000006 0.000014 0.000002 0.000002 0.000000 -7.060412 0.000008 0.000006 0.839964 -8.113515 23.112375 -3.340207 0.000003 0.000000 1.181246 -4.370036 38.023544 -3.056704 -0.000003 -0.000003 0.821945 -3.075371 31.081739 -2.639474 0.000000 -0.000009 -0.000001 0.000002 0.000000 -6.774590 0.049798 -1.636027 1.275984 -8.669401 41.005676 -2.923900 -0.000001 0.000013 0.713385 -2.594916 23.801116 -2.718001 -0.000011 0.000003 -0.130790 -0.209827 20.215118 -2.379610 0.000000 0.000009 -0.000000 -0.000001 0.000001 -6.148537 -0.175708 -3.130186 2.500283 -10.281923 45.253060 -2.627893 -0.000005 -0.000008 1.612578 -4.332255 49.089683 -2.122490 0.000017 -0.000005 -0.378858 -2.603567 43.266790 -1.792002 0.000002 0.000002 0.000001 -0.000002 -0.000001 7.556999 -4.826313 0.300478 -28.471184 -0.342211 1.304119 0.315534 -24.058294 0.537043 67.064323 2.618833 7.077238 -0.315537 -33.061478 0.084927 4.493386 0.182786 -0.860744 0.092046 -7.483318 10.511632 -5.994857 0.425113 -5.474219 0.082184 -0.046741 6.420124 -0.000001 -0.000000 0.000000 -7.557003 -4.826306 0.300484 -4.101856 -12.101552 9.621857 -0.315557 -24.058256 0.712181 12.317594 1.831905 -1.835713 0.315562 -33.061462 0.096916 -7.148552 -5.093193 -4.973681 -0.092060 -7.483411 10.296527 -2.773197 -0.000002 -0.000001 -0.082208 -0.046777 6.411405 -0.000000 -0.000000 -0.000000 
0.219347 68.685059 110.724838 -0.285095 9.949105 -3.536945 -0.000001 3.962386 -0.274314 2.603319 -0.672811 2.332733 0.000001 14.122135 -0.320022 1.656092 -2.278673 0.845950 0.000000 11.399152 -0.365733 -2.923703 -2.285056 0.251910 0.000000 9.938174 -0.411431 -3.367573 -1.151239 -0.983951 -0.000000 8.579116 0.114201 -1.349393 -3.841517 0.310223 0.000000 25.089088 0.333908 -0.000000 0.000000 -0.000000 4.224101 8.888440 -0.424614 8.280039 -20.929231 3.137780 1.625316 4.497742 -76.980269 0.000011 -36.305099 0.000006 19.884209 -19.957143 5.430811 2.354134 -1.272457 1.802822 28.897513 8.894104 20.768607 1.999429 -1.154373 1.154374 -8.690638 18.041873 -12.337710 2.113314 -1.220119 1.220122 7.946593 -11.221933 1.406953 1.744290 -1.007034 1.007056 -0.000001 -0.000000 -0.000003 7.198479 -0.169237 1.742685 0.321249 3.500377 3.987061 2.844903 -0.000006 -0.000001 0.265683 2.465269 -16.816388 2.665505 -0.000019 0.000002 -0.020309 0.178482 -3.850820 2.297409 -0.000006 -0.000012 0.000000 0.000001 0.000000 6.876539 -0.000006 -0.000005 0.605069 7.624338 -16.487696 3.256827 0.000016 -0.000001 0.612746 3.443009 -27.102869 3.177892 -0.000010 -0.000002 0.271804 1.846630 -15.987009 2.695116 -0.000016 -0.000006 0.000000 0.000002 0.000003 6.623896 -0.059441 -1.696965 0.876768 8.006425 -34.399681 2.957999 -0.000007 0.000004 0.422035 2.000717 -17.172535 2.756902 0.000009 0.000002 0.298778 1.211759 -12.585002 2.334610 0.000011 0.000001 -0.000001 -0.000001 -0.000000 6.046968 -0.139187 -3.244340 3.587798 13.517598 -31.386116 2.623707 0.000009 0.000000 0.487203 2.680653 -29.100803 2.132117 0.000004 -0.000007 0.074785 1.530304 -6.724068 1.793219 0.000012 0.000000 -0.000003 -0.000001 0.000001 -4.224098 8.888414 -0.398196 -0.855008 5.246475 5.396786 22.093493 -2.727992 73.794723 -0.000020 32.516779 -0.000006 25.457271 8.380624 4.049675 -2.342537 -1.287619 1.805307 12.593951 -8.153694 -17.222421 -1.998870 -1.154047 1.154042 6.064830 -5.313234 -13.324095 -2.115646 -1.221473 1.221462 -13.753601 7.447206 9.069843 -1.745166 -1.007569 1.007566 -0.000001 -0.000011 -0.000001 -7.289624 -0.160562 1.788520 -0.934042 0.803122 10.773192 -2.816291 -0.000008 -0.000007 0.637324 -3.394051 26.746406 -2.639583 -0.000007 0.000007 -0.167847 -0.590567 17.433254 -2.241501 -0.000006 0.000014 0.000002 0.000002 0.000000 -7.060412 0.000008 0.000006 0.839964 -8.113515 23.112375 -3.340207 0.000003 0.000000 1.181246 -4.370036 38.023544 -3.056704 -0.000003 -0.000003 0.821945 -3.075371 31.081739 -2.639474 0.000000 -0.000009 -0.000001 0.000002 0.000000 -6.774590 0.049798 -1.636027 1.275984 -8.669401 41.005676 -2.923900 -0.000001 0.000013 0.713385 -2.594916 23.801116 -2.718001 -0.000011 0.000003 -0.130790 -0.209827 20.215118 -2.379610 0.000000 0.000009 -0.000000 -0.000001 0.000001 -6.148537 -0.175708 -3.130186 2.500283 -10.281923 45.253060 -2.627893 -0.000005 -0.000008 1.612578 -4.332255 49.089683 -2.122490 0.000017 -0.000005 -0.378858 -2.603567 43.266790 -1.792002 0.000002 0.000002 0.000001 -0.000002 -0.000001 7.556999 -4.826313 0.300478 -28.471184 -0.342211 1.304119 0.315534 -24.058294 0.537043 67.064323 2.618833 7.077238 -0.315537 -33.061478 0.084927 4.493386 0.182786 -0.860744 0.092046 -7.483318 10.511632 -5.994857 0.425113 -5.474219 0.082184 -0.046741 6.420124 -0.000001 -0.000000 0.000000 -7.557003 -4.826306 0.300484 -4.101856 -12.101552 9.621857 -0.315557 -24.058256 0.712181 12.317594 1.831905 -1.835713 0.315562 -33.061462 0.096916 -7.148552 -5.093193 -4.973681 -0.092060 -7.483411 10.296527 -2.773197 -0.000002 -0.000001 -0.082208 -0.046777 6.411405 -0.000000 -0.000000 -0.000000 
0.219347 68.685059 110.724838 -0.285095 9.949105 -3.536945 -0.000001 3.962386 -0.274314 2.603319 -0.672811 2.332733 0.000001 14.122135 -0.320022 1.656092 -2.278673 0.845950 0.000000 11.399152 -0.365733 -2.923703 -2.285056 0.251910 0.000000 9.938174 -0.411431 -3.367573 -1.151239 -0.983951 -0.000000 8.579116 0.114201 -1.349393 -3.841517 0.310223 0.000000 25.089088 0.333908 -0.000000 0.000000 -0.000000 4.224101 8.888440 -0.424614 8.280039 -20.929231 3.137780 1.625316 4.497742 -76.980269 0.000011 -36.305099 0.000006 19.884209 -19.957143 5.430811 2.354134 -1.272457 1.802822 28.897513 8.894104 20.768607 1.999429 -1.154373 1.154374 -8.690638 18.041873 -12.337710 2.113314 -1.220119 1.220122 7.946593 -11.221933 1.406953 1.744290 -1.007034 1.007056 -0.000001 -0.000000 -0.000003 7.198479 -0.169237 1.742685 0.321249 3.500377 3.987061 2.844903 -0.000006 -0.000001 0.265683 2.465269 -16.816388 2.665505 -0.000019 0.000002 -0.020309 0.178482 -3.850820 2.297409 -0.000006 -0.000012 0.000000 0.000001 0.000000 6.876539 -0.000006 -0.000005 0.605069 7.624338 -16.487696 3.256827 0.000016 -0.000001 0.612746 3.443009 -27.102869 3.177892 -0.000010 -0.000002 0.271804 1.846630 -15.987009 2.695116 -0.000016 -0.000006 0.000000 0.000002 0.000003 6.623896 -0.059441 -1.696965 0.876768 8.006425 -34.399681 2.957999 -0.000007 0.000004 0.422035 2.000717 -17.172535 2.756902 0.000009 0.000002 0.298778 1.211759 -12.585002 2.334610 0.000011 0.000001 -0.000001 -0.000001 -0.000000 6.046968 -0.139187 -3.244340 3.587798 13.517598 -31.386116 2.623707 0.000009 0.000000 0.487203 2.680653 -29.100803 2.132117 0.000004 -0.000007 0.074785 1.530304 -6.724068 1.793219 0.000012 0.000000 -0.000003 -0.000001 0.000001 -4.224098 8.888414 -0.398196 -0.855008 5.246475 5.396786 22.093493 -2.727992 73.794723 -0.000020 32.516779 -0.000006 25.457271 8.380624 4.049675 -2.342537 -1.287619 1.805307 12.593951 -8.153694 -17.222421 -1.998870 -1.154047 1.154042 6.064830 -5.313234 -13.324095 -2.115646 -1.221473 1.221462 -13.753601 7.447206 9.069843 -1.745166 -1.007569 1.007566 -0.000001 -0.000011 -0.000001 -7.289624 -0.160562 1.788520 -0.934042 0.803122 10.773192 -2.816291 -0.000008 -0.000007 0.637324 -3.394051 26.746406 -2.639583 -0.000007 0.000007 -0.167847 -0.590567 17.433254 -2.241501 -0.000006 0.000014 0.000002 0.000002 0.000000 -7.060412 0.000008 0.000006 0.839964 -8.113515 23.112375 -3.340207 0.000003 0.000000 1.181246 -4.370036 38.023544 -3.056704 -0.000003 -0.000003 0.821945 -3.075371 31.081739 -2.639474 0.000000 -0.000009 -0.000001 0.000002 0.000000 -6.774590 0.049798 -1.636027 1.275984 -8.669401 41.005676 -2.923900 -0.000001 0.000013 0.713385 -2.594916 23.801116 -2.718001 -0.000011 0.000003 -0.130790 -0.209827 20.215118 -2.379610 0.000000 0.000009 -0.000000 -0.000001 0.000001 -6.148537 -0.175708 -3.130186 2.500283 -10.281923 45.253060 -2.627893 -0.000005 -0.000008 1.612578 -4.332255 49.089683 -2.122490 0.000017 -0.000005 -0.378858 -2.603567 43.266790 -1.792002 0.000002 0.000002 0.000001 -0.000002 -0.000001 7.556999 -4.826313 0.300478 -28.471184 -0.342211 1.304119 0.315534 -24.058294 0.537043 67.064323 2.618833 7.077238 -0.315537 -33.061478 0.084927 4.493386 0.182786 -0.860744 0.092046 -7.483318 10.511632 -5.994857 0.425113 -5.474219 0.082184 -0.046741 6.420124 -0.000001 -0.000000 0.000000 -7.557003 -4.826306 0.300484 -4.101856 -12.101552 9.621857 -0.315557 -24.058256 0.712181 12.317594 1.831905 -1.835713 0.315562 -33.061462 0.096916 -7.148552 -5.093193 -4.973681 -0.092060 -7.483411 10.296527 -2.773197 -0.000002 -0.000001 -0.082208 -0.046777 6.411405 -0.000000 -0.000000 -0.000000 
0.219347 68.685059 110.724838 -0.285095 9.949105 -3.536945 -0.000001 3.962386 -0.274314 2.603319 -0.672811 2.332733 0.000001 14.122135 -0.320022 1.656092 -2.278673 0.845950 0.000000 11.399152 -0.365733 -2.923703 -2.285056 0.251910 0.000000 9.938174 -0.411431 -3.367573 -1.151239 -0.983951 -0.000000 8.579116 0.114201 -1.349393 -3.841517 0.310223 0.000000 25.089088 0.333908 -0.000000 0.000000 -0.000000 4.224101 8.888440 -0.424614 8.280039 -20.929231 3.137780 1.625316 4.497742 -76.980269 0.000011 -36.305099 0.000006 19.884209 -19.957143 5.430811 2.354134 -1.272457 1.802822 28.897513 8.894104 20.768607 1.999429 -1.154373 1.154374 -8.690638 18.041873 -12.337710 2.113314 -1.220119 1.220122 7.946593 -11.221933 1.406953 1.744290 -1.007034 1.007056 -0.000001 -0.000000 -0.000003 7.198479 -0.169237 1.742685 0.321249 3.500377 3.987061 2.844903 -0.000006 -0.000001 0.265683 2.465269 -16.816388 2.665505 -0.000019 0.000002 -0.020309 0.178482 -3.850820 2.297409 -0.000006 -0.000012 0.000000 0.000001 0.000000 6.876539 -0.000006 -0.000005 0.605069 7.624338 -16.487696 3.256827 0.000016 -0.000001 0.612746 3.443009 -27.102869 3.177892 -0.000010 -0.000002 0.271804 1.846630 -15.987009 2.695116 -0.000016 -0.000006 0.000000 0.000002 0.000003 6.623896 -0.059441 -1.696965 0.876768 8.006425 -34.399681 2.957999 -0.000007 0.000004 0.422035 2.000717 -17.172535 2.756902 0.000009 0.000002 0.298778 1.211759 -12.585002 2.334610 0.000011 0.000001 -0.000001 -0.000001 -0.000000 6.046968 -0.139187 -3.244340 3.587798 13.517598 -31.386116 2.623707 0.000009 0.000000 0.487203 2.680653 -29.100803 2.132117 0.000004 -0.000007 0.074785 1.530304 -6.724068 1.793219 0.000012 0.000000 -0.000003 -0.000001 0.000001 -4.224098 8.888414 -0.398196 -0.855008 5.246475 5.396786 22.093493 -2.727992 73.794723 -0.000020 32.516779 -0.000006 25.457271 8.380624 4.049675 -2.342537 -1.287619 1.805307 12.593951 -8.153694 -17.222421 -1.998870 -1.154047 1.154042 6.064830 -5.313234 -13.324095 -2.115646 -1.221473 1.221462 -13.753601 7.447206 9.069843 -1.745166 -1.007569 1.007566 -0.000001 -0.000011 -0.000001 -7.289624 -0.160562 1.788520 -0.934042 0.803122 10.773192 -2.816291 -0.000008 -0.000007 0.637324 -3.394051 26.746406 -2.639583 -0.000007 0.000007 -0.167847 -0.590567 17.433254 -2.241501 -0.000006 0.000014 0.000002 0.000002 0.000000 -7.060412 0.000008 0.000006 0.839964 -8.113515 23.112375 -3.340207 0.000003 0.000000 1.181246 -4.370036 38.023544 -3.056704 -0.000003 -0.000003 0.821945 -3.075371 31.081739 -2.639474 0.000000 -0.000009 -0.000001 0.000002 0.000000 -6.774590 0.049798 -1.636027 1.275984 -8.669401 41.005676 -2.923900 -0.000001 0.000013 0.713385 -2.594916 23.801116 -2.718001 -0.000011 0.000003 -0.130790 -0.209827 20.215118 -2.379610 0.000000 0.000009 -0.000000 -0.000001 0.000001 -6.148537 -0.175708 -3.130186 2.500283 -10.281923 45.253060 -2.627893 -0.000005 -0.000008 1.612578 -4.332255 49.089683 -2.122490 0.000017 -0.000005 -0.378858 -2.603567 43.266790 -1.792002 0.000002 0.000002 0.000001 -0.000002 -0.000001 7.556999 -4.826313 0.300478 -28.471184 -0.342211 1.304119 0.315534 -24.058294 0.537043 67.064323 2.618833 7.077238 -0.315537 -33.061478 0.084927 4.493386 0.182786 -0.860744 0.092046 -7.483318 10.511632 -5.994857 0.425113 -5.474219 0.082184 -0.046741 6.420124 -0.000001 -0.000000 0.000000 -7.557003 -4.826306 0.300484 -4.101856 -12.101552 9.621857 -0.315557 -24.058256 0.712181 12.317594 1.831905 -1.835713 0.315562 -33.061462 0.096916 -7.148552 -5.093193 -4.973681 -0.092060 -7.483411 10.296527 -2.773197 -0.000002 -0.000001 -0.082208 -0.046777 6.411405 -0.000000 -0.000000 -0.000000 
0.219347 68.685059 110.724838 -0.285095 9.949105 -3.536945 -0.000001 3.962386 -0.274314 2.603319 -0.672811 2.332733 0.000001 14.122135 -0.320022 1.656092 -2.278673 0.845950 0.000000 11.399152 -0.365733 -2.923703 -2.285056 0.251910 0.000000 9.938174 -0.411431 -3.367573 -1.151239 -0.983951 -0.000000 8.579116 0.114201 -1.349393 -3.841517 0.310223 0.000000 25.089088 0.333908 -0.000000 0.000000 -0.000000 4.224101 8.888440 -0.424614 8.280039 -20.929231 3.137780 1.625316 4.497742 -76.980269 0.000011 -36.305099 0.000006 19.884209 -19.957143 5.430811 2.354134 -1.272457 1.802822 28.897513 8.894104 20.768607 1.999429 -1.154373 1.154374 -8.690638 18.041873 -12.337710 2.113314 -1.220119 1.220122 7.946593 -11.221933 1.406953 1.744290 -1.007034 1.007056 -0.000001 -0.000000 -0.000003 7.198479 -0.169237 1.742685 0.321249 3.500377 3.987061 2.844903 -0.000006 -0.000001 0.265683 2.465269 -16.816388 2.665505 -0.000019 0.000002 -0.020309 0.178482 -3.850820 2.297409 -0.000006 -0.000012 0.000000 0.000001 0.000000 6.876539 -0.000006 -0.000005 0.605069 7.624338 -16.487696 3.256827 0.000016 -0.000001 0.612746 3.443009 -27.102869 3.177892 -0.000010 -0.000002 0.271804 1.846630 -15.987009 2.695116 -0.000016 -0.000006 0.000000 0.000002 0.000003 6.623896 -0.059441 -1.696965 0.876768 8.006425 -34.399681 2.957999 -0.000007 0.000004 0.422035 2.000717 -17.172535 2.756902 0.000009 0.000002 0.298778 1.211759 -12.585002 2.334610 0.000011 0.000001 -0.000001 -0.000001 -0.000000 6.046968 -0.139187 -3.244340 3.587798 13.517598 -31.386116 2.623707 0.000009 0.000000 0.487203 2.680653 -29.100803 2.132117 0.000004 -0.000007 0.074785 1.530304 -6.724068 1.793219 0.000012 0.000000 -0.000003 -0.000001 0.000001 -4.224098 8.888414 -0.398196 -0.855008 5.246475 5.396786 22.093493 -2.727992 73.794723 -0.000020 32.516779 -0.000006 25.457271 8.380624 4.049675 -2.342537 -1.287619 1.805307 12.593951 -8.153694 -17.222421 -1.998870 -1.154047 1.154042 6.064830 -5.313234 -13.324095 -2.115646 -1.221473 1.221462 -13.753601 7.447206 9.069843 -1.745166 -1.007569 1.007566 -0.000001 -0.000011 -0.000001 -7.289624 -0.160562 1.788520 -0.934042 0.803122 10.773192 -2.816291 -0.000008 -0.000007 0.637324 -3.394051 26.746406 -2.639583 -0.000007 0.000007 -0.167847 -0.590567 17.433254 -2.241501 -0.000006 0.000014 0.000002 0.000002 0.000000 -7.060412 0.000008 0.000006 0.839964 -8.113515 23.112375 -3.340207 0.000003 0.000000 1.181246 -4.370036 38.023544 -3.056704 -0.000003 -0.000003 0.821945 -3.075371 31.081739 -2.639474 0.000000 -0.000009 -0.000001 0.000002 0.000000 -6.774590 0.049798 -1.636027 1.275984 -8.669401 41.005676 -2.923900 -0.000001 0.000013 0.713385 -2.594916 23.801116 -2.718001 -0.000011 0.000003 -0.130790 -0.209827 20.215118 -2.379610 0.000000 0.000009 -0.000000 -0.000001 0.000001 -6.148537 -0.175708 -3.130186 2.500283 -10.281923 45.253060 -2.627893 -0.000005 -0.000008 1.612578 -4.332255 49.089683 -2.122490 0.000017 -0.000005 -0.378858 -2.603567 43.266790 -1.792002 0.000002 0.000002 0.000001 -0.000002 -0.000001 7.556999 -4.826313 0.300478 -28.471184 -0.342211 1.304119 0.315534 -24.058294 0.537043 67.064323 2.618833 7.077238 -0.315537 -33.061478 0.084927 4.493386 0.182786 -0.860744 0.092046 -7.483318 10.511632 -5.994857 0.425113 -5.474219 0.082184 -0.046741 6.420124 -0.000001 -0.000000 0.000000 -7.557003 -4.826306 0.300484 -4.101856 -12.101552 9.621857 -0.315557 -24.058256 0.712181 12.317594 1.831905 -1.835713 0.315562 -33.061462 0.096916 -7.148552 -5.093193 -4.973681 -0.092060 -7.483411 10.296527 -2.773197 -0.000002 -0.000001 -0.082208 -0.046777 6.411405 -0.000000 -0.000000 -0.000000 
0.219347 68.685059 110.724838 -0.285095 9.949105 -3.536945 -0.000001 3.962386 -0.274314 2.603319 -0.672811 2.332733 0.000001 14.122135 -0.320022 1.656092 -2.278673 0.845950 0.000000 11.399152 -0.365733 -2.923703 -2.285056 0.251910 0.000000 9.938174 -0.411431 -3.367573 -1.151239 -0.983951 -0.000000 8.579116 0.114201 -1.349393 -3.841517 0.310223 0.000000 25.089088 0.333908 -0.000000 0.000000 -0.000000 4.224101 8.888440 -0.424614 8.280039 -20.929231 3.137780 1.625316 4.497742 -76.980269 0.000011 -36.305099 0.000006 19.884209 -19.957143 5.430811 2.354134 -1.272457 1.802822 28.897513 8.894104 20.768607 1.999429 -1.154373 1.154374 -8.690638 18.041873 -12.337710 2.113314 -1.220119 1.220122 7.946593 -11.221933 1.406953 1.744290 -1.007034 1.007056 -0.000001 -0.000000 -0.000003 7.198479 -0.169237 1.742685 0.321249 3.500377 3.987061 2.844903 -0.000006 -0.000001 0.265683 2.465269 -16.816388 2.665505 -0.000019 0.000002 -0.020309 0.178482 -3.850820 2.297409 -0.000006 -0.000012 0.000000 0.000001 0.000000 6.876539 -0.000006 -0.000005 0.605069 7.624338 -16.487696 3.256827 0.000016 -0.000001 0.612746 3.443009 -27.102869 3.177892 -0.000010 -0.000002 0.271804 1.846630 -15.987009 2.695116 -0.000016 -0.000006 0.000000 0.000002 0.000003 6.623896 -0.059441 -1.696965 0.876768 8.006425 -34.399681 2.957999 -0.000007 0.000004 0.422035 2.000717 -17.172535 2.756902 0.000009 0.000002 0.298778 1.211759 -12.585002 2.334610 0.000011 0.000001 -0.000001 -0.000001 -0.000000 6.046968 -0.139187 -3.244340 3.587798 13.517598 -31.386116 2.623707 0.000009 0.000000 0.487203 2.680653 -29.100803 2.132117 0.000004 -0.000007 0.074785 1.530304 -6.724068 1.793219 0.000012 0.000000 -0.000003 -0.000001 0.000001 -4.224098 8.888414 -0.398196 -0.855008 5.246475 5.396786 22.093493 -2.727992 73.794723 -0.000020 32.516779 -0.000006 25.457271 8.380624 4.049675 -2.342537 -1.287619 1.805307 12.593951 -8.153694 -17.222421 -1.998870 -1.154047 1.154042 6.064830 -5.313234 -13.324095 -2.115646 -1.221473 1.221462 -13.753601 7.447206 9.069843 -1.745166 -1.007569 1.007566 -0.000001 -0.000011 -0.000001 -7.289624 -0.160562 1.788520 -0.934042 0.803122 10.773192 -2.816291 -0.000008 -0.000007 0.637324 -3.394051 26.746406 -2.639583 -0.000007 0.000007 -0.167847 -0.590567 17.433254 -2.241501 -0.000006 0.000014 0.000002 0.000002 0.000000 -7.060412 0.000008 0.000006 0.839964 -8.113515 23.112375 -3.340207 0.000003 0.000000 1.181246 -4.370036 38.023544 -3.056704 -0.000003 -0.000003 0.821945 -3.075371 31.081739 -2.639474 0.000000 -0.000009 -0.000001 0.000002 0.000000 -6.774590 0.049798 -1.636027 1.275984 -8.669401 41.005676 -2.923900 -0.000001 0.000013 0.713385 -2.594916 23.801116 -2.718001 -0.000011 0.000003 -0.130790 -0.209827 20.215118 -2.379610 0.000000 0.000009 -0.000000 -0.000001 0.000001 -6.148537 -0.175708 -3.130186 2.500283 -10.281923 45.253060 -2.627893 -0.000005 -0.000008 1.612578 -4.332255 49.089683 -2.122490 0.000017 -0.000005 -0.378858 -2.603567 43.266790 -1.792002 0.000002 0.000002 0.000001 -0.000002 -0.000001 7.556999 -4.826313 0.300478 -28.471184 -0.342211 1.304119 0.315534 -24.058294 0.537043 67.064323 2.618833 7.077238 -0.315537 -33.061478 0.084927 4.493386 0.182786 -0.860744 0.092046 -7.483318 10.511632 -5.994857 0.425113 -5.474219 0.082184 -0.046741 6.420124 -0.000001 -0.000000 0.000000 -7.557003 -4.826306 0.300484 -4.101856 -12.101552 9.621857 -0.315557 -24.058256 0.712181 12.317594 1.831905 -1.835713 0.315562 -33.061462 0.096916 -7.148552 -5.093193 -4.973681 -0.092060 -7.483411 10.296527 -2.773197 -0.000002 -0.000001 -0.082208 -0.046777 6.411405 -0.000000 -0.000000 -0.000000 
0.219347 68.685059 110.724838 -0.285095 9.949105 -3.536945 -0.000001 3.962386 -0.274314 2.603319 -0.672811 2.332733 0.000001 14.122135 -0.320022 1.656092 -2.278673 0.845950 0.000000 11.399152 -0.365733 -2.923703 -2.285056 0.251910 0.000000 9.938174 -0.411431 -3.367573 -1.151239 -0.983951 -0.000000 8.579116 0.114201 -1.349393 -3.841517 0.310223 0.000000 25.089088 0.333908 -0.000000 0.000000 -0.000000 4.224101 8.888440 -0.424614 8.280039 -20.929231 3.137780 1.625316 4.497742 -76.980269 0.000011 -36.305099 0.000006 19.884209 -19.957143 5.430811 2.354134 -1.272457 1.802822 28.897513 8.894104 20.768607 1.999429 -1.154373 1.154374 -8.690638 18.041873 -12.337710 2.113314 -1.220119 1.220122 7.946593 -11.221933 1.406953 1.744290 -1.007034 1.007056 -0.000001 -0.000000 -0.000003 7.198479 -0.169237 1.742685 0.321249 3.500377 3.987061 2.844903 -0.000006 -0.000001 0.265683 2.465269 -16.816388 2.665505 -0.000019 0.000002 -0.020309 0.178482 -3.850820 2.297409 -0.000006 -0.000012 0.000000 0.000001 0.000000 6.876539 -0.000006 -0.000005 0.605069 7.624338 -16.487696 3.256827 0.000016 -0.000001 0.612746 3.443009 -27.102869 3.177892 -0.000010 -0.000002 0.271804 1.846630 -15.987009 2.695116 -0.000016 -0.000006 0.000000 0.000002 0.000003 6.623896 -0.059441 -1.696965 0.876768 8.006425 -34.399681 2.957999 -0.000007 0.000004 0.422035 2.000717 -17.172535 2.756902 0.000009 0.000002 0.298778 1.211759 -12.585002 2.334610 0.000011 0.000001 -0.000001 -0.000001 -0.000000 6.046968 -0.139187 -3.244340 3.587798 13.517598 -31.386116 2.623707 0.000009 0.000000 0.487203 2.680653 -29.100803 2.132117 0.000004 -0.000007 0.074785 1.530304 -6.724068 1.793219 0.000012 0.000000 -0.000003 -0.000001 0.000001 -4.224098 8.888414 -0.398196 -0.855008 5.246475 5.396786 22.093493 -2.727992 73.794723 -0.000020 32.516779 -0.000006 25.457271 8.380624 4.049675 -2.342537 -1.287619 1.805307 12.593951 -8.153694 -17.222421 -1.998870 -1.154047 1.154042 6.064830 -5.313234 -13.324095 -2.115646 -1.221473 1.221462 -13.753601 7.447206 9.069843 -1.745166 -1.007569 1.007566 -0.000001 -0.000011 -0.000001 -7.289624 -0.160562 1.788520 -0.934042 0.803122 10.773192 -2.816291 -0.000008 -0.000007 0.637324 -3.394051 26.746406 -2.639583 -0.000007 0.000007 -0.167847 -0.590567 17.433254 -2.241501 -0.000006 0.000014 0.000002 0.000002 0.000000 -7.060412 0.000008 0.000006 0.839964 -8.113515 23.112375 -3.340207 0.000003 0.000000 1.181246 -4.370036 38.023544 -3.056704 -0.000003 -0.000003 0.821945 -3.075371 31.081739 -2.639474 0.000000 -0.000009 -0.000001 0.000002 0.000000 -6.774590 0.049798 -1.636027 1.275984 -8.669401 41.005676 -2.923900 -0.000001 0.000013 0.713385 -2.594916 23.801116 -2.718001 -0.000011 0.000003 -0.130790 -0.209827 20.215118 -2.379610 0.000000 0.000009 -0.000000 -0.000001 0.000001 -6.148537 -0.175708 -3.130186 2.500283 -10.281923 45.253060 -2.627893 -0.000005 -0.000008 1.612578 -4.332255 49.089683 -2.122490 0.000017 -0.000005 -0.378858 -2.603567 43.266790 -1.792002 0.000002 0.000002 0.000001 -0.000002 -0.000001 7.556999 -4.826313 0.300478 -28.471184 -0.342211 1.304119 0.315534 -24.058294 0.537043 67.064323 2.618833 7.077238 -0.315537 -33.061478 0.084927 4.493386 0.182786 -0.860744 0.092046 -7.483318 10.511632 -5.994857 0.425113 -5.474219 0.082184 -0.046741 6.420124 -0.000001 -0.000000 0.000000 -7.557003 -4.826306 0.300484 -4.101856 -12.101552 9.621857 -0.315557 -24.058256 0.712181 12.317594 1.831905 -1.835713 0.315562 -33.061462 0.096916 -7.148552 -5.093193 -4.973681 -0.092060 -7.483411 10.296527 -2.773197 -0.000002 -0.000001 -0.082208 -0.046777 6.411405 -0.000000 -0.000000 -0.000000 
0.219347 68.685059 110.724838 -0.285095 9.949105 -3.536945 -0.000001 3.962386 -0.274314 2.603319 -0.672811 2.332733 0.000001 14.122135 -0.320022 1.656092 -2.278673 0.845950 0.000000 11.399152 -0.365733 -2.923703 -2.285056 0.251910 0.000000 9.938174 -0.411431 -3.367573 -1.151239 -0.983951 -0.000000 8.579116 0.114201 -1.349393 -3.841517 0.310223 0.000000 25.089088 0.333908 -0.000000 0.000000 -0.000000 4.224101 8.888440 -0.424614 8.280039 -20.929231 3.137780 1.625316 4.497742 -76.980269 0.000011 -36.305099 0.000006 19.884209 -19.957143 5.430811 2.354134 -1.272457 1.802822 28.897513 8.894104 20.768607 1.999429 -1.154373 1.154374 -8.690638 18.041873 -12.337710 2.113314 -1.220119 1.220122 7.946593 -11.221933 1.406953 1.744290 -1.007034 1.007056 -0.000001 -0.000000 -0.000003 7.198479 -0.169237 1.742685 0.321249 3.500377 3.987061 2.844903 -0.000006 -0.000001 0.265683 2.465269 -16.816388 2.665505 -0.000019 0.000002 -0.020309 0.178482 -3.850820 2.297409 -0.000006 -0.000012 0.000000 0.000001 0.000000 6.876539 -0.000006 -0.000005 0.605069 7.624338 -16.487696 3.256827 0.000016 -0.000001 0.612746 3.443009 -27.102869 3.177892 -0.000010 -0.000002 0.271804 1.846630 -15.987009 2.695116 -0.000016 -0.000006 0.000000 0.000002 0.000003 6.623896 -0.059441 -1.696965 0.876768 8.006425 -34.399681 2.957999 -0.000007 0.000004 0.422035 2.000717 -17.172535 2.756902 0.000009 0.000002 0.298778 1.211759 -12.585002 2.334610 0.000011 0.000001 -0.000001 -0.000001 -0.000000 6.046968 -0.139187 -3.244340 3.587798 13.517598 -31.386116 2.623707 0.000009 0.000000 0.487203 2.680653 -29.100803 2.132117 0.000004 -0.000007 0.074785 1.530304 -6.724068 1.793219 0.000012 0.000000 -0.000003 -0.000001 0.000001 -4.224098 8.888414 -0.398196 -0.855008 5.246475 5.396786 22.093493 -2.727992 73.794723 -0.000020 32.516779 -0.000006 25.457271 8.380624 4.049675 -2.342537 -1.287619 1.805307 12.593951 -8.153694 -17.222421 -1.998870 -1.154047 1.154042 6.064830 -5.313234 -13.324095 -2.115646 -1.221473 1.221462 -13.753601 7.447206 9.069843 -1.745166 -1.007569 1.007566 -0.000001 -0.000011 -0.000001 -7.289624 -0.160562 1.788520 -0.934042 0.803122 10.773192 -2.816291 -0.000008 -0.000007 0.637324 -3.394051 26.746406 -2.639583 -0.000007 0.000007 -0.167847 -0.590567 17.433254 -2.241501 -0.000006 0.000014 0.000002 0.000002 0.000000 -7.060412 0.000008 0.000006 0.839964 -8.113515 23.112375 -3.340207 0.000003 0.000000 1.181246 -4.370036 38.023544 -3.056704 -0.000003 -0.000003 0.821945 -3.075371 31.081739 -2.639474 0.000000 -0.000009 -0.000001 0.000002 0.000000 -6.774590 0.049798 -1.636027 1.275984 -8.669401 41.005676 -2.923900 -0.000001 0.000013 0.713385 -2.594916 23.801116 -2.718001 -0.000011 0.000003 -0.130790 -0.209827 20.215118 -2.379610 0.000000 0.000009 -0.000000 -0.000001 0.000001 -6.148537 -0.175708 -3.130186 2.500283 -10.281923 45.253060 -2.627893 -0.000005 -0.000008 1.612578 -4.332255 49.089683 -2.122490 0.000017 -0.000005 -0.378858 -2.603567 43.266790 -1.792002 0.000002 0.000002 0.000001 -0.000002 -0.000001 7.556999 -4.826313 0.300478 -28.471184 -0.342211 1.304119 0.315534 -24.058294 0.537043 67.064323 2.618833 7.077238 -0.315537 -33.061478 0.084927 4.493386 0.182786 -0.860744 0.092046 -7.483318 10.511632 -5.994857 0.425113 -5.474219 0.082184 -0.046741 6.420124 -0.000001 -0.000000 0.000000 -7.557003 -4.826306 0.300484 -4.101856 -12.101552 9.621857 -0.315557 -24.058256 0.712181 12.317594 1.831905 -1.835713 0.315562 -33.061462 0.096916 -7.148552 -5.093193 -4.973681 -0.092060 -7.483411 10.296527 -2.773197 -0.000002 -0.000001 -0.082208 -0.046777 6.411405 -0.000000 -0.000000 -0.000000 
0.219347 68.685059 110.724838 -0.285095 9.949105 -3.536945 -0.000001 3.962386 -0.274314 2.603319 -0.672811 2.332733 0.000001 14.122135 -0.320022 1.656092 -2.278673 0.845950 0.000000 11.399152 -0.365733 -2.923703 -2.285056 0.251910 0.000000 9.938174 -0.411431 -3.367573 -1.151239 -0.983951 -0.000000 8.579116 0.114201 -1.349393 -3.841517 0.310223 0.000000 25.089088 0.333908 -0.000000 0.000000 -0.000000 4.224101 8.888440 -0.424614 8.280039 -20.929231 3.137780 1.625316 4.497742 -76.980269 0.000011 -36.305099 0.000006 19.884209 -19.957143 5.430811 2.354134 -1.272457 1.802822 28.897513 8.894104 20.768607 1.999429 -1.154373 1.154374 -8.690638 18.041873 -12.337710 2.113314 -1.220119 1.220122 7.946593 -11.221933 1.406953 1.744290 -1.007034 1.007056 -0.000001 -0.000000 -0.000003 7.198479 -0.169237 1.742685 0.321249 3.500377 3.987061 2.844903 -0.000006 -0.000001 0.265683 2.465269 -16.816388 2.665505 -0.000019 0.000002 -0.020309 0.178482 -3.850820 2.297409 -0.000006 -0.000012 0.000000 0.000001 0.000000 6.876539 -0.000006 -0.000005 0.605069 7.624338 -16.487696 3.256827 0.000016 -0.000001 0.612746 3.443009 -27.102869 3.177892 -0.000010 -0.000002 0.271804 1.846630 -15.987009 2.695116 -0.000016 -0.000006 0.000000 0.000002 0.000003 6.623896 -0.059441 -1.696965 0.876768 8.006425 -34.399681 2.957999 -0.000007 0.000004 0.422035 2.000717 -17.172535 2.756902 0.000009 0.000002 0.298778 1.211759 -12.585002 2.334610 0.000011 0.000001 -0.000001 -0.000001 -0.000000 6.046968 -0.139187 -3.244340 3.587798 13.517598 -31.386116 2.623707 0.000009 0.000000 0.487203 2.680653 -29.100803 2.132117 0.000004 -0.000007 0.074785 1.530304 -6.724068 1.793219 0.000012 0.000000 -0.000003 -0.000001 0.000001 -4.224098 8.888414 -0.398196 -0.855008 5.246475 5.396786 22.093493 -2.727992 73.794723 -0.000020 32.516779 -0.000006 25.457271 8.380624 4.049675 -2.342537 -1.287619 1.805307 12.593951 -8.153694 -17.222421 -1.998870 -1.154047 1.154042 6.064830 -5.313234 -13.324095 -2.115646 -1.221473 1.221462 -13.753601 7.447206 9.069843 -1.745166 -1.007569 1.007566 -0.000001 -0.000011 -0.000001 -7.289624 -0.160562 1.788520 -0.934042 0.803122 10.773192 -2.816291 -0.000008 -0.000007 0.637324 -3.394051 26.746406 -2.639583 -0.000007 0.000007 -0.167847 -0.590567 17.433254 -2.241501 -0.000006 0.000014 0.000002 0.000002 0.000000 -7.060412 0.000008 0.000006 0.839964 -8.113515 23.112375 -3.340207 0.000003 0.000000 1.181246 -4.370036 38.023544 -3.056704 -0.000003 -0.000003 0.821945 -3.075371 31.081739 -2.639474 0.000000 -0.000009 -0.000001 0.000002 0.000000 -6.774590 0.049798 -1.636027 1.275984 -8.669401 41.005676 -2.923900 -0.000001 0.000013 0.713385 -2.594916 23.801116 -2.718001 -0.000011 0.000003 -0.130790 -0.209827 20.215118 -2.379610 0.000000 0.000009 -0.000000 -0.000001 0.000001 -6.148537 -0.175708 -3.130186 2.500283 -10.281923 45.253060 -2.627893 -0.000005 -0.000008 1.612578 -4.332255 49.089683 -2.122490 0.000017 -0.000005 -0.378858 -2.603567 43.266790 -1.792002 0.000002 0.000002 0.000001 -0.000002 -0.000001 7.556999 -4.826313 0.300478 -28.471184 -0.342211 1.304119 0.315534 -24.058294 0.537043 67.064323 2.618833 7.077238 -0.315537 -33.061478 0.084927 4.493386 0.182786 -0.860744 0.092046 -7.483318 10.511632 -5.994857 0.425113 -5.474219 0.082184 -0.046741 6.420124 -0.000001 -0.000000 0.000000 -7.557003 -4.826306 0.300484 -4.101856 -12.101552 9.621857 -0.315557 -24.058256 0.712181 12.317594 1.831905 -1.835713 0.315562 -33.061462 0.096916 -7.148552 -5.093193 -4.973681 -0.092060 -7.483411 10.296527 -2.773197 -0.000002 -0.000001 -0.082208 -0.046777 6.411405 -0.000000 -0.000000 -0.000000 
0.219347 68.685059 110.724838 -0.285095 9.949105 -3.536945 -0.000001 3.962386 -0.274314 2.603319 -0.672811 2.332733 0.000001 14.122135 -0.320022 1.656092 -2.278673 0.845950 0.000000 11.399152 -0.365733 -2.923703 -2.285056 0.251910 0.000000 9.938174 -0.411431 -3.367573 -1.151239 -0.983951 -0.000000 8.579116 0.114201 -1.349393 -3.841517 0.310223 0.000000 25.089088 0.333908 -0.000000 0.000000 -0.000000 4.224101 8.888440 -0.424614 8.280039 -20.929231 3.137780 1.625316 4.497742 -76.980269 0.000011 -36.305099 0.000006 19.884209 -19.957143 5.430811 2.354134 -1.272457 1.802822 28.897513 8.894104 20.768607 1.999429 -1.154373 1.154374 -8.690638 18.041873 -12.337710 2.113314 -1.220119 1.220122 7.946593 -11.221933 1.406953 1.744290 -1.007034 1.007056 -0.000001 -0.000000 -0.000003 7.198479 -0.169237 1.742685 0.321249 3.500377 3.987061 2.844903 -0.000006 -0.000001 0.265683 2.465269 -16.816388 2.665505 -0.000019 0.000002 -0.020309 0.178482 -3.850820 2.297409 -0.000006 -0.000012 0.000000 0.000001 0.000000 6.876539 -0.000006 -0.000005 0.605069 7.624338 -16.487696 3.256827 0.000016 -0.000001 0.612746 3.443009 -27.102869 3.177892 -0.000010 -0.000002 0.271804 1.846630 -15.987009 2.695116 -0.000016 -0.000006 0.000000 0.000002 0.000003 6.623896 -0.059441 -1.696965 0.876768 8.006425 -34.399681 2.957999 -0.000007 0.000004 0.422035 2.000717 -17.172535 2.756902 0.000009 0.000002 0.298778 1.211759 -12.585002 2.334610 0.000011 0.000001 -0.000001 -0.000001 -0.000000 6.046968 -0.139187 -3.244340 3.587798 13.517598 -31.386116 2.623707 0.000009 0.000000 0.487203 2.680653 -29.100803 2.132117 0.000004 -0.000007 0.074785 1.530304 -6.724068 1.793219 0.000012 0.000000 -0.000003 -0.000001 0.000001 -4.224098 8.888414 -0.398196 -0.855008 5.246475 5.396786 22.093493 -2.727992 73.794723 -0.000020 32.516779 -0.000006 25.457271 8.380624 4.049675 -2.342537 -1.287619 1.805307 12.593951 -8.153694 -17.222421 -1.998870 -1.154047 1.154042 6.064830 -5.313234 -13.324095 -2.115646 -1.221473 1.221462 -13.753601 7.447206 9.069843 -1.745166 -1.007569 1.007566 -0.000001 -0.000011 -0.000001 -7.289624 -0.160562 1.788520 -0.934042 0.803122 10.773192 -2.816291 -0.000008 -0.000007 0.637324 -3.394051 26.746406 -2.639583 -0.000007 0.000007 -0.167847 -0.590567 17.433254 -2.241501 -0.000006 0.000014 0.000002 0.000002 0.000000 -7.060412 0.000008 0.000006 0.839964 -8.113515 23.112375 -3.340207 0.000003 0.000000 1.181246 -4.370036 38.023544 -3.056704 -0.000003 -0.000003 0.821945 -3.075371 31.081739 -2.639474 0.000000 -0.000009 -0.000001 0.000002 0.000000 -6.774590 0.049798 -1.636027 1.275984 -8.669401 41.005676 -2.923900 -0.000001 0.000013 0.713385 -2.594916 23.801116 -2.718001 -0.000011 0.000003 -0.130790 -0.209827 20.215118 -2.379610 0.000000 0.000009 -0.000000 -0.000001 0.000001 -6.148537 -0.175708 -3.130186 2.500283 -10.281923 45.253060 -2.627893 -0.000005 -0.000008 1.612578 -4.332255 49.089683 -2.122490 0.000017 -0.000005 -0.378858 -2.603567 43.266790 -1.792002 0.000002 0.000002 0.000001 -0.000002 -0.000001 7.556999 -4.826313 0.300478 -28.471184 -0.342211 1.304119 0.315534 -24.058294 0.537043 67.064323 2.618833 7.077238 -0.315537 -33.061478 0.084927 4.493386 0.182786 -0.860744 0.092046 -7.483318 10.511632 -5.994857 0.425113 -5.474219 0.082184 -0.046741 6.420124 -0.000001 -0.000000 0.000000 -7.557003 -4.826306 0.300484 -4.101856 -12.101552 9.621857 -0.315557 -24.058256 0.712181 12.317594 1.831905 -1.835713 0.315562 -33.061462 0.096916 -7.148552 -5.093193 -4.973681 -0.092060 -7.483411 10.296527 -2.773197 -0.000002 -0.000001 -0.082208 -0.046777 6.411405 -0.000000 -0.000000 -0.000000 
0.219347 68.685059 110.724838 -0.285095 9.949105 -3.536945 -0.000001 3.962386 -0.274314 2.603319 -0.672811 2.332733 0.000001 14.122135 -0.320022 1.656092 -2.278673 0.845950 0.000000 11.399152 -0.365733 -2.923703 -2.285056 0.251910 0.000000 9.938174 -0.411431 -3.367573 -1.151239 -0.983951 -0.000000 8.579116 0.114201 -1.349393 -3.841517 0.310223 0.000000 25.089088 0.333908 -0.000000 0.000000 -0.000000 4.224101 8.888440 -0.424614 8.280039 -20.929231 3.137780 1.625316 4.497742 -76.980269 0.000011 -36.305099 0.000006 19.884209 -19.957143 5.430811 2.354134 -1.272457 1.802822 28.897513 8.894104 20.768607 1.999429 -1.154373 1.154374 -8.690638 18.041873 -12.337710 2.113314 -1.220119 1.220122 7.946593 -11.221933 1.406953 1.744290 -1.007034 1.007056 -0.000001 -0.000000 -0.000003 7.198479 -0.169237 1.742685 0.321249 3.500377 3.987061 2.844903 -0.000006 -0.000001 0.265683 2.465269 -16.816388 2.665505 -0.000019 0.000002 -0.020309 0.178482 -3.850820 2.297409 -0.000006 -0.000012 0.000000 0.000001 0.000000 6.876539 -0.000006 -0.000005 0.605069 7.624338 -16.487696 3.256827 0.000016 -0.000001 0.612746 3.443009 -27.102869 3.177892 -0.000010 -0.000002 0.271804 1.846630 -15.987009 2.695116 -0.000016 -0.000006 0.000000 0.000002 0.000003 6.623896 -0.059441 -1.696965 0.876768 8.006425 -34.399681 2.957999 -0.000007 0.000004 0.422035 2.000717 -17.172535 2.756902 0.000009 0.000002 0.298778 1.211759 -12.585002 2.334610 0.000011 0.000001 -0.000001 -0.000001 -0.000000 6.046968 -0.139187 -3.244340 3.587798 13.517598 -31.386116 2.623707 0.000009 0.000000 0.487203 2.680653 -29.100803 2.132117 0.000004 -0.000007 0.074785 1.530304 -6.724068 1.793219 0.000012 0.000000 -0.000003 -0.000001 0.000001 -4.224098 8.888414 -0.398196 -0.855008 5.246475 5.396786 22.093493 -2.727992 73.794723 -0.000020 32.516779 -0.000006 25.457271 8.380624 4.049675 -2.342537 -1.287619 1.805307 12.593951 -8.153694 -17.222421 -1.998870 -1.154047 1.154042 6.064830 -5.313234 -13.324095 -2.115646 -1.221473 1.221462 -13.753601 7.447206 9.069843 -1.745166 -1.007569 1.007566 -0.000001 -0.000011 -0.000001 -7.289624 -0.160562 1.788520 -0.934042 0.803122 10.773192 -2.816291 -0.000008 -0.000007 0.637324 -3.394051 26.746406 -2.639583 -0.000007 0.000007 -0.167847 -0.590567 17.433254 -2.241501 -0.000006 0.000014 0.000002 0.000002 0.000000 -7.060412 0.000008 0.000006 0.839964 -8.113515 23.112375 -3.340207 0.000003 0.000000 1.181246 -4.370036 38.023544 -3.056704 -0.000003 -0.000003 0.821945 -3.075371 31.081739 -2.639474 0.000000 -0.000009 -0.000001 0.000002 0.000000 -6.774590 0.049798 -1.636027 1.275984 -8.669401 41.005676 -2.923900 -0.000001 0.000013 0.713385 -2.594916 23.801116 -2.718001 -0.000011 0.000003 -0.130790 -0.209827 20.215118 -2.379610 0.000000 0.000009 -0.000000 -0.000001 0.000001 -6.148537 -0.175708 -3.130186 2.500283 -10.281923 45.253060 -2.627893 -0.000005 -0.000008 1.612578 -4.332255 49.089683 -2.122490 0.000017 -0.000005 -0.378858 -2.603567 43.266790 -1.792002 0.000002 0.000002 0.000001 -0.000002 -0.000001 7.556999 -4.826313 0.300478 -28.471184 -0.342211 1.304119 0.315534 -24.058294 0.537043 67.064323 2.618833 7.077238 -0.315537 -33.061478 0.084927 4.493386 0.182786 -0.860744 0.092046 -7.483318 10.511632 -5.994857 0.425113 -5.474219 0.082184 -0.046741 6.420124 -0.000001 -0.000000 0.000000 -7.557003 -4.826306 0.300484 -4.101856 -12.101552 9.621857 -0.315557 -24.058256 0.712181 12.317594 1.831905 -1.835713 0.315562 -33.061462 0.096916 -7.148552 -5.093193 -4.973681 -0.092060 -7.483411 10.296527 -2.773197 -0.000002 -0.000001 -0.082208 -0.046777 6.411405 -0.000000 -0.000000 -0.000000 
0.219347 68.685059 110.724838 -0.285095 9.949105 -3.536945 -0.000001 3.962386 -0.274314 2.603319 -0.672811 2.332733 0.000001 14.122135 -0.320022 1.656092 -2.278673 0.845950 0.000000 11.399152 -0.365733 -2.923703 -2.285056 0.251910 0.000000 9.938174 -0.411431 -3.367573 -1.151239 -0.983951 -0.000000 8.579116 0.114201 -1.349393 -3.841517 0.310223 0.000000 25.089088 0.333908 -0.000000 0.000000 -0.000000 4.224101 8.888440 -0.424614 8.280039 -20.929231 3.137780 1.625316 4.497742 -76.980269 0.000011 -36.305099 0.000006 19.884209 -19.957143 5.430811 2.354134 -1.272457 1.802822 28.897513 8.894104 20.768607 1.999429 -1.154373 1.154374 -8.690638 18.041873 -12.337710 2.113314 -1.220119 1.220122 7.946593 -11.221933 1.406953 1.744290 -1.007034 1.007056 -0.000001 -0.000000 -0.000003 7.198479 -0.169237 1.742685 0.321249 3.500377 3.987061 2.844903 -0.000006 -0.000001 0.265683 2.465269 -16.816388 2.665505 -0.000019 0.000002 -0.020309 0.178482 -3.850820 2.297409 -0.000006 -0.000012 0.000000 0.000001 0.000000 6.876539 -0.000006 -0.000005 0.605069 7.624338 -16.487696 3.256827 0.000016 -0.000001 0.612746 3.443009 -27.102869 3.177892 -0.000010 -0.000002 0.271804 1.846630 -15.987009 2.695116 -0.000016 -0.000006 0.000000 0.000002 0.000003 6.623896 -0.059441 -1.696965 0.876768 8.006425 -34.399681 2.957999 -0.000007 0.000004 0.422035 2.000717 -17.172535 2.756902 0.000009 0.000002 0.298778 1.211759 -12.585002 2.334610 0.000011 0.000001 -0.000001 -0.000001 -0.000000 6.046968 -0.139187 -3.244340 3.587798 13.517598 -31.386116 2.623707 0.000009 0.000000 0.487203 2.680653 -29.100803 2.132117 0.000004 -0.000007 0.074785 1.530304 -6.724068 1.793219 0.000012 0.000000 -0.000003 -0.000001 0.000001 -4.224098 8.888414 -0.398196 -0.855008 5.246475 5.396786 22.093493 -2.727992 73.794723 -0.000020 32.516779 -0.000006 25.457271 8.380624 4.049675 -2.342537 -1.287619 1.805307 12.593951 -8.153694 -17.222421 -1.998870 -1.154047 1.154042 6.064830 -5.313234 -13.324095 -2.115646 -1.221473 1.221462 -13.753601 7.447206 9.069843 -1.745166 -1.007569 1.007566 -0.000001 -0.000011 -0.000001 -7.289624 -0.160562 1.788520 -0.934042 0.803122 10.773192 -2.816291 -0.000008 -0.000007 0.637324 -3.394051 26.746406 -2.639583 -0.000007 0.000007 -0.167847 -0.590567 17.433254 -2.241501 -0.000006 0.000014 0.000002 0.000002 0.000000 -7.060412 0.000008 0.000006 0.839964 -8.113515 23.112375 -3.340207 0.000003 0.000000 1.181246 -4.370036 38.023544 -3.056704 -0.000003 -0.000003 0.821945 -3.075371 31.081739 -2.639474 0.000000 -0.000009 -0.000001 0.000002 0.000000 -6.774590 0.049798 -1.636027 1.275984 -8.669401 41.005676 -2.923900 -0.000001 0.000013 0.713385 -2.594916 23.801116 -2.718001 -0.000011 0.000003 -0.130790 -0.209827 20.215118 -2.379610 0.000000 0.000009 -0.000000 -0.000001 0.000001 -6.148537 -0.175708 -3.130186 2.500283 -10.281923 45.253060 -2.627893 -0.000005 -0.000008 1.612578 -4.332255 49.089683 -2.122490 0.000017 -0.000005 -0.378858 -2.603567 43.266790 -1.792002 0.000002 0.000002 0.000001 -0.000002 -0.000001 7.556999 -4.826313 0.300478 -28.471184 -0.342211 1.304119 0.315534 -24.058294 0.537043 67.064323 2.618833 7.077238 -0.315537 -33.061478 0.084927 4.493386 0.182786 -0.860744 0.092046 -7.483318 10.511632 -5.994857 0.425113 -5.474219 0.082184 -0.046741 6.420124 -0.000001 -0.000000 0.000000 -7.557003 -4.826306 0.300484 -4.101856 -12.101552 9.621857 -0.315557 -24.058256 0.712181 12.317594 1.831905 -1.835713 0.315562 -33.061462 0.096916 -7.148552 -5.093193 -4.973681 -0.092060 -7.483411 10.296527 -2.773197 -0.000002 -0.000001 -0.082208 -0.046777 6.411405 -0.000000 -0.000000 -0.000000 
0.219347 68.685059 110.724838 -0.285095 9.949105 -3.536945 -0.000001 3.962386 -0.274314 2.603319 -0.672811 2.332733 0.000001 14.122135 -0.320022 1.656092 -2.278673 0.845950 0.000000 11.399152 -0.365733 -2.923703 -2.285056 0.251910 0.000000 9.938174 -0.411431 -3.367573 -1.151239 -0.983951 -0.000000 8.579116 0.114201 -1.349393 -3.841517 0.310223 0.000000 25.089088 0.333908 -0.000000 0.000000 -0.000000 4.224101 8.888440 -0.424614 8.280039 -20.929231 3.137780 1.625316 4.497742 -76.980269 0.000011 -36.305099 0.000006 19.884209 -19.957143 5.430811 2.354134 -1.272457 1.802822 28.897513 8.894104 20.768607 1.999429 -1.154373 1.154374 -8.690638 18.041873 -12.337710 2.113314 -1.220119 1.220122 7.946593 -11.221933 1.406953 1.744290 -1.007034 1.007056 -0.000001 -0.000000 -0.000003 7.198479 -0.169237 1.742685 0.321249 3.500377 3.987061 2.844903 -0.000006 -0.000001 0.265683 2.465269 -16.816388 2.665505 -0.000019 0.000002 -0.020309 0.178482 -3.850820 2.297409 -0.000006 -0.000012 0.000000 0.000001 0.000000 6.876539 -0.000006 -0.000005 0.605069 7.624338 -16.487696 3.256827 0.000016 -0.000001 0.612746 3.443009 -27.102869 3.177892 -0.000010 -0.000002 0.271804 1.846630 -15.987009 2.695116 -0.000016 -0.000006 0.000000 0.000002 0.000003 6.623896 -0.059441 -1.696965 0.876768 8.006425 -34.399681 2.957999 -0.000007 0.000004 0.422035 2.000717 -17.172535 2.756902 0.000009 0.000002 0.298778 1.211759 -12.585002 2.334610 0.000011 0.000001 -0.000001 -0.000001 -0.000000 6.046968 -0.139187 -3.244340 3.587798 13.517598 -31.386116 2.623707 0.000009 0.000000 0.487203 2.680653 -29.100803 2.132117 0.000004 -0.000007 0.074785 1.530304 -6.724068 1.793219 0.000012 0.000000 -0.000003 -0.000001 0.000001 -4.224098 8.888414 -0.398196 -0.855008 5.246475 5.396786 22.093493 -2.727992 73.794723 -0.000020 32.516779 -0.000006 25.457271 8.380624 4.049675 -2.342537 -1.287619 1.805307 12.593951 -8.153694 -17.222421 -1.998870 -1.154047 1.154042 6.064830 -5.313234 -13.324095 -2.115646 -1.221473 1.221462 -13.753601 7.447206 9.069843 -1.745166 -1.007569 1.007566 -0.000001 -0.000011 -0.000001 -7.289624 -0.160562 1.788520 -0.934042 0.803122 10.773192 -2.816291 -0.000008 -0.000007 0.637324 -3.394051 26.746406 -2.639583 -0.000007 0.000007 -0.167847 -0.590567 17.433254 -2.241501 -0.000006 0.000014 0.000002 0.000002 0.000000 -7.060412 0.000008 0.000006 0.839964 -8.113515 23.112375 -3.340207 0.000003 0.000000 1.181246 -4.370036 38.023544 -3.056704 -0.000003 -0.000003 0.821945 -3.075371 31.081739 -2.639474 0.000000 -0.000009 -0.000001 0.000002 0.000000 -6.774590 0.049798 -1.636027 1.275984 -8.669401 41.005676 -2.923900 -0.000001 0.000013 0.713385 -2.594916 23.801116 -2.718001 -0.000011 0.000003 -0.130790 -0.209827 20.215118 -2.379610 0.000000 0.000009 -0.000000 -0.000001 0.000001 -6.148537 -0.175708 -3.130186 2.500283 -10.281923 45.253060 -2.627893 -0.000005 -0.000008 1.612578 -4.332255 49.089683 -2.122490 0.000017 -0.000005 -0.378858 -2.603567 43.266790 -1.792002 0.000002 0.000002 0.000001 -0.000002 -0.000001 7.556999 -4.826313 0.300478 -28.471184 -0.342211 1.304119 0.315534 -24.058294 0.537043 67.064323 2.618833 7.077238 -0.315537 -33.061478 0.084927 4.493386 0.182786 -0.860744 0.092046 -7.483318 10.511632 -5.994857 0.425113 -5.474219 0.082184 -0.046741 6.420124 -0.000001 -0.000000 0.000000 -7.557003 -4.826306 0.300484 -4.101856 -12.101552 9.621857 -0.315557 -24.058256 0.712181 12.317594 1.831905 -1.835713 0.315562 -33.061462 0.096916 -7.148552 -5.093193 -4.973681 -0.092060 -7.483411 10.296527 -2.773197 -0.000002 -0.000001 -0.082208 -0.046777 6.411405 -0.000000 -0.000000 -0.000000 
0.219347 68.685059 110.724838 -0.285095 9.949105 -3.536945 -0.000001 3.962386 -0.274314 2.603319 -0.672811 2.332733 0.000001 14.122135 -0.320022 1.656092 -2.278673 0.845950 0.000000 11.399152 -0.365733 -2.923703 -2.285056 0.251910 0.000000 9.938174 -0.411431 -3.367573 -1.151239 -0.983951 -0.000000 8.579116 0.114201 -1.349393 -3.841517 0.310223 0.000000 25.089088 0.333908 -0.000000 0.000000 -0.000000 4.224101 8.888440 -0.424614 8.280039 -20.929231 3.137780 1.625316 4.497742 -76.980269 0.000011 -36.305099 0.000006 19.884209 -19.957143 5.430811 2.354134 -1.272457 1.802822 28.897513 8.894104 20.768607 1.999429 -1.154373 1.154374 -8.690638 18.041873 -12.337710 2.113314 -1.220119 1.220122 7.946593 -11.221933 1.406953 1.744290 -1.007034 1.007056 -0.000001 -0.000000 -0.000003 7.198479 -0.169237 1.742685 0.321249 3.500377 3.987061 2.844903 -0.000006 -0.000001 0.265683 2.465269 -16.816388 2.665505 -0.000019 0.000002 -0.020309 0.178482 -3.850820 2.297409 -0.000006 -0.000012 0.000000 0.000001 0.000000 6.876539 -0.000006 -0.000005 0.605069 7.624338 -16.487696 3.256827 0.000016 -0.000001 0.612746 3.443009 -27.102869 3.177892 -0.000010 -0.000002 0.271804 1.846630 -15.987009 2.695116 -0.000016 -0.000006 0.000000 0.000002 0.000003 6.623896 -0.059441 -1.696965 0.876768 8.006425 -34.399681 2.957999 -0.000007 0.000004 0.422035 2.000717 -17.172535 2.756902 0.000009 0.000002 0.298778 1.211759 -12.585002 2.334610 0.000011 0.000001 -0.000001 -0.000001 -0.000000 6.046968 -0.139187 -3.244340 3.587798 13.517598 -31.386116 2.623707 0.000009 0.000000 0.487203 2.680653 -29.100803 2.132117 0.000004 -0.000007 0.074785 1.530304 -6.724068 1.793219 0.000012 0.000000 -0.000003 -0.000001 0.000001 -4.224098 8.888414 -0.398196 -0.855008 5.246475 5.396786 22.093493 -2.727992 73.794723 -0.000020 32.516779 -0.000006 25.457271 8.380624 4.049675 -2.342537 -1.287619 1.805307 12.593951 -8.153694 -17.222421 -1.998870 -1.154047 1.154042 6.064830 -5.313234 -13.324095 -2.115646 -1.221473 1.221462 -13.753601 7.447206 9.069843 -1.745166 -1.007569 1.007566 -0.000001 -0.000011 -0.000001 -7.289624 -0.160562 1.788520 -0.934042 0.803122 10.773192 -2.816291 -0.000008 -0.000007 0.637324 -3.394051 26.746406 -2.639583 -0.000007 0.000007 -0.167847 -0.590567 17.433254 -2.241501 -0.000006 0.000014 0.000002 0.000002 0.000000 -7.060412 0.000008 0.000006 0.839964 -8.113515 23.112375 -3.340207 0.000003 0.000000 1.181246 -4.370036 38.023544 -3.056704 -0.000003 -0.000003 0.821945 -3.075371 31.081739 -2.639474 0.000000 -0.000009 -0.000001 0.000002 0.000000 -6.774590 0.049798 -1.636027 1.275984 -8.669401 41.005676 -2.923900 -0.000001 0.000013 0.713385 -2.594916 23.801116 -2.718001 -0.000011 0.000003 -0.130790 -0.209827 20.215118 -2.379610 0.000000 0.000009 -0.000000 -0.000001 0.000001 -6.148537 -0.175708 -3.130186 2.500283 -10.281923 45.253060 -2.627893 -0.000005 -0.000008 1.612578 -4.332255 49.089683 -2.122490 0.000017 -0.000005 -0.378858 -2.603567 43.266790 -1.792002 0.000002 0.000002 0.000001 -0.000002 -0.000001 7.556999 -4.826313 0.300478 -28.471184 -0.342211 1.304119 0.315534 -24.058294 0.537043 67.064323 2.618833 7.077238 -0.315537 -33.061478 0.084927 4.493386 0.182786 -0.860744 0.092046 -7.483318 10.511632 -5.994857 0.425113 -5.474219 0.082184 -0.046741 6.420124 -0.000001 -0.000000 0.000000 -7.557003 -4.826306 0.300484 -4.101856 -12.101552 9.621857 -0.315557 -24.058256 0.712181 12.317594 1.831905 -1.835713 0.315562 -33.061462 0.096916 -7.148552 -5.093193 -4.973681 -0.092060 -7.483411 10.296527 -2.773197 -0.000002 -0.000001 -0.082208 -0.046777 6.411405 -0.000000 -0.000000 -0.000000 
0.219347 68.685059 110.724838 -0.285095 9.949105 -3.536945 -0.000001 3.962386 -0.274314 2.603319 -0.672811 2.332733 0.000001 14.122135 -0.320022 1.656092 -2.278673 0.845950 0.000000 11.399152 -0.365733 -2.923703 -2.285056 0.251910 0.000000 9.938174 -0.411431 -3.367573 -1.151239 -0.983951 -0.000000 8.579116 0.114201 -1.349393 -3.841517 0.310223 0.000000 25.089088 0.333908 -0.000000 0.000000 -0.000000 4.224101 8.888440 -0.424614 8.280039 -20.929231 3.137780 1.625316 4.497742 -76.980269 0.000011 -36.305099 0.000006 19.884209 -19.957143 5.430811 2.354134 -1.272457 1.802822 28.897513 8.894104 20.768607 1.999429 -1.154373 1.154374 -8.690638 18.041873 -12.337710 2.113314 -1.220119 1.220122 7.946593 -11.221933 1.406953 1.744290 -1.007034 1.007056 -0.000001 -0.000000 -0.000003 7.198479 -0.169237 1.742685 0.321249 3.500377 3.987061 2.844903 -0.000006 -0.000001 0.265683 2.465269 -16.816388 2.665505 -0.000019 0.000002 -0.020309 0.178482 -3.850820 2.297409 -0.000006 -0.000012 0.000000 0.000001 0.000000 6.876539 -0.000006 -0.000005 0.605069 7.624338 -16.487696 3.256827 0.000016 -0.000001 0.612746 3.443009 -27.102869 3.177892 -0.000010 -0.000002 0.271804 1.846630 -15.987009 2.695116 -0.000016 -0.000006 0.000000 0.000002 0.000003 6.623896 -0.059441 -1.696965 0.876768 8.006425 -34.399681 2.957999 -0.000007 0.000004 0.422035 2.000717 -17.172535 2.756902 0.000009 0.000002 0.298778 1.211759 -12.585002 2.334610 0.000011 0.000001 -0.000001 -0.000001 -0.000000 6.046968 -0.139187 -3.244340 3.587798 13.517598 -31.386116 2.623707 0.000009 0.000000 0.487203 2.680653 -29.100803 2.132117 0.000004 -0.000007 0.074785 1.530304 -6.724068 1.793219 0.000012 0.000000 -0.000003 -0.000001 0.000001 -4.224098 8.888414 -0.398196 -0.855008 5.246475 5.396786 22.093493 -2.727992 73.794723 -0.000020 32.516779 -0.000006 25.457271 8.380624 4.049675 -2.342537 -1.287619 1.805307 12.593951 -8.153694 -17.222421 -1.998870 -1.154047 1.154042 6.064830 -5.313234 -13.324095 -2.115646 -1.221473 1.221462 -13.753601 7.447206 9.069843 -1.745166 -1.007569 1.007566 -0.000001 -0.000011 -0.000001 -7.289624 -0.160562 1.788520 -0.934042 0.803122 10.773192 -2.816291 -0.000008 -0.000007 0.637324 -3.394051 26.746406 -2.639583 -0.000007 0.000007 -0.167847 -0.590567 17.433254 -2.241501 -0.000006 0.000014 0.000002 0.000002 0.000000 -7.060412 0.000008 0.000006 0.839964 -8.113515 23.112375 -3.340207 0.000003 0.000000 1.181246 -4.370036 38.023544 -3.056704 -0.000003 -0.000003 0.821945 -3.075371 31.081739 -2.639474 0.000000 -0.000009 -0.000001 0.000002 0.000000 -6.774590 0.049798 -1.636027 1.275984 -8.669401 41.005676 -2.923900 -0.000001 0.000013 0.713385 -2.594916 23.801116 -2.718001 -0.000011 0.000003 -0.130790 -0.209827 20.215118 -2.379610 0.000000 0.000009 -0.000000 -0.000001 0.000001 -6.148537 -0.175708 -3.130186 2.500283 -10.281923 45.253060 -2.627893 -0.000005 -0.000008 1.612578 -4.332255 49.089683 -2.122490 0.000017 -0.000005 -0.378858 -2.603567 43.266790 -1.792002 0.000002 0.000002 0.000001 -0.000002 -0.000001 7.556999 -4.826313 0.300478 -28.471184 -0.342211 1.304119 0.315534 -24.058294 0.537043 67.064323 2.618833 7.077238 -0.315537 -33.061478 0.084927 4.493386 0.182786 -0.860744 0.092046 -7.483318 10.511632 -5.994857 0.425113 -5.474219 0.082184 -0.046741 6.420124 -0.000001 -0.000000 0.000000 -7.557003 -4.826306 0.300484 -4.101856 -12.101552 9.621857 -0.315557 -24.058256 0.712181 12.317594 1.831905 -1.835713 0.315562 -33.061462 0.096916 -7.148552 -5.093193 -4.973681 -0.092060 -7.483411 10.296527 -2.773197 -0.000002 -0.000001 -0.082208 -0.046777 6.411405 -0.000000 -0.000000 -0.000000 
0.219347 68.685059 110.724838 -0.285095 9.949105 -3.536945 -0.000001 3.962386 -0.274314 2.603319 -0.672811 2.332733 0.000001 14.122135 -0.320022 1.656092 -2.278673 0.845950 0.000000 11.399152 -0.365733 -2.923703 -2.285056 0.251910 0.000000 9.938174 -0.411431 -3.367573 -1.151239 -0.983951 -0.000000 8.579116 0.114201 -1.349393 -3.841517 0.310223 0.000000 25.089088 0.333908 -0.000000 0.000000 -0.000000 4.224101 8.888440 -0.424614 8.280039 -20.929231 3.137780 1.625316 4.497742 -76.980269 0.000011 -36.305099 0.000006 19.884209 -19.957143 5.430811 2.354134 -1.272457 1.802822 28.897513 8.894104 20.768607 1.999429 -1.154373 1.154374 -8.690638 18.041873 -12.337710 2.113314 -1.220119 1.220122 7.946593 -11.221933 1.406953 1.744290 -1.007034 1.007056 -0.000001 -0.000000 -0.000003 7.198479 -0.169237 1.742685 0.321249 3.500377 3.987061 2.844903 -0.000006 -0.000001 0.265683 2.465269 -16.816388 2.665505 -0.000019 0.000002 -0.020309 0.178482 -3.850820 2.297409 -0.000006 -0.000012 0.000000 0.000001 0.000000 6.876539 -0.000006 -0.000005 0.605069 7.624338 -16.487696 3.256827 0.000016 -0.000001 0.612746 3.443009 -27.102869 3.177892 -0.000010 -0.000002 0.271804 1.846630 -15.987009 2.695116 -0.000016 -0.000006 0.000000 0.000002 0.000003 6.623896 -0.059441 -1.696965 0.876768 8.006425 -34.399681 2.957999 -0.000007 0.000004 0.422035 2.000717 -17.172535 2.756902 0.000009 0.000002 0.298778 1.211759 -12.585002 2.334610 0.000011 0.000001 -0.000001 -0.000001 -0.000000 6.046968 -0.139187 -3.244340 3.587798 13.517598 -31.386116 2.623707 0.000009 0.000000 0.487203 2.680653 -29.100803 2.132117 0.000004 -0.000007 0.074785 1.530304 -6.724068 1.793219 0.000012 0.000000 -0.000003 -0.000001 0.000001 -4.224098 8.888414 -0.398196 -0.855008 5.246475 5.396786 22.093493 -2.727992 73.794723 -0.000020 32.516779 -0.000006 25.457271 8.380624 4.049675 -2.342537 -1.287619 1.805307 12.593951 -8.153694 -17.222421 -1.998870 -1.154047 1.154042 6.064830 -5.313234 -13.324095 -2.115646 -1.221473 1.221462 -13.753601 7.447206 9.069843 -1.745166 -1.007569 1.007566 -0.000001 -0.000011 -0.000001 -7.289624 -0.160562 1.788520 -0.934042 0.803122 10.773192 -2.816291 -0.000008 -0.000007 0.637324 -3.394051 26.746406 -2.639583 -0.000007 0.000007 -0.167847 -0.590567 17.433254 -2.241501 -0.000006 0.000014 0.000002 0.000002 0.000000 -7.060412 0.000008 0.000006 0.839964 -8.113515 23.112375 -3.340207 0.000003 0.000000 1.181246 -4.370036 38.023544 -3.056704 -0.000003 -0.000003 0.821945 -3.075371 31.081739 -2.639474 0.000000 -0.000009 -0.000001 0.000002 0.000000 -6.774590 0.049798 -1.636027 1.275984 -8.669401 41.005676 -2.923900 -0.000001 0.000013 0.713385 -2.594916 23.801116 -2.718001 -0.000011 0.000003 -0.130790 -0.209827 20.215118 -2.379610 0.000000 0.000009 -0.000000 -0.000001 0.000001 -6.148537 -0.175708 -3.130186 2.500283 -10.281923 45.253060 -2.627893 -0.000005 -0.000008 1.612578 -4.332255 49.089683 -2.122490 0.000017 -0.000005 -0.378858 -2.603567 43.266790 -1.792002 0.000002 0.000002 0.000001 -0.000002 -0.000001 7.556999 -4.826313 0.300478 -28.471184 -0.342211 1.304119 0.315534 -24.058294 0.537043 67.064323 2.618833 7.077238 -0.315537 -33.061478 0.084927 4.493386 0.182786 -0.860744 0.092046 -7.483318 10.511632 -5.994857 0.425113 -5.474219 0.082184 -0.046741 6.420124 -0.000001 -0.000000 0.000000 -7.557003 -4.826306 0.300484 -4.101856 -12.101552 9.621857 -0.315557 -24.058256 0.712181 12.317594 1.831905 -1.835713 0.315562 -33.061462 0.096916 -7.148552 -5.093193 -4.973681 -0.092060 -7.483411 10.296527 -2.773197 -0.000002 -0.000001 -0.082208 -0.046777 6.411405 -0.000000 -0.000000 -0.000000 
0.219347 68.685059 110.724838 -0.285095 9.949105 -3.536945 -0.000001 3.962386 -0.274314 2.603319 -0.672811 2.332733 0.000001 14.122135 -0.320022 1.656092 -2.278673 0.845950 0.000000 11.399152 -0.365733 -2.923703 -2.285056 0.251910 0.000000 9.938174 -0.411431 -3.367573 -1.151239 -0.983951 -0.000000 8.579116 0.114201 -1.349393 -3.841517 0.310223 0.000000 25.089088 0.333908 -0.000000 0.000000 -0.000000 4.224101 8.888440 -0.424614 8.280039 -20.929231 3.137780 1.625316 4.497742 -76.980269 0.000011 -36.305099 0.000006 19.884209 -19.957143 5.430811 2.354134 -1.272457 1.802822 28.897513 8.894104 20.768607 1.999429 -1.154373 1.154374 -8.690638 18.041873 -12.337710 2.113314 -1.220119 1.220122 7.946593 -11.221933 1.406953 1.744290 -1.007034 1.007056 -0.000001 -0.000000 -0.000003 7.198479 -0.169237 1.742685 0.321249 3.500377 3.987061 2.844903 -0.000006 -0.000001 0.265683 2.465269 -16.816388 2.665505 -0.000019 0.000002 -0.020309 0.178482 -3.850820 2.297409 -0.000006 -0.000012 0.000000 0.000001 0.000000 6.876539 -0.000006 -0.000005 0.605069 7.624338 -16.487696 3.256827 0.000016 -0.000001 0.612746 3.443009 -27.102869 3.177892 -0.000010 -0.000002 0.271804 1.846630 -15.987009 2.695116 -0.000016 -0.000006 0.000000 0.000002 0.000003 6.623896 -0.059441 -1.696965 0.876768 8.006425 -34.399681 2.957999 -0.000007 0.000004 0.422035 2.000717 -17.172535 2.756902 0.000009 0.000002 0.298778 1.211759 -12.585002 2.334610 0.000011 0.000001 -0.000001 -0.000001 -0.000000 6.046968 -0.139187 -3.244340 3.587798 13.517598 -31.386116 2.623707 0.000009 0.000000 0.487203 2.680653 -29.100803 2.132117 0.000004 -0.000007 0.074785 1.530304 -6.724068 1.793219 0.000012 0.000000 -0.000003 -0.000001 0.000001 -4.224098 8.888414 -0.398196 -0.855008 5.246475 5.396786 22.093493 -2.727992 73.794723 -0.000020 32.516779 -0.000006 25.457271 8.380624 4.049675 -2.342537 -1.287619 1.805307 12.593951 -8.153694 -17.222421 -1.998870 -1.154047 1.154042 6.064830 -5.313234 -13.324095 -2.115646 -1.221473 1.221462 -13.753601 7.447206 9.069843 -1.745166 -1.007569 1.007566 -0.000001 -0.000011 -0.000001 -7.289624 -0.160562 1.788520 -0.934042 0.803122 10.773192 -2.816291 -0.000008 -0.000007 0.637324 -3.394051 26.746406 -2.639583 -0.000007 0.000007 -0.167847 -0.590567 17.433254 -2.241501 -0.000006 0.000014 0.000002 0.000002 0.000000 -7.060412 0.000008 0.000006 0.839964 -8.113515 23.112375 -3.340207 0.000003 0.000000 1.181246 -4.370036 38.023544 -3.056704 -0.000003 -0.000003 0.821945 -3.075371 31.081739 -2.639474 0.000000 -0.000009 -0.000001 0.000002 0.000000 -6.774590 0.049798 -1.636027 1.275984 -8.669401 41.005676 -2.923900 -0.000001 0.000013 0.713385 -2.594916 23.801116 -2.718001 -0.000011 0.000003 -0.130790 -0.209827 20.215118 -2.379610 0.000000 0.000009 -0.000000 -0.000001 0.000001 -6.148537 -0.175708 -3.130186 2.500283 -10.281923 45.253060 -2.627893 -0.000005 -0.000008 1.612578 -4.332255 49.089683 -2.122490 0.000017 -0.000005 -0.378858 -2.603567 43.266790 -1.792002 0.000002 0.000002 0.000001 -0.000002 -0.000001 7.556999 -4.826313 0.300478 -28.471184 -0.342211 1.304119 0.315534 -24.058294 0.537043 67.064323 2.618833 7.077238 -0.315537 -33.061478 0.084927 4.493386 0.182786 -0.860744 0.092046 -7.483318 10.511632 -5.994857 0.425113 -5.474219 0.082184 -0.046741 6.420124 -0.000001 -0.000000 0.000000 -7.557003 -4.826306 0.300484 -4.101856 -12.101552 9.621857 -0.315557 -24.058256 0.712181 12.317594 1.831905 -1.835713 0.315562 -33.061462 0.096916 -7.148552 -5.093193 -4.973681 -0.092060 -7.483411 10.296527 -2.773197 -0.000002 -0.000001 -0.082208 -0.046777 6.411405 -0.000000 -0.000000 -0.000000 
0.219347 68.685059 110.724838 -0.285095 9.949105 -3.536945 -0.000001 3.962386 -0.274314 2.603319 -0.672811 2.332733 0.000001 14.122135 -0.320022 1.656092 -2.278673 0.845950 0.000000 11.399152 -0.365733 -2.923703 -2.285056 0.251910 0.000000 9.938174 -0.411431 -3.367573 -1.151239 -0.983951 -0.000000 8.579116 0.114201 -1.349393 -3.841517 0.310223 0.000000 25.089088 0.333908 -0.000000 0.000000 -0.000000 4.224101 8.888440 -0.424614 8.280039 -20.929231 3.137780 1.625316 4.497742 -76.980269 0.000011 -36.305099 0.000006 19.884209 -19.957143 5.430811 2.354134 -1.272457 1.802822 28.897513 8.894104 20.768607 1.999429 -1.154373 1.154374 -8.690638 18.041873 -12.337710 2.113314 -1.220119 1.220122 7.946593 -11.221933 1.406953 1.744290 -1.007034 1.007056 -0.000001 -0.000000 -0.000003 7.198479 -0.169237 1.742685 0.321249 3.500377 3.987061 2.844903 -0.000006 -0.000001 0.265683 2.465269 -16.816388 2.665505 -0.000019 0.000002 -0.020309 0.178482 -3.850820 2.297409 -0.000006 -0.000012 0.000000 0.000001 0.000000 6.876539 -0.000006 -0.000005 0.605069 7.624338 -16.487696 3.256827 0.000016 -0.000001 0.612746 3.443009 -27.102869 3.177892 -0.000010 -0.000002 0.271804 1.846630 -15.987009 2.695116 -0.000016 -0.000006 0.000000 0.000002 0.000003 6.623896 -0.059441 -1.696965 0.876768 8.006425 -34.399681 2.957999 -0.000007 0.000004 0.422035 2.000717 -17.172535 2.756902 0.000009 0.000002 0.298778 1.211759 -12.585002 2.334610 0.000011 0.000001 -0.000001 -0.000001 -0.000000 6.046968 -0.139187 -3.244340 3.587798 13.517598 -31.386116 2.623707 0.000009 0.000000 0.487203 2.680653 -29.100803 2.132117 0.000004 -0.000007 0.074785 1.530304 -6.724068 1.793219 0.000012 0.000000 -0.000003 -0.000001 0.000001 -4.224098 8.888414 -0.398196 -0.855008 5.246475 5.396786 22.093493 -2.727992 73.794723 -0.000020 32.516779 -0.000006 25.457271 8.380624 4.049675 -2.342537 -1.287619 1.805307 12.593951 -8.153694 -17.222421 -1.998870 -1.154047 1.154042 6.064830 -5.313234 -13.324095 -2.115646 -1.221473 1.221462 -13.753601 7.447206 9.069843 -1.745166 -1.007569 1.007566 -0.000001 -0.000011 -0.000001 -7.289624 -0.160562 1.788520 -0.934042 0.803122 10.773192 -2.816291 -0.000008 -0.000007 0.637324 -3.394051 26.746406 -2.639583 -0.000007 0.000007 -0.167847 -0.590567 17.433254 -2.241501 -0.000006 0.000014 0.000002 0.000002 0.000000 -7.060412 0.000008 0.000006 0.839964 -8.113515 23.112375 -3.340207 0.000003 0.000000 1.181246 -4.370036 38.023544 -3.056704 -0.000003 -0.000003 0.821945 -3.075371 31.081739 -2.639474 0.000000 -0.000009 -0.000001 0.000002 0.000000 -6.774590 0.049798 -1.636027 1.275984 -8.669401 41.005676 -2.923900 -0.000001 0.000013 0.713385 -2.594916 23.801116 -2.718001 -0.000011 0.000003 -0.130790 -0.209827 20.215118 -2.379610 0.000000 0.000009 -0.000000 -0.000001 0.000001 -6.148537 -0.175708 -3.130186 2.500283 -10.281923 45.253060 -2.627893 -0.000005 -0.000008 1.612578 -4.332255 49.089683 -2.122490 0.000017 -0.000005 -0.378858 -2.603567 43.266790 -1.792002 0.000002 0.000002 0.000001 -0.000002 -0.000001 7.556999 -4.826313 0.300478 -28.471184 -0.342211 1.304119 0.315534 -24.058294 0.537043 67.064323 2.618833 7.077238 -0.315537 -33.061478 0.084927 4.493386 0.182786 -0.860744 0.092046 -7.483318 10.511632 -5.994857 0.425113 -5.474219 0.082184 -0.046741 6.420124 -0.000001 -0.000000 0.000000 -7.557003 -4.826306 0.300484 -4.101856 -12.101552 9.621857 -0.315557 -24.058256 0.712181 12.317594 1.831905 -1.835713 0.315562 -33.061462 0.096916 -7.148552 -5.093193 -4.973681 -0.092060 -7.483411 10.296527 -2.773197 -0.000002 -0.000001 -0.082208 -0.046777 6.411405 -0.000000 -0.000000 -0.000000 
0.219347 68.685059 110.724838 -0.285095 9.949105 -3.536945 -0.000001 3.962386 -0.274314 2.603319 -0.672811 2.332733 0.000001 14.122135 -0.320022 1.656092 -2.278673 0.845950 0.000000 11.399152 -0.365733 -2.923703 -2.285056 0.251910 0.000000 9.938174 -0.411431 -3.367573 -1.151239 -0.983951 -0.000000 8.579116 0.114201 -1.349393 -3.841517 0.310223 0.000000 25.089088 0.333908 -0.000000 0.000000 -0.000000 4.224101 8.888440 -0.424614 8.280039 -20.929231 3.137780 1.625316 4.497742 -76.980269 0.000011 -36.305099 0.000006 19.884209 -19.957143 5.430811 2.354134 -1.272457 1.802822 28.897513 8.894104 20.768607 1.999429 -1.154373 1.154374 -8.690638 18.041873 -12.337710 2.113314 -1.220119 1.220122 7.946593 -11.221933 1.406953 1.744290 -1.007034 1.007056 -0.000001 -0.000000 -0.000003 7.198479 -0.169237 1.742685 0.321249 3.500377 3.987061 2.844903 -0.000006 -0.000001 0.265683 2.465269 -16.816388 2.665505 -0.000019 0.000002 -0.020309 0.178482 -3.850820 2.297409 -0.000006 -0.000012 0.000000 0.000001 0.000000 6.876539 -0.000006 -0.000005 0.605069 7.624338 -16.487696 3.256827 0.000016 -0.000001 0.612746 3.443009 -27.102869 3.177892 -0.000010 -0.000002 0.271804 1.846630 -15.987009 2.695116 -0.000016 -0.000006 0.000000 0.000002 0.000003 6.623896 -0.059441 -1.696965 0.876768 8.006425 -34.399681 2.957999 -0.000007 0.000004 0.422035 2.000717 -17.172535 2.756902 0.000009 0.000002 0.298778 1.211759 -12.585002 2.334610 0.000011 0.000001 -0.000001 -0.000001 -0.000000 6.046968 -0.139187 -3.244340 3.587798 13.517598 -31.386116 2.623707 0.000009 0.000000 0.487203 2.680653 -29.100803 2.132117 0.000004 -0.000007 0.074785 1.530304 -6.724068 1.793219 0.000012 0.000000 -0.000003 -0.000001 0.000001 -4.224098 8.888414 -0.398196 -0.855008 5.246475 5.396786 22.093493 -2.727992 73.794723 -0.000020 32.516779 -0.000006 25.457271 8.380624 4.049675 -2.342537 -1.287619 1.805307 12.593951 -8.153694 -17.222421 -1.998870 -1.154047 1.154042 6.064830 -5.313234 -13.324095 -2.115646 -1.221473 1.221462 -13.753601 7.447206 9.069843 -1.745166 -1.007569 1.007566 -0.000001 -0.000011 -0.000001 -7.289624 -0.160562 1.788520 -0.934042 0.803122 10.773192 -2.816291 -0.000008 -0.000007 0.637324 -3.394051 26.746406 -2.639583 -0.000007 0.000007 -0.167847 -0.590567 17.433254 -2.241501 -0.000006 0.000014 0.000002 0.000002 0.000000 -7.060412 0.000008 0.000006 0.839964 -8.113515 23.112375 -3.340207 0.000003 0.000000 1.181246 -4.370036 38.023544 -3.056704 -0.000003 -0.000003 0.821945 -3.075371 31.081739 -2.639474 0.000000 -0.000009 -0.000001 0.000002 0.000000 -6.774590 0.049798 -1.636027 1.275984 -8.669401 41.005676 -2.923900 -0.000001 0.000013 0.713385 -2.594916 23.801116 -2.718001 -0.000011 0.000003 -0.130790 -0.209827 20.215118 -2.379610 0.000000 0.000009 -0.000000 -0.000001 0.000001 -6.148537 -0.175708 -3.130186 2.500283 -10.281923 45.253060 -2.627893 -0.000005 -0.000008 1.612578 -4.332255 49.089683 -2.122490 0.000017 -0.000005 -0.378858 -2.603567 43.266790 -1.792002 0.000002 0.000002 0.000001 -0.000002 -0.000001 7.556999 -4.826313 0.300478 -28.471184 -0.342211 1.304119 0.315534 -24.058294 0.537043 67.064323 2.618833 7.077238 -0.315537 -33.061478 0.084927 4.493386 0.182786 -0.860744 0.092046 -7.483318 10.511632 -5.994857 0.425113 -5.474219 0.082184 -0.046741 6.420124 -0.000001 -0.000000 0.000000 -7.557003 -4.826306 0.300484 -4.101856 -12.101552 9.621857 -0.315557 -24.058256 0.712181 12.317594 1.831905 -1.835713 0.315562 -33.061462 0.096916 -7.148552 -5.093193 -4.973681 -0.092060 -7.483411 10.296527 -2.773197 -0.000002 -0.000001 -0.082208 -0.046777 6.411405 -0.000000 -0.000000 -0.000000 
0.219347 68.685059 110.724838 -0.285095 9.949105 -3.536945 -0.000001 3.962386 -0.274314 2.603319 -0.672811 2.332733 0.000001 14.122135 -0.320022 1.656092 -2.278673 0.845950 0.000000 11.399152 -0.365733 -2.923703 -2.285056 0.251910 0.000000 9.938174 -0.411431 -3.367573 -1.151239 -0.983951 -0.000000 8.579116 0.114201 -1.349393 -3.841517 0.310223 0.000000 25.089088 0.333908 -0.000000 0.000000 -0.000000 4.224101 8.888440 -0.424614 8.280039 -20.929231 3.137780 1.625316 4.497742 -76.980269 0.000011 -36.305099 0.000006 19.884209 -19.957143 5.430811 2.354134 -1.272457 1.802822 28.897513 8.894104 20.768607 1.999429 -1.154373 1.154374 -8.690638 18.041873 -12.337710 2.113314 -1.220119 1.220122 7.946593 -11.221933 1.406953 1.744290 -1.007034 1.007056 -0.000001 -0.000000 -0.000003 7.198479 -0.169237 1.742685 0.321249 3.500377 3.987061 2.844903 -0.000006 -0.000001 0.265683 2.465269 -16.816388 2.665505 -0.000019 0.000002 -0.020309 0.178482 -3.850820 2.297409 -0.000006 -0.000012 0.000000 0.000001 0.000000 6.876539 -0.000006 -0.000005 0.605069 7.624338 -16.487696 3.256827 0.000016 -0.000001 0.612746 3.443009 -27.102869 3.177892 -0.000010 -0.000002 0.271804 1.846630 -15.987009 2.695116 -0.000016 -0.000006 0.000000 0.000002 0.000003 6.623896 -0.059441 -1.696965 0.876768 8.006425 -34.399681 2.957999 -0.000007 0.000004 0.422035 2.000717 -17.172535 2.756902 0.000009 0.000002 0.298778 1.211759 -12.585002 2.334610 0.000011 0.000001 -0.000001 -0.000001 -0.000000 6.046968 -0.139187 -3.244340 3.587798 13.517598 -31.386116 2.623707 0.000009 0.000000 0.487203 2.680653 -29.100803 2.132117 0.000004 -0.000007 0.074785 1.530304 -6.724068 1.793219 0.000012 0.000000 -0.000003 -0.000001 0.000001 -4.224098 8.888414 -0.398196 -0.855008 5.246475 5.396786 22.093493 -2.727992 73.794723 -0.000020 32.516779 -0.000006 25.457271 8.380624 4.049675 -2.342537 -1.287619 1.805307 12.593951 -8.153694 -17.222421 -1.998870 -1.154047 1.154042 6.064830 -5.313234 -13.324095 -2.115646 -1.221473 1.221462 -13.753601 7.447206 9.069843 -1.745166 -1.007569 1.007566 -0.000001 -0.000011 -0.000001 -7.289624 -0.160562 1.788520 -0.934042 0.803122 10.773192 -2.816291 -0.000008 -0.000007 0.637324 -3.394051 26.746406 -2.639583 -0.000007 0.000007 -0.167847 -0.590567 17.433254 -2.241501 -0.000006 0.000014 0.000002 0.000002 0.000000 -7.060412 0.000008 0.000006 0.839964 -8.113515 23.112375 -3.340207 0.000003 0.000000 1.181246 -4.370036 38.023544 -3.056704 -0.000003 -0.000003 0.821945 -3.075371 31.081739 -2.639474 0.000000 -0.000009 -0.000001 0.000002 0.000000 -6.774590 0.049798 -1.636027 1.275984 -8.669401 41.005676 -2.923900 -0.000001 0.000013 0.713385 -2.594916 23.801116 -2.718001 -0.000011 0.000003 -0.130790 -0.209827 20.215118 -2.379610 0.000000 0.000009 -0.000000 -0.000001 0.000001 -6.148537 -0.175708 -3.130186 2.500283 -10.281923 45.253060 -2.627893 -0.000005 -0.000008 1.612578 -4.332255 49.089683 -2.122490 0.000017 -0.000005 -0.378858 -2.603567 43.266790 -1.792002 0.000002 0.000002 0.000001 -0.000002 -0.000001 7.556999 -4.826313 0.300478 -28.471184 -0.342211 1.304119 0.315534 -24.058294 0.537043 67.064323 2.618833 7.077238 -0.315537 -33.061478 0.084927 4.493386 0.182786 -0.860744 0.092046 -7.483318 10.511632 -5.994857 0.425113 -5.474219 0.082184 -0.046741 6.420124 -0.000001 -0.000000 0.000000 -7.557003 -4.826306 0.300484 -4.101856 -12.101552 9.621857 -0.315557 -24.058256 0.712181 12.317594 1.831905 -1.835713 0.315562 -33.061462 0.096916 -7.148552 -5.093193 -4.973681 -0.092060 -7.483411 10.296527 -2.773197 -0.000002 -0.000001 -0.082208 -0.046777 6.411405 -0.000000 -0.000000 -0.000000 
0.219347 68.685059 110.724838 -0.285095 9.949105 -3.536945 -0.000001 3.962386 -0.274314 2.603319 -0.672811 2.332733 0.000001 14.122135 -0.320022 1.656092 -2.278673 0.845950 0.000000 11.399152 -0.365733 -2.923703 -2.285056 0.251910 0.000000 9.938174 -0.411431 -3.367573 -1.151239 -0.983951 -0.000000 8.579116 0.114201 -1.349393 -3.841517 0.310223 0.000000 25.089088 0.333908 -0.000000 0.000000 -0.000000 4.224101 8.888440 -0.424614 8.280039 -20.929231 3.137780 1.625316 4.497742 -76.980269 0.000011 -36.305099 0.000006 19.884209 -19.957143 5.430811 2.354134 -1.272457 1.802822 28.897513 8.894104 20.768607 1.999429 -1.154373 1.154374 -8.690638 18.041873 -12.337710 2.113314 -1.220119 1.220122 7.946593 -11.221933 1.406953 1.744290 -1.007034 1.007056 -0.000001 -0.000000 -0.000003 7.198479 -0.169237 1.742685 0.321249 3.500377 3.987061 2.844903 -0.000006 -0.000001 0.265683 2.465269 -16.816388 2.665505 -0.000019 0.000002 -0.020309 0.178482 -3.850820 2.297409 -0.000006 -0.000012 0.000000 0.000001 0.000000 6.876539 -0.000006 -0.000005 0.605069 7.624338 -16.487696 3.256827 0.000016 -0.000001 0.612746 3.443009 -27.102869 3.177892 -0.000010 -0.000002 0.271804 1.846630 -15.987009 2.695116 -0.000016 -0.000006 0.000000 0.000002 0.000003 6.623896 -0.059441 -1.696965 0.876768 8.006425 -34.399681 2.957999 -0.000007 0.000004 0.422035 2.000717 -17.172535 2.756902 0.000009 0.000002 0.298778 1.211759 -12.585002 2.334610 0.000011 0.000001 -0.000001 -0.000001 -0.000000 6.046968 -0.139187 -3.244340 3.587798 13.517598 -31.386116 2.623707 0.000009 0.000000 0.487203 2.680653 -29.100803 2.132117 0.000004 -0.000007 0.074785 1.530304 -6.724068 1.793219 0.000012 0.000000 -0.000003 -0.000001 0.000001 -4.224098 8.888414 -0.398196 -0.855008 5.246475 5.396786 22.093493 -2.727992 73.794723 -0.000020 32.516779 -0.000006 25.457271 8.380624 4.049675 -2.342537 -1.287619 1.805307 12.593951 -8.153694 -17.222421 -1.998870 -1.154047 1.154042 6.064830 -5.313234 -13.324095 -2.115646 -1.221473 1.221462 -13.753601 7.447206 9.069843 -1.745166 -1.007569 1.007566 -0.000001 -0.000011 -0.000001 -7.289624 -0.160562 1.788520 -0.934042 0.803122 10.773192 -2.816291 -0.000008 -0.000007 0.637324 -3.394051 26.746406 -2.639583 -0.000007 0.000007 -0.167847 -0.590567 17.433254 -2.241501 -0.000006 0.000014 0.000002 0.000002 0.000000 -7.060412 0.000008 0.000006 0.839964 -8.113515 23.112375 -3.340207 0.000003 0.000000 1.181246 -4.370036 38.023544 -3.056704 -0.000003 -0.000003 0.821945 -3.075371 31.081739 -2.639474 0.000000 -0.000009 -0.000001 0.000002 0.000000 -6.774590 0.049798 -1.636027 1.275984 -8.669401 41.005676 -2.923900 -0.000001 0.000013 0.713385 -2.594916 23.801116 -2.718001 -0.000011 0.000003 -0.130790 -0.209827 20.215118 -2.379610 0.000000 0.000009 -0.000000 -0.000001 0.000001 -6.148537 -0.175708 -3.130186 2.500283 -10.281923 45.253060 -2.627893 -0.000005 -0.000008 1.612578 -4.332255 49.089683 -2.122490 0.000017 -0.000005 -0.378858 -2.603567 43.266790 -1.792002 0.000002 0.000002 0.000001 -0.000002 -0.000001 7.556999 -4.826313 0.300478 -28.471184 -0.342211 1.304119 0.315534 -24.058294 0.537043 67.064323 2.618833 7.077238 -0.315537 -33.061478 0.084927 4.493386 0.182786 -0.860744 0.092046 -7.483318 10.511632 -5.994857 0.425113 -5.474219 0.082184 -0.046741 6.420124 -0.000001 -0.000000 0.000000 -7.557003 -4.826306 0.300484 -4.101856 -12.101552 9.621857 -0.315557 -24.058256 0.712181 12.317594 1.831905 -1.835713 0.315562 -33.061462 0.096916 -7.148552 -5.093193 -4.973681 -0.092060 -7.483411 10.296527 -2.773197 -0.000002 -0.000001 -0.082208 -0.046777 6.411405 -0.000000 -0.000000 -0.000000 
0.219347 68.685059 110.724838 -0.285095 9.949105 -3.536945 -0.000001 3.962386 -0.274314 2.603319 -0.672811 2.332733 0.000001 14.122135 -0.320022 1.656092 -2.278673 0.845950 0.000000 11.399152 -0.365733 -2.923703 -2.285056 0.251910 0.000000 9.938174 -0.411431 -3.367573 -1.151239 -0.983951 -0.000000 8.579116 0.114201 -1.349393 -3.841517 0.310223 0.000000 25.089088 0.333908 -0.000000 0.000000 -0.000000 4.224101 8.888440 -0.424614 8.280039 -20.929231 3.137780 1.625316 4.497742 -76.980269 0.000011 -36.305099 0.000006 19.884209 -19.957143 5.430811 2.354134 -1.272457 1.802822 28.897513 8.894104 20.768607 1.999429 -1.154373 1.154374 -8.690638 18.041873 -12.337710 2.113314 -1.220119 1.220122 7.946593 -11.221933 1.406953 1.744290 -1.007034 1.007056 -0.000001 -0.000000 -0.000003 7.198479 -0.169237 1.742685 0.321249 3.500377 3.987061 2.844903 -0.000006 -0.000001 0.265683 2.465269 -16.816388 2.665505 -0.000019 0.000002 -0.020309 0.178482 -3.850820 2.297409 -0.000006 -0.000012 0.000000 0.000001 0.000000 6.876539 -0.000006 -0.000005 0.605069 7.624338 -16.487696 3.256827 0.000016 -0.000001 0.612746 3.443009 -27.102869 3.177892 -0.000010 -0.000002 0.271804 1.846630 -15.987009 2.695116 -0.000016 -0.000006 0.000000 0.000002 0.000003 6.623896 -0.059441 -1.696965 0.876768 8.006425 -34.399681 2.957999 -0.000007 0.000004 0.422035 2.000717 -17.172535 2.756902 0.000009 0.000002 0.298778 1.211759 -12.585002 2.334610 0.000011 0.000001 -0.000001 -0.000001 -0.000000 6.046968 -0.139187 -3.244340 3.587798 13.517598 -31.386116 2.623707 0.000009 0.000000 0.487203 2.680653 -29.100803 2.132117 0.000004 -0.000007 0.074785 1.530304 -6.724068 1.793219 0.000012 0.000000 -0.000003 -0.000001 0.000001 -4.224098 8.888414 -0.398196 -0.855008 5.246475 5.396786 22.093493 -2.727992 73.794723 -0.000020 32.516779 -0.000006 25.457271 8.380624 4.049675 -2.342537 -1.287619 1.805307 12.593951 -8.153694 -17.222421 -1.998870 -1.154047 1.154042 6.064830 -5.313234 -13.324095 -2.115646 -1.221473 1.221462 -13.753601 7.447206 9.069843 -1.745166 -1.007569 1.007566 -0.000001 -0.000011 -0.000001 -7.289624 -0.160562 1.788520 -0.934042 0.803122 10.773192 -2.816291 -0.000008 -0.000007 0.637324 -3.394051 26.746406 -2.639583 -0.000007 0.000007 -0.167847 -0.590567 17.433254 -2.241501 -0.000006 0.000014 0.000002 0.000002 0.000000 -7.060412 0.000008 0.000006 0.839964 -8.113515 23.112375 -3.340207 0.000003 0.000000 1.181246 -4.370036 38.023544 -3.056704 -0.000003 -0.000003 0.821945 -3.075371 31.081739 -2.639474 0.000000 -0.000009 -0.000001 0.000002 0.000000 -6.774590 0.049798 -1.636027 1.275984 -8.669401 41.005676 -2.923900 -0.000001 0.000013 0.713385 -2.594916 23.801116 -2.718001 -0.000011 0.000003 -0.130790 -0.209827 20.215118 -2.379610 0.000000 0.000009 -0.000000 -0.000001 0.000001 -6.148537 -0.175708 -3.130186 2.500283 -10.281923 45.253060 -2.627893 -0.000005 -0.000008 1.612578 -4.332255 49.089683 -2.122490 0.000017 -0.000005 -0.378858 -2.603567 43.266790 -1.792002 0.000002 0.000002 0.000001 -0.000002 -0.000001 7.556999 -4.826313 0.300478 -28.471184 -0.342211 1.304119 0.315534 -24.058294 0.537043 67.064323 2.618833 7.077238 -0.315537 -33.061478 0.084927 4.493386 0.182786 -0.860744 0.092046 -7.483318 10.511632 -5.994857 0.425113 -5.474219 0.082184 -0.046741 6.420124 -0.000001 -0.000000 0.000000 -7.557003 -4.826306 0.300484 -4.101856 -12.101552 9.621857 -0.315557 -24.058256 0.712181 12.317594 1.831905 -1.835713 0.315562 -33.061462 0.096916 -7.148552 -5.093193 -4.973681 -0.092060 -7.483411 10.296527 -2.773197 -0.000002 -0.000001 -0.082208 -0.046777 6.411405 -0.000000 -0.000000 -0.000000 
0.219347 68.685059 110.724838 -0.285095 9.949105 -3.536945 -0.000001 3.962386 -0.274314 2.603319 -0.672811 2.332733 0.000001 14.122135 -0.320022 1.656092 -2.278673 0.845950 0.000000 11.399152 -0.365733 -2.923703 -2.285056 0.251910 0.000000 9.938174 -0.411431 -3.367573 -1.151239 -0.983951 -0.000000 8.579116 0.114201 -1.349393 -3.841517 0.310223 0.000000 25.089088 0.333908 -0.000000 0.000000 -0.000000 4.224101 8.888440 -0.424614 8.280039 -20.929231 3.137780 1.625316 4.497742 -76.980269 0.000011 -36.305099 0.000006 19.884209 -19.957143 5.430811 2.354134 -1.272457 1.802822 28.897513 8.894104 20.768607 1.999429 -1.154373 1.154374 -8.690638 18.041873 -12.337710 2.113314 -1.220119 1.220122 7.946593 -11.221933 1.406953 1.744290 -1.007034 1.007056 -0.000001 -0.000000 -0.000003 7.198479 -0.169237 1.742685 0.321249 3.500377 3.987061 2.844903 -0.000006 -0.000001 0.265683 2.465269 -16.816388 2.665505 -0.000019 0.000002 -0.020309 0.178482 -3.850820 2.297409 -0.000006 -0.000012 0.000000 0.000001 0.000000 6.876539 -0.000006 -0.000005 0.605069 7.624338 -16.487696 3.256827 0.000016 -0.000001 0.612746 3.443009 -27.102869 3.177892 -0.000010 -0.000002 0.271804 1.846630 -15.987009 2.695116 -0.000016 -0.000006 0.000000 0.000002 0.000003 6.623896 -0.059441 -1.696965 0.876768 8.006425 -34.399681 2.957999 -0.000007 0.000004 0.422035 2.000717 -17.172535 2.756902 0.000009 0.000002 0.298778 1.211759 -12.585002 2.334610 0.000011 0.000001 -0.000001 -0.000001 -0.000000 6.046968 -0.139187 -3.244340 3.587798 13.517598 -31.386116 2.623707 0.000009 0.000000 0.487203 2.680653 -29.100803 2.132117 0.000004 -0.000007 0.074785 1.530304 -6.724068 1.793219 0.000012 0.000000 -0.000003 -0.000001 0.000001 -4.224098 8.888414 -0.398196 -0.855008 5.246475 5.396786 22.093493 -2.727992 73.794723 -0.000020 32.516779 -0.000006 25.457271 8.380624 4.049675 -2.342537 -1.287619 1.805307 12.593951 -8.153694 -17.222421 -1.998870 -1.154047 1.154042 6.064830 -5.313234 -13.324095 -2.115646 -1.221473 1.221462 -13.753601 7.447206 9.069843 -1.745166 -1.007569 1.007566 -0.000001 -0.000011 -0.000001 -7.289624 -0.160562 1.788520 -0.934042 0.803122 10.773192 -2.816291 -0.000008 -0.000007 0.637324 -3.394051 26.746406 -2.639583 -0.000007 0.000007 -0.167847 -0.590567 17.433254 -2.241501 -0.000006 0.000014 0.000002 0.000002 0.000000 -7.060412 0.000008 0.000006 0.839964 -8.113515 23.112375 -3.340207 0.000003 0.000000 1.181246 -4.370036 38.023544 -3.056704 -0.000003 -0.000003 0.821945 -3.075371 31.081739 -2.639474 0.000000 -0.000009 -0.000001 0.000002 0.000000 -6.774590 0.049798 -1.636027 1.275984 -8.669401 41.005676 -2.923900 -0.000001 0.000013 0.713385 -2.594916 23.801116 -2.718001 -0.000011 0.000003 -0.130790 -0.209827 20.215118 -2.379610 0.000000 0.000009 -0.000000 -0.000001 0.000001 -6.148537 -0.175708 -3.130186 2.500283 -10.281923 45.253060 -2.627893 -0.000005 -0.000008 1.612578 -4.332255 49.089683 -2.122490 0.000017 -0.000005 -0.378858 -2.603567 43.266790 -1.792002 0.000002 0.000002 0.000001 -0.000002 -0.000001 7.556999 -4.826313 0.300478 -28.471184 -0.342211 1.304119 0.315534 -24.058294 0.537043 67.064323 2.618833 7.077238 -0.315537 -33.061478 0.084927 4.493386 0.182786 -0.860744 0.092046 -7.483318 10.511632 -5.994857 0.425113 -5.474219 0.082184 -0.046741 6.420124 -0.000001 -0.000000 0.000000 -7.557003 -4.826306 0.300484 -4.101856 -12.101552 9.621857 -0.315557 -24.058256 0.712181 12.317594 1.831905 -1.835713 0.315562 -33.061462 0.096916 -7.148552 -5.093193 -4.973681 -0.092060 -7.483411 10.296527 -2.773197 -0.000002 -0.000001 -0.082208 -0.046777 6.411405 -0.000000 -0.000000 -0.000000 
0.219347 68.685059 110.724838 -0.285095 9.949105 -3.536945 -0.000001 3.962386 -0.274314 2.603319 -0.672811 2.332733 0.000001 14.122135 -0.320022 1.656092 -2.278673 0.845950 0.000000 11.399152 -0.365733 -2.923703 -2.285056 0.251910 0.000000 9.938174 -0.411431 -3.367573 -1.151239 -0.983951 -0.000000 8.579116 0.114201 -1.349393 -3.841517 0.310223 0.000000 25.089088 0.333908 -0.000000 0.000000 -0.000000 4.224101 8.888440 -0.424614 8.280039 -20.929231 3.137780 1.625316 4.497742 -76.980269 0.000011 -36.305099 0.000006 19.884209 -19.957143 5.430811 2.354134 -1.272457 1.802822 28.897513 8.894104 20.768607 1.999429 -1.154373 1.154374 -8.690638 18.041873 -12.337710 2.113314 -1.220119 1.220122 7.946593 -11.221933 1.406953 1.744290 -1.007034 1.007056 -0.000001 -0.000000 -0.000003 7.198479 -0.169237 1.742685 0.321249 3.500377 3.987061 2.844903 -0.000006 -0.000001 0.265683 2.465269 -16.816388 2.665505 -0.000019 0.000002 -0.020309 0.178482 -3.850820 2.297409 -0.000006 -0.000012 0.000000 0.000001 0.000000 6.876539 -0.000006 -0.000005 0.605069 7.624338 -16.487696 3.256827 0.000016 -0.000001 0.612746 3.443009 -27.102869 3.177892 -0.000010 -0.000002 0.271804 1.846630 -15.987009 2.695116 -0.000016 -0.000006 0.000000 0.000002 0.000003 6.623896 -0.059441 -1.696965 0.876768 8.006425 -34.399681 2.957999 -0.000007 0.000004 0.422035 2.000717 -17.172535 2.756902 0.000009 0.000002 0.298778 1.211759 -12.585002 2.334610 0.000011 0.000001 -0.000001 -0.000001 -0.000000 6.046968 -0.139187 -3.244340 3.587798 13.517598 -31.386116 2.623707 0.000009 0.000000 0.487203 2.680653 -29.100803 2.132117 0.000004 -0.000007 0.074785 1.530304 -6.724068 1.793219 0.000012 0.000000 -0.000003 -0.000001 0.000001 -4.224098 8.888414 -0.398196 -0.855008 5.246475 5.396786 22.093493 -2.727992 73.794723 -0.000020 32.516779 -0.000006 25.457271 8.380624 4.049675 -2.342537 -1.287619 1.805307 12.593951 -8.153694 -17.222421 -1.998870 -1.154047 1.154042 6.064830 -5.313234 -13.324095 -2.115646 -1.221473 1.221462 -13.753601 7.447206 9.069843 -1.745166 -1.007569 1.007566 -0.000001 -0.000011 -0.000001 -7.289624 -0.160562 1.788520 -0.934042 0.803122 10.773192 -2.816291 -0.000008 -0.000007 0.637324 -3.394051 26.746406 -2.639583 -0.000007 0.000007 -0.167847 -0.590567 17.433254 -2.241501 -0.000006 0.000014 0.000002 0.000002 0.000000 -7.060412 0.000008 0.000006 0.839964 -8.113515 23.112375 -3.340207 0.000003 0.000000 1.181246 -4.370036 38.023544 -3.056704 -0.000003 -0.000003 0.821945 -3.075371 31.081739 -2.639474 0.000000 -0.000009 -0.000001 0.000002 0.000000 -6.774590 0.049798 -1.636027 1.275984 -8.669401 41.005676 -2.923900 -0.000001 0.000013 0.713385 -2.594916 23.801116 -2.718001 -0.000011 0.000003 -0.130790 -0.209827 20.215118 -2.379610 0.000000 0.000009 -0.000000 -0.000001 0.000001 -6.148537 -0.175708 -3.130186 2.500283 -10.281923 45.253060 -2.627893 -0.000005 -0.000008 1.612578 -4.332255 49.089683 -2.122490 0.000017 -0.000005 -0.378858 -2.603567 43.266790 -1.792002 0.000002 0.000002 0.000001 -0.000002 -0.000001 7.556999 -4.826313 0.300478 -28.471184 -0.342211 1.304119 0.315534 -24.058294 0.537043 67.064323 2.618833 7.077238 -0.315537 -33.061478 0.084927 4.493386 0.182786 -0.860744 0.092046 -7.483318 10.511632 -5.994857 0.425113 -5.474219 0.082184 -0.046741 6.420124 -0.000001 -0.000000 0.000000 -7.557003 -4.826306 0.300484 -4.101856 -12.101552 9.621857 -0.315557 -24.058256 0.712181 12.317594 1.831905 -1.835713 0.315562 -33.061462 0.096916 -7.148552 -5.093193 -4.973681 -0.092060 -7.483411 10.296527 -2.773197 -0.000002 -0.000001 -0.082208 -0.046777 6.411405 -0.000000 -0.000000 -0.000000 
0.219347 68.685059 110.724838 -0.285095 9.949105 -3.536945 -0.000001 3.962386 -0.274314 2.603319 -0.672811 2.332733 0.000001 14.122135 -0.320022 1.656092 -2.278673 0.845950 0.000000 11.399152 -0.365733 -2.923703 -2.285056 0.251910 0.000000 9.938174 -0.411431 -3.367573 -1.151239 -0.983951 -0.000000 8.579116 0.114201 -1.349393 -3.841517 0.310223 0.000000 25.089088 0.333908 -0.000000 0.000000 -0.000000 4.224101 8.888440 -0.424614 8.280039 -20.929231 3.137780 1.625316 4.497742 -76.980269 0.000011 -36.305099 0.000006 19.884209 -19.957143 5.430811 2.354134 -1.272457 1.802822 28.897513 8.894104 20.768607 1.999429 -1.154373 1.154374 -8.690638 18.041873 -12.337710 2.113314 -1.220119 1.220122 7.946593 -11.221933 1.406953 1.744290 -1.007034 1.007056 -0.000001 -0.000000 -0.000003 7.198479 -0.169237 1.742685 0.321249 3.500377 3.987061 2.844903 -0.000006 -0.000001 0.265683 2.465269 -16.816388 2.665505 -0.000019 0.000002 -0.020309 0.178482 -3.850820 2.297409 -0.000006 -0.000012 0.000000 0.000001 0.000000 6.876539 -0.000006 -0.000005 0.605069 7.624338 -16.487696 3.256827 0.000016 -0.000001 0.612746 3.443009 -27.102869 3.177892 -0.000010 -0.000002 0.271804 1.846630 -15.987009 2.695116 -0.000016 -0.000006 0.000000 0.000002 0.000003 6.623896 -0.059441 -1.696965 0.876768 8.006425 -34.399681 2.957999 -0.000007 0.000004 0.422035 2.000717 -17.172535 2.756902 0.000009 0.000002 0.298778 1.211759 -12.585002 2.334610 0.000011 0.000001 -0.000001 -0.000001 -0.000000 6.046968 -0.139187 -3.244340 3.587798 13.517598 -31.386116 2.623707 0.000009 0.000000 0.487203 2.680653 -29.100803 2.132117 0.000004 -0.000007 0.074785 1.530304 -6.724068 1.793219 0.000012 0.000000 -0.000003 -0.000001 0.000001 -4.224098 8.888414 -0.398196 -0.855008 5.246475 5.396786 22.093493 -2.727992 73.794723 -0.000020 32.516779 -0.000006 25.457271 8.380624 4.049675 -2.342537 -1.287619 1.805307 12.593951 -8.153694 -17.222421 -1.998870 -1.154047 1.154042 6.064830 -5.313234 -13.324095 -2.115646 -1.221473 1.221462 -13.753601 7.447206 9.069843 -1.745166 -1.007569 1.007566 -0.000001 -0.000011 -0.000001 -7.289624 -0.160562 1.788520 -0.934042 0.803122 10.773192 -2.816291 -0.000008 -0.000007 0.637324 -3.394051 26.746406 -2.639583 -0.000007 0.000007 -0.167847 -0.590567 17.433254 -2.241501 -0.000006 0.000014 0.000002 0.000002 0.000000 -7.060412 0.000008 0.000006 0.839964 -8.113515 23.112375 -3.340207 0.000003 0.000000 1.181246 -4.370036 38.023544 -3.056704 -0.000003 -0.000003 0.821945 -3.075371 31.081739 -2.639474 0.000000 -0.000009 -0.000001 0.000002 0.000000 -6.774590 0.049798 -1.636027 1.275984 -8.669401 41.005676 -2.923900 -0.000001 0.000013 0.713385 -2.594916 23.801116 -2.718001 -0.000011 0.000003 -0.130790 -0.209827 20.215118 -2.379610 0.000000 0.000009 -0.000000 -0.000001 0.000001 -6.148537 -0.175708 -3.130186 2.500283 -10.281923 45.253060 -2.627893 -0.000005 -0.000008 1.612578 -4.332255 49.089683 -2.122490 0.000017 -0.000005 -0.378858 -2.603567 43.266790 -1.792002 0.000002 0.000002 0.000001 -0.000002 -0.000001 7.556999 -4.826313 0.300478 -28.471184 -0.342211 1.304119 0.315534 -24.058294 0.537043 67.064323 2.618833 7.077238 -0.315537 -33.061478 0.084927 4.493386 0.182786 -0.860744 0.092046 -7.483318 10.511632 -5.994857 0.425113 -5.474219 0.082184 -0.046741 6.420124 -0.000001 -0.000000 0.000000 -7.557003 -4.826306 0.300484 -4.101856 -12.101552 9.621857 -0.315557 -24.058256 0.712181 12.317594 1.831905 -1.835713 0.315562 -33.061462 0.096916 -7.148552 -5.093193 -4.973681 -0.092060 -7.483411 10.296527 -2.773197 -0.000002 -0.000001 -0.082208 -0.046777 6.411405 -0.000000 -0.000000 -0.000000 
0.219347 68.685059 110.724838 -0.285095 9.949105 -3.536945 -0.000001 3.962386 -0.274314 2.603319 -0.672811 2.332733 0.000001 14.122135 -0.320022 1.656092 -2.278673 0.845950 0.000000 11.399152 -0.365733 -2.923703 -2.285056 0.251910 0.000000 9.938174 -0.411431 -3.367573 -1.151239 -0.983951 -0.000000 8.579116 0.114201 -1.349393 -3.841517 0.310223 0.000000 25.089088 0.333908 -0.000000 0.000000 -0.000000 4.224101 8.888440 -0.424614 8.280039 -20.929231 3.137780 1.625316 4.497742 -76.980269 0.000011 -36.305099 0.000006 19.884209 -19.957143 5.430811 2.354134 -1.272457 1.802822 28.897513 8.894104 20.768607 1.999429 -1.154373 1.154374 -8.690638 18.041873 -12.337710 2.113314 -1.220119 1.220122 7.946593 -11.221933 1.406953 1.744290 -1.007034 1.007056 -0.000001 -0.000000 -0.000003 7.198479 -0.169237 1.742685 0.321249 3.500377 3.987061 2.844903 -0.000006 -0.000001 0.265683 2.465269 -16.816388 2.665505 -0.000019 0.000002 -0.020309 0.178482 -3.850820 2.297409 -0.000006 -0.000012 0.000000 0.000001 0.000000 6.876539 -0.000006 -0.000005 0.605069 7.624338 -16.487696 3.256827 0.000016 -0.000001 0.612746 3.443009 -27.102869 3.177892 -0.000010 -0.000002 0.271804 1.846630 -15.987009 2.695116 -0.000016 -0.000006 0.000000 0.000002 0.000003 6.623896 -0.059441 -1.696965 0.876768 8.006425 -34.399681 2.957999 -0.000007 0.000004 0.422035 2.000717 -17.172535 2.756902 0.000009 0.000002 0.298778 1.211759 -12.585002 2.334610 0.000011 0.000001 -0.000001 -0.000001 -0.000000 6.046968 -0.139187 -3.244340 3.587798 13.517598 -31.386116 2.623707 0.000009 0.000000 0.487203 2.680653 -29.100803 2.132117 0.000004 -0.000007 0.074785 1.530304 -6.724068 1.793219 0.000012 0.000000 -0.000003 -0.000001 0.000001 -4.224098 8.888414 -0.398196 -0.855008 5.246475 5.396786 22.093493 -2.727992 73.794723 -0.000020 32.516779 -0.000006 25.457271 8.380624 4.049675 -2.342537 -1.287619 1.805307 12.593951 -8.153694 -17.222421 -1.998870 -1.154047 1.154042 6.064830 -5.313234 -13.324095 -2.115646 -1.221473 1.221462 -13.753601 7.447206 9.069843 -1.745166 -1.007569 1.007566 -0.000001 -0.000011 -0.000001 -7.289624 -0.160562 1.788520 -0.934042 0.803122 10.773192 -2.816291 -0.000008 -0.000007 0.637324 -3.394051 26.746406 -2.639583 -0.000007 0.000007 -0.167847 -0.590567 17.433254 -2.241501 -0.000006 0.000014 0.000002 0.000002 0.000000 -7.060412 0.000008 0.000006 0.839964 -8.113515 23.112375 -3.340207 0.000003 0.000000 1.181246 -4.370036 38.023544 -3.056704 -0.000003 -0.000003 0.821945 -3.075371 31.081739 -2.639474 0.000000 -0.000009 -0.000001 0.000002 0.000000 -6.774590 0.049798 -1.636027 1.275984 -8.669401 41.005676 -2.923900 -0.000001 0.000013 0.713385 -2.594916 23.801116 -2.718001 -0.000011 0.000003 -0.130790 -0.209827 20.215118 -2.379610 0.000000 0.000009 -0.000000 -0.000001 0.000001 -6.148537 -0.175708 -3.130186 2.500283 -10.281923 45.253060 -2.627893 -0.000005 -0.000008 1.612578 -4.332255 49.089683 -2.122490 0.000017 -0.000005 -0.378858 -2.603567 43.266790 -1.792002 0.000002 0.000002 0.000001 -0.000002 -0.000001 7.556999 -4.826313 0.300478 -28.471184 -0.342211 1.304119 0.315534 -24.058294 0.537043 67.064323 2.618833 7.077238 -0.315537 -33.061478 0.084927 4.493386 0.182786 -0.860744 0.092046 -7.483318 10.511632 -5.994857 0.425113 -5.474219 0.082184 -0.046741 6.420124 -0.000001 -0.000000 0.000000 -7.557003 -4.826306 0.300484 -4.101856 -12.101552 9.621857 -0.315557 -24.058256 0.712181 12.317594 1.831905 -1.835713 0.315562 -33.061462 0.096916 -7.148552 -5.093193 -4.973681 -0.092060 -7.483411 10.296527 -2.773197 -0.000002 -0.000001 -0.082208 -0.046777 6.411405 -0.000000 -0.000000 -0.000000 
0.219347 68.685059 110.724838 -0.285095 9.949105 -3.536945 -0.000001 3.962386 -0.274314 2.603319 -0.672811 2.332733 0.000001 14.122135 -0.320022 1.656092 -2.278673 0.845950 0.000000 11.399152 -0.365733 -2.923703 -2.285056 0.251910 0.000000 9.938174 -0.411431 -3.367573 -1.151239 -0.983951 -0.000000 8.579116 0.114201 -1.349393 -3.841517 0.310223 0.000000 25.089088 0.333908 -0.000000 0.000000 -0.000000 4.224101 8.888440 -0.424614 8.280039 -20.929231 3.137780 1.625316 4.497742 -76.980269 0.000011 -36.305099 0.000006 19.884209 -19.957143 5.430811 2.354134 -1.272457 1.802822 28.897513 8.894104 20.768607 1.999429 -1.154373 1.154374 -8.690638 18.041873 -12.337710 2.113314 -1.220119 1.220122 7.946593 -11.221933 1.406953 1.744290 -1.007034 1.007056 -0.000001 -0.000000 -0.000003 7.198479 -0.169237 1.742685 0.321249 3.500377 3.987061 2.844903 -0.000006 -0.000001 0.265683 2.465269 -16.816388 2.665505 -0.000019 0.000002 -0.020309 0.178482 -3.850820 2.297409 -0.000006 -0.000012 0.000000 0.000001 0.000000 6.876539 -0.000006 -0.000005 0.605069 7.624338 -16.487696 3.256827 0.000016 -0.000001 0.612746 3.443009 -27.102869 3.177892 -0.000010 -0.000002 0.271804 1.846630 -15.987009 2.695116 -0.000016 -0.000006 0.000000 0.000002 0.000003 6.623896 -0.059441 -1.696965 0.876768 8.006425 -34.399681 2.957999 -0.000007 0.000004 0.422035 2.000717 -17.172535 2.756902 0.000009 0.000002 0.298778 1.211759 -12.585002 2.334610 0.000011 0.000001 -0.000001 -0.000001 -0.000000 6.046968 -0.139187 -3.244340 3.587798 13.517598 -31.386116 2.623707 0.000009 0.000000 0.487203 2.680653 -29.100803 2.132117 0.000004 -0.000007 0.074785 1.530304 -6.724068 1.793219 0.000012 0.000000 -0.000003 -0.000001 0.000001 -4.224098 8.888414 -0.398196 -0.855008 5.246475 5.396786 22.093493 -2.727992 73.794723 -0.000020 32.516779 -0.000006 25.457271 8.380624 4.049675 -2.342537 -1.287619 1.805307 12.593951 -8.153694 -17.222421 -1.998870 -1.154047 1.154042 6.064830 -5.313234 -13.324095 -2.115646 -1.221473 1.221462 -13.753601 7.447206 9.069843 -1.745166 -1.007569 1.007566 -0.000001 -0.000011 -0.000001 -7.289624 -0.160562 1.788520 -0.934042 0.803122 10.773192 -2.816291 -0.000008 -0.000007 0.637324 -3.394051 26.746406 -2.639583 -0.000007 0.000007 -0.167847 -0.590567 17.433254 -2.241501 -0.000006 0.000014 0.000002 0.000002 0.000000 -7.060412 0.000008 0.000006 0.839964 -8.113515 23.112375 -3.340207 0.000003 0.000000 1.181246 -4.370036 38.023544 -3.056704 -0.000003 -0.000003 0.821945 -3.075371 31.081739 -2.639474 0.000000 -0.000009 -0.000001 0.000002 0.000000 -6.774590 0.049798 -1.636027 1.275984 -8.669401 41.005676 -2.923900 -0.000001 0.000013 0.713385 -2.594916 23.801116 -2.718001 -0.000011 0.000003 -0.130790 -0.209827 20.215118 -2.379610 0.000000 0.000009 -0.000000 -0.000001 0.000001 -6.148537 -0.175708 -3.130186 2.500283 -10.281923 45.253060 -2.627893 -0.000005 -0.000008 1.612578 -4.332255 49.089683 -2.122490 0.000017 -0.000005 -0.378858 -2.603567 43.266790 -1.792002 0.000002 0.000002 0.000001 -0.000002 -0.000001 7.556999 -4.826313 0.300478 -28.471184 -0.342211 1.304119 0.315534 -24.058294 0.537043 67.064323 2.618833 7.077238 -0.315537 -33.061478 0.084927 4.493386 0.182786 -0.860744 0.092046 -7.483318 10.511632 -5.994857 0.425113 -5.474219 0.082184 -0.046741 6.420124 -0.000001 -0.000000 0.000000 -7.557003 -4.826306 0.300484 -4.101856 -12.101552 9.621857 -0.315557 -24.058256 0.712181 12.317594 1.831905 -1.835713 0.315562 -33.061462 0.096916 -7.148552 -5.093193 -4.973681 -0.092060 -7.483411 10.296527 -2.773197 -0.000002 -0.000001 -0.082208 -0.046777 6.411405 -0.000000 -0.000000 -0.000000 
0.219347 68.685059 110.724838 -0.285095 9.949105 -3.536945 -0.000001 3.962386 -0.274314 2.603319 -0.672811 2.332733 0.000001 14.122135 -0.320022 1.656092 -2.278673 0.845950 0.000000 11.399152 -0.365733 -2.923703 -2.285056 0.251910 0.000000 9.938174 -0.411431 -3.367573 -1.151239 -0.983951 -0.000000 8.579116 0.114201 -1.349393 -3.841517 0.310223 0.000000 25.089088 0.333908 -0.000000 0.000000 -0.000000 4.224101 8.888440 -0.424614 8.280039 -20.929231 3.137780 1.625316 4.497742 -76.980269 0.000011 -36.305099 0.000006 19.884209 -19.957143 5.430811 2.354134 -1.272457 1.802822 28.897513 8.894104 20.768607 1.999429 -1.154373 1.154374 -8.690638 18.041873 -12.337710 2.113314 -1.220119 1.220122 7.946593 -11.221933 1.406953 1.744290 -1.007034 1.007056 -0.000001 -0.000000 -0.000003 7.198479 -0.169237 1.742685 0.321249 3.500377 3.987061 2.844903 -0.000006 -0.000001 0.265683 2.465269 -16.816388 2.665505 -0.000019 0.000002 -0.020309 0.178482 -3.850820 2.297409 -0.000006 -0.000012 0.000000 0.000001 0.000000 6.876539 -0.000006 -0.000005 0.605069 7.624338 -16.487696 3.256827 0.000016 -0.000001 0.612746 3.443009 -27.102869 3.177892 -0.000010 -0.000002 0.271804 1.846630 -15.987009 2.695116 -0.000016 -0.000006 0.000000 0.000002 0.000003 6.623896 -0.059441 -1.696965 0.876768 8.006425 -34.399681 2.957999 -0.000007 0.000004 0.422035 2.000717 -17.172535 2.756902 0.000009 0.000002 0.298778 1.211759 -12.585002 2.334610 0.000011 0.000001 -0.000001 -0.000001 -0.000000 6.046968 -0.139187 -3.244340 3.587798 13.517598 -31.386116 2.623707 0.000009 0.000000 0.487203 2.680653 -29.100803 2.132117 0.000004 -0.000007 0.074785 1.530304 -6.724068 1.793219 0.000012 0.000000 -0.000003 -0.000001 0.000001 -4.224098 8.888414 -0.398196 -0.855008 5.246475 5.396786 22.093493 -2.727992 73.794723 -0.000020 32.516779 -0.000006 25.457271 8.380624 4.049675 -2.342537 -1.287619 1.805307 12.593951 -8.153694 -17.222421 -1.998870 -1.154047 1.154042 6.064830 -5.313234 -13.324095 -2.115646 -1.221473 1.221462 -13.753601 7.447206 9.069843 -1.745166 -1.007569 1.007566 -0.000001 -0.000011 -0.000001 -7.289624 -0.160562 1.788520 -0.934042 0.803122 10.773192 -2.816291 -0.000008 -0.000007 0.637324 -3.394051 26.746406 -2.639583 -0.000007 0.000007 -0.167847 -0.590567 17.433254 -2.241501 -0.000006 0.000014 0.000002 0.000002 0.000000 -7.060412 0.000008 0.000006 0.839964 -8.113515 23.112375 -3.340207 0.000003 0.000000 1.181246 -4.370036 38.023544 -3.056704 -0.000003 -0.000003 0.821945 -3.075371 31.081739 -2.639474 0.000000 -0.000009 -0.000001 0.000002 0.000000 -6.774590 0.049798 -1.636027 1.275984 -8.669401 41.005676 -2.923900 -0.000001 0.000013 0.713385 -2.594916 23.801116 -2.718001 -0.000011 0.000003 -0.130790 -0.209827 20.215118 -2.379610 0.000000 0.000009 -0.000000 -0.000001 0.000001 -6.148537 -0.175708 -3.130186 2.500283 -10.281923 45.253060 -2.627893 -0.000005 -0.000008 1.612578 -4.332255 49.089683 -2.122490 0.000017 -0.000005 -0.378858 -2.603567 43.266790 -1.792002 0.000002 0.000002 0.000001 -0.000002 -0.000001 7.556999 -4.826313 0.300478 -28.471184 -0.342211 1.304119 0.315534 -24.058294 0.537043 67.064323 2.618833 7.077238 -0.315537 -33.061478 0.084927 4.493386 0.182786 -0.860744 0.092046 -7.483318 10.511632 -5.994857 0.425113 -5.474219 0.082184 -0.046741 6.420124 -0.000001 -0.000000 0.000000 -7.557003 -4.826306 0.300484 -4.101856 -12.101552 9.621857 -0.315557 -24.058256 0.712181 12.317594 1.831905 -1.835713 0.315562 -33.061462 0.096916 -7.148552 -5.093193 -4.973681 -0.092060 -7.483411 10.296527 -2.773197 -0.000002 -0.000001 -0.082208 -0.046777 6.411405 -0.000000 -0.000000 -0.000000 
0.219347 68.685059 110.724838 -0.285095 9.949105 -3.536945 -0.000001 3.962386 -0.274314 2.603319 -0.672811 2.332733 0.000001 14.122135 -0.320022 1.656092 -2.278673 0.845950 0.000000 11.399152 -0.365733 -2.923703 -2.285056 0.251910 0.000000 9.938174 -0.411431 -3.367573 -1.151239 -0.983951 -0.000000 8.579116 0.114201 -1.349393 -3.841517 0.310223 0.000000 25.089088 0.333908 -0.000000 0.000000 -0.000000 4.224101 8.888440 -0.424614 8.280039 -20.929231 3.137780 1.625316 4.497742 -76.980269 0.000011 -36.305099 0.000006 19.884209 -19.957143 5.430811 2.354134 -1.272457 1.802822 28.897513 8.894104 20.768607 1.999429 -1.154373 1.154374 -8.690638 18.041873 -12.337710 2.113314 -1.220119 1.220122 7.946593 -11.221933 1.406953 1.744290 -1.007034 1.007056 -0.000001 -0.000000 -0.000003 7.198479 -0.169237 1.742685 0.321249 3.500377 3.987061 2.844903 -0.000006 -0.000001 0.265683 2.465269 -16.816388 2.665505 -0.000019 0.000002 -0.020309 0.178482 -3.850820 2.297409 -0.000006 -0.000012 0.000000 0.000001 0.000000 6.876539 -0.000006 -0.000005 0.605069 7.624338 -16.487696 3.256827 0.000016 -0.000001 0.612746 3.443009 -27.102869 3.177892 -0.000010 -0.000002 0.271804 1.846630 -15.987009 2.695116 -0.000016 -0.000006 0.000000 0.000002 0.000003 6.623896 -0.059441 -1.696965 0.876768 8.006425 -34.399681 2.957999 -0.000007 0.000004 0.422035 2.000717 -17.172535 2.756902 0.000009 0.000002 0.298778 1.211759 -12.585002 2.334610 0.000011 0.000001 -0.000001 -0.000001 -0.000000 6.046968 -0.139187 -3.244340 3.587798 13.517598 -31.386116 2.623707 0.000009 0.000000 0.487203 2.680653 -29.100803 2.132117 0.000004 -0.000007 0.074785 1.530304 -6.724068 1.793219 0.000012 0.000000 -0.000003 -0.000001 0.000001 -4.224098 8.888414 -0.398196 -0.855008 5.246475 5.396786 22.093493 -2.727992 73.794723 -0.000020 32.516779 -0.000006 25.457271 8.380624 4.049675 -2.342537 -1.287619 1.805307 12.593951 -8.153694 -17.222421 -1.998870 -1.154047 1.154042 6.064830 -5.313234 -13.324095 -2.115646 -1.221473 1.221462 -13.753601 7.447206 9.069843 -1.745166 -1.007569 1.007566 -0.000001 -0.000011 -0.000001 -7.289624 -0.160562 1.788520 -0.934042 0.803122 10.773192 -2.816291 -0.000008 -0.000007 0.637324 -3.394051 26.746406 -2.639583 -0.000007 0.000007 -0.167847 -0.590567 17.433254 -2.241501 -0.000006 0.000014 0.000002 0.000002 0.000000 -7.060412 0.000008 0.000006 0.839964 -8.113515 23.112375 -3.340207 0.000003 0.000000 1.181246 -4.370036 38.023544 -3.056704 -0.000003 -0.000003 0.821945 -3.075371 31.081739 -2.639474 0.000000 -0.000009 -0.000001 0.000002 0.000000 -6.774590 0.049798 -1.636027 1.275984 -8.669401 41.005676 -2.923900 -0.000001 0.000013 0.713385 -2.594916 23.801116 -2.718001 -0.000011 0.000003 -0.130790 -0.209827 20.215118 -2.379610 0.000000 0.000009 -0.000000 -0.000001 0.000001 -6.148537 -0.175708 -3.130186 2.500283 -10.281923 45.253060 -2.627893 -0.000005 -0.000008 1.612578 -4.332255 49.089683 -2.122490 0.000017 -0.000005 -0.378858 -2.603567 43.266790 -1.792002 0.000002 0.000002 0.000001 -0.000002 -0.000001 7.556999 -4.826313 0.300478 -28.471184 -0.342211 1.304119 0.315534 -24.058294 0.537043 67.064323 2.618833 7.077238 -0.315537 -33.061478 0.084927 4.493386 0.182786 -0.860744 0.092046 -7.483318 10.511632 -5.994857 0.425113 -5.474219 0.082184 -0.046741 6.420124 -0.000001 -0.000000 0.000000 -7.557003 -4.826306 0.300484 -4.101856 -12.101552 9.621857 -0.315557 -24.058256 0.712181 12.317594 1.831905 -1.835713 0.315562 -33.061462 0.096916 -7.148552 -5.093193 -4.973681 -0.092060 -7.483411 10.296527 -2.773197 -0.000002 -0.000001 -0.082208 -0.046777 6.411405 -0.000000 -0.000000 -0.000000 
0.219347 68.685059 110.724838 -0.285095 9.949105 -3.536945 -0.000001 3.962386 -0.274314 2.603319 -0.672811 2.332733 0.000001 14.122135 -0.320022 1.656092 -2.278673 0.845950 0.000000 11.399152 -0.365733 -2.923703 -2.285056 0.251910 0.000000 9.938174 -0.411431 -3.367573 -1.151239 -0.983951 -0.000000 8.579116 0.114201 -1.349393 -3.841517 0.310223 0.000000 25.089088 0.333908 -0.000000 0.000000 -0.000000 4.224101 8.888440 -0.424614 8.280039 -20.929231 3.137780 1.625316 4.497742 -76.980269 0.000011 -36.305099 0.000006 19.884209 -19.957143 5.430811 2.354134 -1.272457 1.802822 28.897513 8.894104 20.768607 1.999429 -1.154373 1.154374 -8.690638 18.041873 -12.337710 2.113314 -1.220119 1.220122 7.946593 -11.221933 1.406953 1.744290 -1.007034 1.007056 -0.000001 -0.000000 -0.000003 7.198479 -0.169237 1.742685 0.321249 3.500377 3.987061 2.844903 -0.000006 -0.000001 0.265683 2.465269 -16.816388 2.665505 -0.000019 0.000002 -0.020309 0.178482 -3.850820 2.297409 -0.000006 -0.000012 0.000000 0.000001 0.000000 6.876539 -0.000006 -0.000005 0.605069 7.624338 -16.487696 3.256827 0.000016 -0.000001 0.612746 3.443009 -27.102869 3.177892 -0.000010 -0.000002 0.271804 1.846630 -15.987009 2.695116 -0.000016 -0.000006 0.000000 0.000002 0.000003 6.623896 -0.059441 -1.696965 0.876768 8.006425 -34.399681 2.957999 -0.000007 0.000004 0.422035 2.000717 -17.172535 2.756902 0.000009 0.000002 0.298778 1.211759 -12.585002 2.334610 0.000011 0.000001 -0.000001 -0.000001 -0.000000 6.046968 -0.139187 -3.244340 3.587798 13.517598 -31.386116 2.623707 0.000009 0.000000 0.487203 2.680653 -29.100803 2.132117 0.000004 -0.000007 0.074785 1.530304 -6.724068 1.793219 0.000012 0.000000 -0.000003 -0.000001 0.000001 -4.224098 8.888414 -0.398196 -0.855008 5.246475 5.396786 22.093493 -2.727992 73.794723 -0.000020 32.516779 -0.000006 25.457271 8.380624 4.049675 -2.342537 -1.287619 1.805307 12.593951 -8.153694 -17.222421 -1.998870 -1.154047 1.154042 6.064830 -5.313234 -13.324095 -2.115646 -1.221473 1.221462 -13.753601 7.447206 9.069843 -1.745166 -1.007569 1.007566 -0.000001 -0.000011 -0.000001 -7.289624 -0.160562 1.788520 -0.934042 0.803122 10.773192 -2.816291 -0.000008 -0.000007 0.637324 -3.394051 26.746406 -2.639583 -0.000007 0.000007 -0.167847 -0.590567 17.433254 -2.241501 -0.000006 0.000014 0.000002 0.000002 0.000000 -7.060412 0.000008 0.000006 0.839964 -8.113515 23.112375 -3.340207 0.000003 0.000000 1.181246 -4.370036 38.023544 -3.056704 -0.000003 -0.000003 0.821945 -3.075371 31.081739 -2.639474 0.000000 -0.000009 -0.000001 0.000002 0.000000 -6.774590 0.049798 -1.636027 1.275984 -8.669401 41.005676 -2.923900 -0.000001 0.000013 0.713385 -2.594916 23.801116 -2.718001 -0.000011 0.000003 -0.130790 -0.209827 20.215118 -2.379610 0.000000 0.000009 -0.000000 -0.000001 0.000001 -6.148537 -0.175708 -3.130186 2.500283 -10.281923 45.253060 -2.627893 -0.000005 -0.000008 1.612578 -4.332255 49.089683 -2.122490 0.000017 -0.000005 -0.378858 -2.603567 43.266790 -1.792002 0.000002 0.000002 0.000001 -0.000002 -0.000001 7.556999 -4.826313 0.300478 -28.471184 -0.342211 1.304119 0.315534 -24.058294 0.537043 67.064323 2.618833 7.077238 -0.315537 -33.061478 0.084927 4.493386 0.182786 -0.860744 0.092046 -7.483318 10.511632 -5.994857 0.425113 -5.474219 0.082184 -0.046741 6.420124 -0.000001 -0.000000 0.000000 -7.557003 -4.826306 0.300484 -4.101856 -12.101552 9.621857 -0.315557 -24.058256 0.712181 12.317594 1.831905 -1.835713 0.315562 -33.061462 0.096916 -7.148552 -5.093193 -4.973681 -0.092060 -7.483411 10.296527 -2.773197 -0.000002 -0.000001 -0.082208 -0.046777 6.411405 -0.000000 -0.000000 -0.000000 
0.219347 68.685059 110.724838 -0.285095 9.949105 -3.536945 -0.000001 3.962386 -0.274314 2.603319 -0.672811 2.332733 0.000001 14.122135 -0.320022 1.656092 -2.278673 0.845950 0.000000 11.399152 -0.365733 -2.923703 -2.285056 0.251910 0.000000 9.938174 -0.411431 -3.367573 -1.151239 -0.983951 -0.000000 8.579116 0.114201 -1.349393 -3.841517 0.310223 0.000000 25.089088 0.333908 -0.000000 0.000000 -0.000000 4.224101 8.888440 -0.424614 8.280039 -20.929231 3.137780 1.625316 4.497742 -76.980269 0.000011 -36.305099 0.000006 19.884209 -19.957143 5.430811 2.354134 -1.272457 1.802822 28.897513 8.894104 20.768607 1.999429 -1.154373 1.154374 -8.690638 18.041873 -12.337710 2.113314 -1.220119 1.220122 7.946593 -11.221933 1.406953 1.744290 -1.007034 1.007056 -0.000001 -0.000000 -0.000003 7.198479 -0.169237 1.742685 0.321249 3.500377 3.987061 2.844903 -0.000006 -0.000001 0.265683 2.465269 -16.816388 2.665505 -0.000019 0.000002 -0.020309 0.178482 -3.850820 2.297409 -0.000006 -0.000012 0.000000 0.000001 0.000000 6.876539 -0.000006 -0.000005 0.605069 7.624338 -16.487696 3.256827 0.000016 -0.000001 0.612746 3.443009 -27.102869 3.177892 -0.000010 -0.000002 0.271804 1.846630 -15.987009 2.695116 -0.000016 -0.000006 0.000000 0.000002 0.000003 6.623896 -0.059441 -1.696965 0.876768 8.006425 -34.399681 2.957999 -0.000007 0.000004 0.422035 2.000717 -17.172535 2.756902 0.000009 0.000002 0.298778 1.211759 -12.585002 2.334610 0.000011 0.000001 -0.000001 -0.000001 -0.000000 6.046968 -0.139187 -3.244340 3.587798 13.517598 -31.386116 2.623707 0.000009 0.000000 0.487203 2.680653 -29.100803 2.132117 0.000004 -0.000007 0.074785 1.530304 -6.724068 1.793219 0.000012 0.000000 -0.000003 -0.000001 0.000001 -4.224098 8.888414 -0.398196 -0.855008 5.246475 5.396786 22.093493 -2.727992 73.794723 -0.000020 32.516779 -0.000006 25.457271 8.380624 4.049675 -2.342537 -1.287619 1.805307 12.593951 -8.153694 -17.222421 -1.998870 -1.154047 1.154042 6.064830 -5.313234 -13.324095 -2.115646 -1.221473 1.221462 -13.753601 7.447206 9.069843 -1.745166 -1.007569 1.007566 -0.000001 -0.000011 -0.000001 -7.289624 -0.160562 1.788520 -0.934042 0.803122 10.773192 -2.816291 -0.000008 -0.000007 0.637324 -3.394051 26.746406 -2.639583 -0.000007 0.000007 -0.167847 -0.590567 17.433254 -2.241501 -0.000006 0.000014 0.000002 0.000002 0.000000 -7.060412 0.000008 0.000006 0.839964 -8.113515 23.112375 -3.340207 0.000003 0.000000 1.181246 -4.370036 38.023544 -3.056704 -0.000003 -0.000003 0.821945 -3.075371 31.081739 -2.639474 0.000000 -0.000009 -0.000001 0.000002 0.000000 -6.774590 0.049798 -1.636027 1.275984 -8.669401 41.005676 -2.923900 -0.000001 0.000013 0.713385 -2.594916 23.801116 -2.718001 -0.000011 0.000003 -0.130790 -0.209827 20.215118 -2.379610 0.000000 0.000009 -0.000000 -0.000001 0.000001 -6.148537 -0.175708 -3.130186 2.500283 -10.281923 45.253060 -2.627893 -0.000005 -0.000008 1.612578 -4.332255 49.089683 -2.122490 0.000017 -0.000005 -0.378858 -2.603567 43.266790 -1.792002 0.000002 0.000002 0.000001 -0.000002 -0.000001 7.556999 -4.826313 0.300478 -28.471184 -0.342211 1.304119 0.315534 -24.058294 0.537043 67.064323 2.618833 7.077238 -0.315537 -33.061478 0.084927 4.493386 0.182786 -0.860744 0.092046 -7.483318 10.511632 -5.994857 0.425113 -5.474219 0.082184 -0.046741 6.420124 -0.000001 -0.000000 0.000000 -7.557003 -4.826306 0.300484 -4.101856 -12.101552 9.621857 -0.315557 -24.058256 0.712181 12.317594 1.831905 -1.835713 0.315562 -33.061462 0.096916 -7.148552 -5.093193 -4.973681 -0.092060 -7.483411 10.296527 -2.773197 -0.000002 -0.000001 -0.082208 -0.046777 6.411405 -0.000000 -0.000000 -0.000000 
0.219347 68.685059 110.724838 -0.285095 9.949105 -3.536945 -0.000001 3.962386 -0.274314 2.603319 -0.672811 2.332733 0.000001 14.122135 -0.320022 1.656092 -2.278673 0.845950 0.000000 11.399152 -0.365733 -2.923703 -2.285056 0.251910 0.000000 9.938174 -0.411431 -3.367573 -1.151239 -0.983951 -0.000000 8.579116 0.114201 -1.349393 -3.841517 0.310223 0.000000 25.089088 0.333908 -0.000000 0.000000 -0.000000 4.224101 8.888440 -0.424614 8.280039 -20.929231 3.137780 1.625316 4.497742 -76.980269 0.000011 -36.305099 0.000006 19.884209 -19.957143 5.430811 2.354134 -1.272457 1.802822 28.897513 8.894104 20.768607 1.999429 -1.154373 1.154374 -8.690638 18.041873 -12.337710 2.113314 -1.220119 1.220122 7.946593 -11.221933 1.406953 1.744290 -1.007034 1.007056 -0.000001 -0.000000 -0.000003 7.198479 -0.169237 1.742685 0.321249 3.500377 3.987061 2.844903 -0.000006 -0.000001 0.265683 2.465269 -16.816388 2.665505 -0.000019 0.000002 -0.020309 0.178482 -3.850820 2.297409 -0.000006 -0.000012 0.000000 0.000001 0.000000 6.876539 -0.000006 -0.000005 0.605069 7.624338 -16.487696 3.256827 0.000016 -0.000001 0.612746 3.443009 -27.102869 3.177892 -0.000010 -0.000002 0.271804 1.846630 -15.987009 2.695116 -0.000016 -0.000006 0.000000 0.000002 0.000003 6.623896 -0.059441 -1.696965 0.876768 8.006425 -34.399681 2.957999 -0.000007 0.000004 0.422035 2.000717 -17.172535 2.756902 0.000009 0.000002 0.298778 1.211759 -12.585002 2.334610 0.000011 0.000001 -0.000001 -0.000001 -0.000000 6.046968 -0.139187 -3.244340 3.587798 13.517598 -31.386116 2.623707 0.000009 0.000000 0.487203 2.680653 -29.100803 2.132117 0.000004 -0.000007 0.074785 1.530304 -6.724068 1.793219 0.000012 0.000000 -0.000003 -0.000001 0.000001 -4.224098 8.888414 -0.398196 -0.855008 5.246475 5.396786 22.093493 -2.727992 73.794723 -0.000020 32.516779 -0.000006 25.457271 8.380624 4.049675 -2.342537 -1.287619 1.805307 12.593951 -8.153694 -17.222421 -1.998870 -1.154047 1.154042 6.064830 -5.313234 -13.324095 -2.115646 -1.221473 1.221462 -13.753601 7.447206 9.069843 -1.745166 -1.007569 1.007566 -0.000001 -0.000011 -0.000001 -7.289624 -0.160562 1.788520 -0.934042 0.803122 10.773192 -2.816291 -0.000008 -0.000007 0.637324 -3.394051 26.746406 -2.639583 -0.000007 0.000007 -0.167847 -0.590567 17.433254 -2.241501 -0.000006 0.000014 0.000002 0.000002 0.000000 -7.060412 0.000008 0.000006 0.839964 -8.113515 23.112375 -3.340207 0.000003 0.000000 1.181246 -4.370036 38.023544 -3.056704 -0.000003 -0.000003 0.821945 -3.075371 31.081739 -2.639474 0.000000 -0.000009 -0.000001 0.000002 0.000000 -6.774590 0.049798 -1.636027 1.275984 -8.669401 41.005676 -2.923900 -0.000001 0.000013 0.713385 -2.594916 23.801116 -2.718001 -0.000011 0.000003 -0.130790 -0.209827 20.215118 -2.379610 0.000000 0.000009 -0.000000 -0.000001 0.000001 -6.148537 -0.175708 -3.130186 2.500283 -10.281923 45.253060 -2.627893 -0.000005 -0.000008 1.612578 -4.332255 49.089683 -2.122490 0.000017 -0.000005 -0.378858 -2.603567 43.266790 -1.792002 0.000002 0.000002 0.000001 -0.000002 -0.000001 7.556999 -4.826313 0.300478 -28.471184 -0.342211 1.304119 0.315534 -24.058294 0.537043 67.064323 2.618833 7.077238 -0.315537 -33.061478 0.084927 4.493386 0.182786 -0.860744 0.092046 -7.483318 10.511632 -5.994857 0.425113 -5.474219 0.082184 -0.046741 6.420124 -0.000001 -0.000000 0.000000 -7.557003 -4.826306 0.300484 -4.101856 -12.101552 9.621857 -0.315557 -24.058256 0.712181 12.317594 1.831905 -1.835713 0.315562 -33.061462 0.096916 -7.148552 -5.093193 -4.973681 -0.092060 -7.483411 10.296527 -2.773197 -0.000002 -0.000001 -0.082208 -0.046777 6.411405 -0.000000 -0.000000 -0.000000 
0.219347 68.685059 110.724838 -0.285095 9.949105 -3.536945 -0.000001 3.962386 -0.274314 2.603319 -0.672811 2.332733 0.000001 14.122135 -0.320022 1.656092 -2.278673 0.845950 0.000000 11.399152 -0.365733 -2.923703 -2.285056 0.251910 0.000000 9.938174 -0.411431 -3.367573 -1.151239 -0.983951 -0.000000 8.579116 0.114201 -1.349393 -3.841517 0.310223 0.000000 25.089088 0.333908 -0.000000 0.000000 -0.000000 4.224101 8.888440 -0.424614 8.280039 -20.929231 3.137780 1.625316 4.497742 -76.980269 0.000011 -36.305099 0.000006 19.884209 -19.957143 5.430811 2.354134 -1.272457 1.802822 28.897513 8.894104 20.768607 1.999429 -1.154373 1.154374 -8.690638 18.041873 -12.337710 2.113314 -1.220119 1.220122 7.946593 -11.221933 1.406953 1.744290 -1.007034 1.007056 -0.000001 -0.000000 -0.000003 7.198479 -0.169237 1.742685 0.321249 3.500377 3.987061 2.844903 -0.000006 -0.000001 0.265683 2.465269 -16.816388 2.665505 -0.000019 0.000002 -0.020309 0.178482 -3.850820 2.297409 -0.000006 -0.000012 0.000000 0.000001 0.000000 6.876539 -0.000006 -0.000005 0.605069 7.624338 -16.487696 3.256827 0.000016 -0.000001 0.612746 3.443009 -27.102869 3.177892 -0.000010 -0.000002 0.271804 1.846630 -15.987009 2.695116 -0.000016 -0.000006 0.000000 0.000002 0.000003 6.623896 -0.059441 -1.696965 0.876768 8.006425 -34.399681 2.957999 -0.000007 0.000004 0.422035 2.000717 -17.172535 2.756902 0.000009 0.000002 0.298778 1.211759 -12.585002 2.334610 0.000011 0.000001 -0.000001 -0.000001 -0.000000 6.046968 -0.139187 -3.244340 3.587798 13.517598 -31.386116 2.623707 0.000009 0.000000 0.487203 2.680653 -29.100803 2.132117 0.000004 -0.000007 0.074785 1.530304 -6.724068 1.793219 0.000012 0.000000 -0.000003 -0.000001 0.000001 -4.224098 8.888414 -0.398196 -0.855008 5.246475 5.396786 22.093493 -2.727992 73.794723 -0.000020 32.516779 -0.000006 25.457271 8.380624 4.049675 -2.342537 -1.287619 1.805307 12.593951 -8.153694 -17.222421 -1.998870 -1.154047 1.154042 6.064830 -5.313234 -13.324095 -2.115646 -1.221473 1.221462 -13.753601 7.447206 9.069843 -1.745166 -1.007569 1.007566 -0.000001 -0.000011 -0.000001 -7.289624 -0.160562 1.788520 -0.934042 0.803122 10.773192 -2.816291 -0.000008 -0.000007 0.637324 -3.394051 26.746406 -2.639583 -0.000007 0.000007 -0.167847 -0.590567 17.433254 -2.241501 -0.000006 0.000014 0.000002 0.000002 0.000000 -7.060412 0.000008 0.000006 0.839964 -8.113515 23.112375 -3.340207 0.000003 0.000000 1.181246 -4.370036 38.023544 -3.056704 -0.000003 -0.000003 0.821945 -3.075371 31.081739 -2.639474 0.000000 -0.000009 -0.000001 0.000002 0.000000 -6.774590 0.049798 -1.636027 1.275984 -8.669401 41.005676 -2.923900 -0.000001 0.000013 0.713385 -2.594916 23.801116 -2.718001 -0.000011 0.000003 -0.130790 -0.209827 20.215118 -2.379610 0.000000 0.000009 -0.000000 -0.000001 0.000001 -6.148537 -0.175708 -3.130186 2.500283 -10.281923 45.253060 -2.627893 -0.000005 -0.000008 1.612578 -4.332255 49.089683 -2.122490 0.000017 -0.000005 -0.378858 -2.603567 43.266790 -1.792002 0.000002 0.000002 0.000001 -0.000002 -0.000001 7.556999 -4.826313 0.300478 -28.471184 -0.342211 1.304119 0.315534 -24.058294 0.537043 67.064323 2.618833 7.077238 -0.315537 -33.061478 0.084927 4.493386 0.182786 -0.860744 0.092046 -7.483318 10.511632 -5.994857 0.425113 -5.474219 0.082184 -0.046741 6.420124 -0.000001 -0.000000 0.000000 -7.557003 -4.826306 0.300484 -4.101856 -12.101552 9.621857 -0.315557 -24.058256 0.712181 12.317594 1.831905 -1.835713 0.315562 -33.061462 0.096916 -7.148552 -5.093193 -4.973681 -0.092060 -7.483411 10.296527 -2.773197 -0.000002 -0.000001 -0.082208 -0.046777 6.411405 -0.000000 -0.000000 -0.000000 
0.219347 68.685059 110.724838 -0.285095 9.949105 -3.536945 -0.000001 3.962386 -0.274314 2.603319 -0.672811 2.332733 0.000001 14.122135 -0.320022 1.656092 -2.278673 0.845950 0.000000 11.399152 -0.365733 -2.923703 -2.285056 0.251910 0.000000 9.938174 -0.411431 -3.367573 -1.151239 -0.983951 -0.000000 8.579116 0.114201 -1.349393 -3.841517 0.310223 0.000000 25.089088 0.333908 -0.000000 0.000000 -0.000000 4.224101 8.888440 -0.424614 8.280039 -20.929231 3.137780 1.625316 4.497742 -76.980269 0.000011 -36.305099 0.000006 19.884209 -19.957143 5.430811 2.354134 -1.272457 1.802822 28.897513 8.894104 20.768607 1.999429 -1.154373 1.154374 -8.690638 18.041873 -12.337710 2.113314 -1.220119 1.220122 7.946593 -11.221933 1.406953 1.744290 -1.007034 1.007056 -0.000001 -0.000000 -0.000003 7.198479 -0.169237 1.742685 0.321249 3.500377 3.987061 2.844903 -0.000006 -0.000001 0.265683 2.465269 -16.816388 2.665505 -0.000019 0.000002 -0.020309 0.178482 -3.850820 2.297409 -0.000006 -0.000012 0.000000 0.000001 0.000000 6.876539 -0.000006 -0.000005 0.605069 7.624338 -16.487696 3.256827 0.000016 -0.000001 0.612746 3.443009 -27.102869 3.177892 -0.000010 -0.000002 0.271804 1.846630 -15.987009 2.695116 -0.000016 -0.000006 0.000000 0.000002 0.000003 6.623896 -0.059441 -1.696965 0.876768 8.006425 -34.399681 2.957999 -0.000007 0.000004 0.422035 2.000717 -17.172535 2.756902 0.000009 0.000002 0.298778 1.211759 -12.585002 2.334610 0.000011 0.000001 -0.000001 -0.000001 -0.000000 6.046968 -0.139187 -3.244340 3.587798 13.517598 -31.386116 2.623707 0.000009 0.000000 0.487203 2.680653 -29.100803 2.132117 0.000004 -0.000007 0.074785 1.530304 -6.724068 1.793219 0.000012 0.000000 -0.000003 -0.000001 0.000001 -4.224098 8.888414 -0.398196 -0.855008 5.246475 5.396786 22.093493 -2.727992 73.794723 -0.000020 32.516779 -0.000006 25.457271 8.380624 4.049675 -2.342537 -1.287619 1.805307 12.593951 -8.153694 -17.222421 -1.998870 -1.154047 1.154042 6.064830 -5.313234 -13.324095 -2.115646 -1.221473 1.221462 -13.753601 7.447206 9.069843 -1.745166 -1.007569 1.007566 -0.000001 -0.000011 -0.000001 -7.289624 -0.160562 1.788520 -0.934042 0.803122 10.773192 -2.816291 -0.000008 -0.000007 0.637324 -3.394051 26.746406 -2.639583 -0.000007 0.000007 -0.167847 -0.590567 17.433254 -2.241501 -0.000006 0.000014 0.000002 0.000002 0.000000 -7.060412 0.000008 0.000006 0.839964 -8.113515 23.112375 -3.340207 0.000003 0.000000 1.181246 -4.370036 38.023544 -3.056704 -0.000003 -0.000003 0.821945 -3.075371 31.081739 -2.639474 0.000000 -0.000009 -0.000001 0.000002 0.000000 -6.774590 0.049798 -1.636027 1.275984 -8.669401 41.005676 -2.923900 -0.000001 0.000013 0.713385 -2.594916 23.801116 -2.718001 -0.000011 0.000003 -0.130790 -0.209827 20.215118 -2.379610 0.000000 0.000009 -0.000000 -0.000001 0.000001 -6.148537 -0.175708 -3.130186 2.500283 -10.281923 45.253060 -2.627893 -0.000005 -0.000008 1.612578 -4.332255 49.089683 -2.122490 0.000017 -0.000005 -0.378858 -2.603567 43.266790 -1.792002 0.000002 0.000002 0.000001 -0.000002 -0.000001 7.556999 -4.826313 0.300478 -28.471184 -0.342211 1.304119 0.315534 -24.058294 0.537043 67.064323 2.618833 7.077238 -0.315537 -33.061478 0.084927 4.493386 0.182786 -0.860744 0.092046 -7.483318 10.511632 -5.994857 0.425113 -5.474219 0.082184 -0.046741 6.420124 -0.000001 -0.000000 0.000000 -7.557003 -4.826306 0.300484 -4.101856 -12.101552 9.621857 -0.315557 -24.058256 0.712181 12.317594 1.831905 -1.835713 0.315562 -33.061462 0.096916 -7.148552 -5.093193 -4.973681 -0.092060 -7.483411 10.296527 -2.773197 -0.000002 -0.000001 -0.082208 -0.046777 6.411405 -0.000000 -0.000000 -0.000000 
0.219347 68.685059 110.724838 -0.285095 9.949105 -3.536945 -0.000001 3.962386 -0.274314 2.603319 -0.672811 2.332733 0.000001 14.122135 -0.320022 1.656092 -2.278673 0.845950 0.000000 11.399152 -0.365733 -2.923703 -2.285056 0.251910 0.000000 9.938174 -0.411431 -3.367573 -1.151239 -0.983951 -0.000000 8.579116 0.114201 -1.349393 -3.841517 0.310223 0.000000 25.089088 0.333908 -0.000000 0.000000 -0.000000 4.224101 8.888440 -0.424614 8.280039 -20.929231 3.137780 1.625316 4.497742 -76.980269 0.000011 -36.305099 0.000006 19.884209 -19.957143 5.430811 2.354134 -1.272457 1.802822 28.897513 8.894104 20.768607 1.999429 -1.154373 1.154374 -8.690638 18.041873 -12.337710 2.113314 -1.220119 1.220122 7.946593 -11.221933 1.406953 1.744290 -1.007034 1.007056 -0.000001 -0.000000 -0.000003 7.198479 -0.169237 1.742685 0.321249 3.500377 3.987061 2.844903 -0.000006 -0.000001 0.265683 2.465269 -16.816388 2.665505 -0.000019 0.000002 -0.020309 0.178482 -3.850820 2.297409 -0.000006 -0.000012 0.000000 0.000001 0.000000 6.876539 -0.000006 -0.000005 0.605069 7.624338 -16.487696 3.256827 0.000016 -0.000001 0.612746 3.443009 -27.102869 3.177892 -0.000010 -0.000002 0.271804 1.846630 -15.987009 2.695116 -0.000016 -0.000006 0.000000 0.000002 0.000003 6.623896 -0.059441 -1.696965 0.876768 8.006425 -34.399681 2.957999 -0.000007 0.000004 0.422035 2.000717 -17.172535 2.756902 0.000009 0.000002 0.298778 1.211759 -12.585002 2.334610 0.000011 0.000001 -0.000001 -0.000001 -0.000000 6.046968 -0.139187 -3.244340 3.587798 13.517598 -31.386116 2.623707 0.000009 0.000000 0.487203 2.680653 -29.100803 2.132117 0.000004 -0.000007 0.074785 1.530304 -6.724068 1.793219 0.000012 0.000000 -0.000003 -0.000001 0.000001 -4.224098 8.888414 -0.398196 -0.855008 5.246475 5.396786 22.093493 -2.727992 73.794723 -0.000020 32.516779 -0.000006 25.457271 8.380624 4.049675 -2.342537 -1.287619 1.805307 12.593951 -8.153694 -17.222421 -1.998870 -1.154047 1.154042 6.064830 -5.313234 -13.324095 -2.115646 -1.221473 1.221462 -13.753601 7.447206 9.069843 -1.745166 -1.007569 1.007566 -0.000001 -0.000011 -0.000001 -7.289624 -0.160562 1.788520 -0.934042 0.803122 10.773192 -2.816291 -0.000008 -0.000007 0.637324 -3.394051 26.746406 -2.639583 -0.000007 0.000007 -0.167847 -0.590567 17.433254 -2.241501 -0.000006 0.000014 0.000002 0.000002 0.000000 -7.060412 0.000008 0.000006 0.839964 -8.113515 23.112375 -3.340207 0.000003 0.000000 1.181246 -4.370036 38.023544 -3.056704 -0.000003 -0.000003 0.821945 -3.075371 31.081739 -2.639474 0.000000 -0.000009 -0.000001 0.000002 0.000000 -6.774590 0.049798 -1.636027 1.275984 -8.669401 41.005676 -2.923900 -0.000001 0.000013 0.713385 -2.594916 23.801116 -2.718001 -0.000011 0.000003 -0.130790 -0.209827 20.215118 -2.379610 0.000000 0.000009 -0.000000 -0.000001 0.000001 -6.148537 -0.175708 -3.130186 2.500283 -10.281923 45.253060 -2.627893 -0.000005 -0.000008 1.612578 -4.332255 49.089683 -2.122490 0.000017 -0.000005 -0.378858 -2.603567 43.266790 -1.792002 0.000002 0.000002 0.000001 -0.000002 -0.000001 7.556999 -4.826313 0.300478 -28.471184 -0.342211 1.304119 0.315534 -24.058294 0.537043 67.064323 2.618833 7.077238 -0.315537 -33.061478 0.084927 4.493386 0.182786 -0.860744 0.092046 -7.483318 10.511632 -5.994857 0.425113 -5.474219 0.082184 -0.046741 6.420124 -0.000001 -0.000000 0.000000 -7.557003 -4.826306 0.300484 -4.101856 -12.101552 9.621857 -0.315557 -24.058256 0.712181 12.317594 1.831905 -1.835713 0.315562 -33.061462 0.096916 -7.148552 -5.093193 -4.973681 -0.092060 -7.483411 10.296527 -2.773197 -0.000002 -0.000001 -0.082208 -0.046777 6.411405 -0.000000 -0.000000 -0.000000 
0.219347 68.685059 110.724838 -0.285095 9.949105 -3.536945 -0.000001 3.962386 -0.274314 2.603319 -0.672811 2.332733 0.000001 14.122135 -0.320022 1.656092 -2.278673 0.845950 0.000000 11.399152 -0.365733 -2.923703 -2.285056 0.251910 0.000000 9.938174 -0.411431 -3.367573 -1.151239 -0.983951 -0.000000 8.579116 0.114201 -1.349393 -3.841517 0.310223 0.000000 25.089088 0.333908 -0.000000 0.000000 -0.000000 4.224101 8.888440 -0.424614 8.280039 -20.929231 3.137780 1.625316 4.497742 -76.980269 0.000011 -36.305099 0.000006 19.884209 -19.957143 5.430811 2.354134 -1.272457 1.802822 28.897513 8.894104 20.768607 1.999429 -1.154373 1.154374 -8.690638 18.041873 -12.337710 2.113314 -1.220119 1.220122 7.946593 -11.221933 1.406953 1.744290 -1.007034 1.007056 -0.000001 -0.000000 -0.000003 7.198479 -0.169237 1.742685 0.321249 3.500377 3.987061 2.844903 -0.000006 -0.000001 0.265683 2.465269 -16.816388 2.665505 -0.000019 0.000002 -0.020309 0.178482 -3.850820 2.297409 -0.000006 -0.000012 0.000000 0.000001 0.000000 6.876539 -0.000006 -0.000005 0.605069 7.624338 -16.487696 3.256827 0.000016 -0.000001 0.612746 3.443009 -27.102869 3.177892 -0.000010 -0.000002 0.271804 1.846630 -15.987009 2.695116 -0.000016 -0.000006 0.000000 0.000002 0.000003 6.623896 -0.059441 -1.696965 0.876768 8.006425 -34.399681 2.957999 -0.000007 0.000004 0.422035 2.000717 -17.172535 2.756902 0.000009 0.000002 0.298778 1.211759 -12.585002 2.334610 0.000011 0.000001 -0.000001 -0.000001 -0.000000 6.046968 -0.139187 -3.244340 3.587798 13.517598 -31.386116 2.623707 0.000009 0.000000 0.487203 2.680653 -29.100803 2.132117 0.000004 -0.000007 0.074785 1.530304 -6.724068 1.793219 0.000012 0.000000 -0.000003 -0.000001 0.000001 -4.224098 8.888414 -0.398196 -0.855008 5.246475 5.396786 22.093493 -2.727992 73.794723 -0.000020 32.516779 -0.000006 25.457271 8.380624 4.049675 -2.342537 -1.287619 1.805307 12.593951 -8.153694 -17.222421 -1.998870 -1.154047 1.154042 6.064830 -5.313234 -13.324095 -2.115646 -1.221473 1.221462 -13.753601 7.447206 9.069843 -1.745166 -1.007569 1.007566 -0.000001 -0.000011 -0.000001 -7.289624 -0.160562 1.788520 -0.934042 0.803122 10.773192 -2.816291 -0.000008 -0.000007 0.637324 -3.394051 26.746406 -2.639583 -0.000007 0.000007 -0.167847 -0.590567 17.433254 -2.241501 -0.000006 0.000014 0.000002 0.000002 0.000000 -7.060412 0.000008 0.000006 0.839964 -8.113515 23.112375 -3.340207 0.000003 0.000000 1.181246 -4.370036 38.023544 -3.056704 -0.000003 -0.000003 0.821945 -3.075371 31.081739 -2.639474 0.000000 -0.000009 -0.000001 0.000002 0.000000 -6.774590 0.049798 -1.636027 1.275984 -8.669401 41.005676 -2.923900 -0.000001 0.000013 0.713385 -2.594916 23.801116 -2.718001 -0.000011 0.000003 -0.130790 -0.209827 20.215118 -2.379610 0.000000 0.000009 -0.000000 -0.000001 0.000001 -6.148537 -0.175708 -3.130186 2.500283 -10.281923 45.253060 -2.627893 -0.000005 -0.000008 1.612578 -4.332255 49.089683 -2.122490 0.000017 -0.000005 -0.378858 -2.603567 43.266790 -1.792002 0.000002 0.000002 0.000001 -0.000002 -0.000001 7.556999 -4.826313 0.300478 -28.471184 -0.342211 1.304119 0.315534 -24.058294 0.537043 67.064323 2.618833 7.077238 -0.315537 -33.061478 0.084927 4.493386 0.182786 -0.860744 0.092046 -7.483318 10.511632 -5.994857 0.425113 -5.474219 0.082184 -0.046741 6.420124 -0.000001 -0.000000 0.000000 -7.557003 -4.826306 0.300484 -4.101856 -12.101552 9.621857 -0.315557 -24.058256 0.712181 12.317594 1.831905 -1.835713 0.315562 -33.061462 0.096916 -7.148552 -5.093193 -4.973681 -0.092060 -7.483411 10.296527 -2.773197 -0.000002 -0.000001 -0.082208 -0.046777 6.411405 -0.000000 -0.000000 -0.000000 
0.219347 68.685059 110.724838 -0.285095 9.949105 -3.536945 -0.000001 3.962386 -0.274314 2.603319 -0.672811 2.332733 0.000001 14.122135 -0.320022 1.656092 -2.278673 0.845950 0.000000 11.399152 -0.365733 -2.923703 -2.285056 0.251910 0.000000 9.938174 -0.411431 -3.367573 -1.151239 -0.983951 -0.000000 8.579116 0.114201 -1.349393 -3.841517 0.310223 0.000000 25.089088 0.333908 -0.000000 0.000000 -0.000000 4.224101 8.888440 -0.424614 8.280039 -20.929231 3.137780 1.625316 4.497742 -76.980269 0.000011 -36.305099 0.000006 19.884209 -19.957143 5.430811 2.354134 -1.272457 1.802822 28.897513 8.894104 20.768607 1.999429 -1.154373 1.154374 -8.690638 18.041873 -12.337710 2.113314 -1.220119 1.220122 7.946593 -11.221933 1.406953 1.744290 -1.007034 1.007056 -0.000001 -0.000000 -0.000003 7.198479 -0.169237 1.742685 0.321249 3.500377 3.987061 2.844903 -0.000006 -0.000001 0.265683 2.465269 -16.816388 2.665505 -0.000019 0.000002 -0.020309 0.178482 -3.850820 2.297409 -0.000006 -0.000012 0.000000 0.000001 0.000000 6.876539 -0.000006 -0.000005 0.605069 7.624338 -16.487696 3.256827 0.000016 -0.000001 0.612746 3.443009 -27.102869 3.177892 -0.000010 -0.000002 0.271804 1.846630 -15.987009 2.695116 -0.000016 -0.000006 0.000000 0.000002 0.000003 6.623896 -0.059441 -1.696965 0.876768 8.006425 -34.399681 2.957999 -0.000007 0.000004 0.422035 2.000717 -17.172535 2.756902 0.000009 0.000002 0.298778 1.211759 -12.585002 2.334610 0.000011 0.000001 -0.000001 -0.000001 -0.000000 6.046968 -0.139187 -3.244340 3.587798 13.517598 -31.386116 2.623707 0.000009 0.000000 0.487203 2.680653 -29.100803 2.132117 0.000004 -0.000007 0.074785 1.530304 -6.724068 1.793219 0.000012 0.000000 -0.000003 -0.000001 0.000001 -4.224098 8.888414 -0.398196 -0.855008 5.246475 5.396786 22.093493 -2.727992 73.794723 -0.000020 32.516779 -0.000006 25.457271 8.380624 4.049675 -2.342537 -1.287619 1.805307 12.593951 -8.153694 -17.222421 -1.998870 -1.154047 1.154042 6.064830 -5.313234 -13.324095 -2.115646 -1.221473 1.221462 -13.753601 7.447206 9.069843 -1.745166 -1.007569 1.007566 -0.000001 -0.000011 -0.000001 -7.289624 -0.160562 1.788520 -0.934042 0.803122 10.773192 -2.816291 -0.000008 -0.000007 0.637324 -3.394051 26.746406 -2.639583 -0.000007 0.000007 -0.167847 -0.590567 17.433254 -2.241501 -0.000006 0.000014 0.000002 0.000002 0.000000 -7.060412 0.000008 0.000006 0.839964 -8.113515 23.112375 -3.340207 0.000003 0.000000 1.181246 -4.370036 38.023544 -3.056704 -0.000003 -0.000003 0.821945 -3.075371 31.081739 -2.639474 0.000000 -0.000009 -0.000001 0.000002 0.000000 -6.774590 0.049798 -1.636027 1.275984 -8.669401 41.005676 -2.923900 -0.000001 0.000013 0.713385 -2.594916 23.801116 -2.718001 -0.000011 0.000003 -0.130790 -0.209827 20.215118 -2.379610 0.000000 0.000009 -0.000000 -0.000001 0.000001 -6.148537 -0.175708 -3.130186 2.500283 -10.281923 45.253060 -2.627893 -0.000005 -0.000008 1.612578 -4.332255 49.089683 -2.122490 0.000017 -0.000005 -0.378858 -2.603567 43.266790 -1.792002 0.000002 0.000002 0.000001 -0.000002 -0.000001 7.556999 -4.826313 0.300478 -28.471184 -0.342211 1.304119 0.315534 -24.058294 0.537043 67.064323 2.618833 7.077238 -0.315537 -33.061478 0.084927 4.493386 0.182786 -0.860744 0.092046 -7.483318 10.511632 -5.994857 0.425113 -5.474219 0.082184 -0.046741 6.420124 -0.000001 -0.000000 0.000000 -7.557003 -4.826306 0.300484 -4.101856 -12.101552 9.621857 -0.315557 -24.058256 0.712181 12.317594 1.831905 -1.835713 0.315562 -33.061462 0.096916 -7.148552 -5.093193 -4.973681 -0.092060 -7.483411 10.296527 -2.773197 -0.000002 -0.000001 -0.082208 -0.046777 6.411405 -0.000000 -0.000000 -0.000000 
0.219347 68.685059 110.724838 -0.285095 9.949105 -3.536945 -0.000001 3.962386 -0.274314 2.603319 -0.672811 2.332733 0.000001 14.122135 -0.320022 1.656092 -2.278673 0.845950 0.000000 11.399152 -0.365733 -2.923703 -2.285056 0.251910 0.000000 9.938174 -0.411431 -3.367573 -1.151239 -0.983951 -0.000000 8.579116 0.114201 -1.349393 -3.841517 0.310223 0.000000 25.089088 0.333908 -0.000000 0.000000 -0.000000 4.224101 8.888440 -0.424614 8.280039 -20.929231 3.137780 1.625316 4.497742 -76.980269 0.000011 -36.305099 0.000006 19.884209 -19.957143 5.430811 2.354134 -1.272457 1.802822 28.897513 8.894104 20.768607 1.999429 -1.154373 1.154374 -8.690638 18.041873 -12.337710 2.113314 -1.220119 1.220122 7.946593 -11.221933 1.406953 1.744290 -1.007034 1.007056 -0.000001 -0.000000 -0.000003 7.198479 -0.169237 1.742685 0.321249 3.500377 3.987061 2.844903 -0.000006 -0.000001 0.265683 2.465269 -16.816388 2.665505 -0.000019 0.000002 -0.020309 0.178482 -3.850820 2.297409 -0.000006 -0.000012 0.000000 0.000001 0.000000 6.876539 -0.000006 -0.000005 0.605069 7.624338 -16.487696 3.256827 0.000016 -0.000001 0.612746 3.443009 -27.102869 3.177892 -0.000010 -0.000002 0.271804 1.846630 -15.987009 2.695116 -0.000016 -0.000006 0.000000 0.000002 0.000003 6.623896 -0.059441 -1.696965 0.876768 8.006425 -34.399681 2.957999 -0.000007 0.000004 0.422035 2.000717 -17.172535 2.756902 0.000009 0.000002 0.298778 1.211759 -12.585002 2.334610 0.000011 0.000001 -0.000001 -0.000001 -0.000000 6.046968 -0.139187 -3.244340 3.587798 13.517598 -31.386116 2.623707 0.000009 0.000000 0.487203 2.680653 -29.100803 2.132117 0.000004 -0.000007 0.074785 1.530304 -6.724068 1.793219 0.000012 0.000000 -0.000003 -0.000001 0.000001 -4.224098 8.888414 -0.398196 -0.855008 5.246475 5.396786 22.093493 -2.727992 73.794723 -0.000020 32.516779 -0.000006 25.457271 8.380624 4.049675 -2.342537 -1.287619 1.805307 12.593951 -8.153694 -17.222421 -1.998870 -1.154047 1.154042 6.064830 -5.313234 -13.324095 -2.115646 -1.221473 1.221462 -13.753601 7.447206 9.069843 -1.745166 -1.007569 1.007566 -0.000001 -0.000011 -0.000001 -7.289624 -0.160562 1.788520 -0.934042 0.803122 10.773192 -2.816291 -0.000008 -0.000007 0.637324 -3.394051 26.746406 -2.639583 -0.000007 0.000007 -0.167847 -0.590567 17.433254 -2.241501 -0.000006 0.000014 0.000002 0.000002 0.000000 -7.060412 0.000008 0.000006 0.839964 -8.113515 23.112375 -3.340207 0.000003 0.000000 1.181246 -4.370036 38.023544 -3.056704 -0.000003 -0.000003 0.821945 -3.075371 31.081739 -2.639474 0.000000 -0.000009 -0.000001 0.000002 0.000000 -6.774590 0.049798 -1.636027 1.275984 -8.669401 41.005676 -2.923900 -0.000001 0.000013 0.713385 -2.594916 23.801116 -2.718001 -0.000011 0.000003 -0.130790 -0.209827 20.215118 -2.379610 0.000000 0.000009 -0.000000 -0.000001 0.000001 -6.148537 -0.175708 -3.130186 2.500283 -10.281923 45.253060 -2.627893 -0.000005 -0.000008 1.612578 -4.332255 49.089683 -2.122490 0.000017 -0.000005 -0.378858 -2.603567 43.266790 -1.792002 0.000002 0.000002 0.000001 -0.000002 -0.000001 7.556999 -4.826313 0.300478 -28.471184 -0.342211 1.304119 0.315534 -24.058294 0.537043 67.064323 2.618833 7.077238 -0.315537 -33.061478 0.084927 4.493386 0.182786 -0.860744 0.092046 -7.483318 10.511632 -5.994857 0.425113 -5.474219 0.082184 -0.046741 6.420124 -0.000001 -0.000000 0.000000 -7.557003 -4.826306 0.300484 -4.101856 -12.101552 9.621857 -0.315557 -24.058256 0.712181 12.317594 1.831905 -1.835713 0.315562 -33.061462 0.096916 -7.148552 -5.093193 -4.973681 -0.092060 -7.483411 10.296527 -2.773197 -0.000002 -0.000001 -0.082208 -0.046777 6.411405 -0.000000 -0.000000 -0.000000 
0.219347 68.685059 110.724838 -0.285095 9.949105 -3.536945 -0.000001 3.962386 -0.274314 2.603319 -0.672811 2.332733 0.000001 14.122135 -0.320022 1.656092 -2.278673 0.845950 0.000000 11.399152 -0.365733 -2.923703 -2.285056 0.251910 0.000000 9.938174 -0.411431 -3.367573 -1.151239 -0.983951 -0.000000 8.579116 0.114201 -1.349393 -3.841517 0.310223 0.000000 25.089088 0.333908 -0.000000 0.000000 -0.000000 4.224101 8.888440 -0.424614 8.280039 -20.929231 3.137780 1.625316 4.497742 -76.980269 0.000011 -36.305099 0.000006 19.884209 -19.957143 5.430811 2.354134 -1.272457 1.802822 28.897513 8.894104 20.768607 1.999429 -1.154373 1.154374 -8.690638 18.041873 -12.337710 2.113314 -1.220119 1.220122 7.946593 -11.221933 1.406953 1.744290 -1.007034 1.007056 -0.000001 -0.000000 -0.000003 7.198479 -0.169237 1.742685 0.321249 3.500377 3.987061 2.844903 -0.000006 -0.000001 0.265683 2.465269 -16.816388 2.665505 -0.000019 0.000002 -0.020309 0.178482 -3.850820 2.297409 -0.000006 -0.000012 0.000000 0.000001 0.000000 6.876539 -0.000006 -0.000005 0.605069 7.624338 -16.487696 3.256827 0.000016 -0.000001 0.612746 3.443009 -27.102869 3.177892 -0.000010 -0.000002 0.271804 1.846630 -15.987009 2.695116 -0.000016 -0.000006 0.000000 0.000002 0.000003 6.623896 -0.059441 -1.696965 0.876768 8.006425 -34.399681 2.957999 -0.000007 0.000004 0.422035 2.000717 -17.172535 2.756902 0.000009 0.000002 0.298778 1.211759 -12.585002 2.334610 0.000011 0.000001 -0.000001 -0.000001 -0.000000 6.046968 -0.139187 -3.244340 3.587798 13.517598 -31.386116 2.623707 0.000009 0.000000 0.487203 2.680653 -29.100803 2.132117 0.000004 -0.000007 0.074785 1.530304 -6.724068 1.793219 0.000012 0.000000 -0.000003 -0.000001 0.000001 -4.224098 8.888414 -0.398196 -0.855008 5.246475 5.396786 22.093493 -2.727992 73.794723 -0.000020 32.516779 -0.000006 25.457271 8.380624 4.049675 -2.342537 -1.287619 1.805307 12.593951 -8.153694 -17.222421 -1.998870 -1.154047 1.154042 6.064830 -5.313234 -13.324095 -2.115646 -1.221473 1.221462 -13.753601 7.447206 9.069843 -1.745166 -1.007569 1.007566 -0.000001 -0.000011 -0.000001 -7.289624 -0.160562 1.788520 -0.934042 0.803122 10.773192 -2.816291 -0.000008 -0.000007 0.637324 -3.394051 26.746406 -2.639583 -0.000007 0.000007 -0.167847 -0.590567 17.433254 -2.241501 -0.000006 0.000014 0.000002 0.000002 0.000000 -7.060412 0.000008 0.000006 0.839964 -8.113515 23.112375 -3.340207 0.000003 0.000000 1.181246 -4.370036 38.023544 -3.056704 -0.000003 -0.000003 0.821945 -3.075371 31.081739 -2.639474 0.000000 -0.000009 -0.000001 0.000002 0.000000 -6.774590 0.049798 -1.636027 1.275984 -8.669401 41.005676 -2.923900 -0.000001 0.000013 0.713385 -2.594916 23.801116 -2.718001 -0.000011 0.000003 -0.130790 -0.209827 20.215118 -2.379610 0.000000 0.000009 -0.000000 -0.000001 0.000001 -6.148537 -0.175708 -3.130186 2.500283 -10.281923 45.253060 -2.627893 -0.000005 -0.000008 1.612578 -4.332255 49.089683 -2.122490 0.000017 -0.000005 -0.378858 -2.603567 43.266790 -1.792002 0.000002 0.000002 0.000001 -0.000002 -0.000001 7.556999 -4.826313 0.300478 -28.471184 -0.342211 1.304119 0.315534 -24.058294 0.537043 67.064323 2.618833 7.077238 -0.315537 -33.061478 0.084927 4.493386 0.182786 -0.860744 0.092046 -7.483318 10.511632 -5.994857 0.425113 -5.474219 0.082184 -0.046741 6.420124 -0.000001 -0.000000 0.000000 -7.557003 -4.826306 0.300484 -4.101856 -12.101552 9.621857 -0.315557 -24.058256 0.712181 12.317594 1.831905 -1.835713 0.315562 -33.061462 0.096916 -7.148552 -5.093193 -4.973681 -0.092060 -7.483411 10.296527 -2.773197 -0.000002 -0.000001 -0.082208 -0.046777 6.411405 -0.000000 -0.000000 -0.000000 
0.219347 68.685059 110.724838 -0.285095 9.949105 -3.536945 -0.000001 3.962386 -0.274314 2.603319 -0.672811 2.332733 0.000001 14.122135 -0.320022 1.656092 -2.278673 0.845950 0.000000 11.399152 -0.365733 -2.923703 -2.285056 0.251910 0.000000 9.938174 -0.411431 -3.367573 -1.151239 -0.983951 -0.000000 8.579116 0.114201 -1.349393 -3.841517 0.310223 0.000000 25.089088 0.333908 -0.000000 0.000000 -0.000000 4.224101 8.888440 -0.424614 8.280039 -20.929231 3.137780 1.625316 4.497742 -76.980269 0.000011 -36.305099 0.000006 19.884209 -19.957143 5.430811 2.354134 -1.272457 1.802822 28.897513 8.894104 20.768607 1.999429 -1.154373 1.154374 -8.690638 18.041873 -12.337710 2.113314 -1.220119 1.220122 7.946593 -11.221933 1.406953 1.744290 -1.007034 1.007056 -0.000001 -0.000000 -0.000003 7.198479 -0.169237 1.742685 0.321249 3.500377 3.987061 2.844903 -0.000006 -0.000001 0.265683 2.465269 -16.816388 2.665505 -0.000019 0.000002 -0.020309 0.178482 -3.850820 2.297409 -0.000006 -0.000012 0.000000 0.000001 0.000000 6.876539 -0.000006 -0.000005 0.605069 7.624338 -16.487696 3.256827 0.000016 -0.000001 0.612746 3.443009 -27.102869 3.177892 -0.000010 -0.000002 0.271804 1.846630 -15.987009 2.695116 -0.000016 -0.000006 0.000000 0.000002 0.000003 6.623896 -0.059441 -1.696965 0.876768 8.006425 -34.399681 2.957999 -0.000007 0.000004 0.422035 2.000717 -17.172535 2.756902 0.000009 0.000002 0.298778 1.211759 -12.585002 2.334610 0.000011 0.000001 -0.000001 -0.000001 -0.000000 6.046968 -0.139187 -3.244340 3.587798 13.517598 -31.386116 2.623707 0.000009 0.000000 0.487203 2.680653 -29.100803 2.132117 0.000004 -0.000007 0.074785 1.530304 -6.724068 1.793219 0.000012 0.000000 -0.000003 -0.000001 0.000001 -4.224098 8.888414 -0.398196 -0.855008 5.246475 5.396786 22.093493 -2.727992 73.794723 -0.000020 32.516779 -0.000006 25.457271 8.380624 4.049675 -2.342537 -1.287619 1.805307 12.593951 -8.153694 -17.222421 -1.998870 -1.154047 1.154042 6.064830 -5.313234 -13.324095 -2.115646 -1.221473 1.221462 -13.753601 7.447206 9.069843 -1.745166 -1.007569 1.007566 -0.000001 -0.000011 -0.000001 -7.289624 -0.160562 1.788520 -0.934042 0.803122 10.773192 -2.816291 -0.000008 -0.000007 0.637324 -3.394051 26.746406 -2.639583 -0.000007 0.000007 -0.167847 -0.590567 17.433254 -2.241501 -0.000006 0.000014 0.000002 0.000002 0.000000 -7.060412 0.000008 0.000006 0.839964 -8.113515 23.112375 -3.340207 0.000003 0.000000 1.181246 -4.370036 38.023544 -3.056704 -0.000003 -0.000003 0.821945 -3.075371 31.081739 -2.639474 0.000000 -0.000009 -0.000001 0.000002 0.000000 -6.774590 0.049798 -1.636027 1.275984 -8.669401 41.005676 -2.923900 -0.000001 0.000013 0.713385 -2.594916 23.801116 -2.718001 -0.000011 0.000003 -0.130790 -0.209827 20.215118 -2.379610 0.000000 0.000009 -0.000000 -0.000001 0.000001 -6.148537 -0.175708 -3.130186 2.500283 -10.281923 45.253060 -2.627893 -0.000005 -0.000008 1.612578 -4.332255 49.089683 -2.122490 0.000017 -0.000005 -0.378858 -2.603567 43.266790 -1.792002 0.000002 0.000002 0.000001 -0.000002 -0.000001 7.556999 -4.826313 0.300478 -28.471184 -0.342211 1.304119 0.315534 -24.058294 0.537043 67.064323 2.618833 7.077238 -0.315537 -33.061478 0.084927 4.493386 0.182786 -0.860744 0.092046 -7.483318 10.511632 -5.994857 0.425113 -5.474219 0.082184 -0.046741 6.420124 -0.000001 -0.000000 0.000000 -7.557003 -4.826306 0.300484 -4.101856 -12.101552 9.621857 -0.315557 -24.058256 0.712181 12.317594 1.831905 -1.835713 0.315562 -33.061462 0.096916 -7.148552 -5.093193 -4.973681 -0.092060 -7.483411 10.296527 -2.773197 -0.000002 -0.000001 -0.082208 -0.046777 6.411405 -0.000000 -0.000000 -0.000000 
0.219347 68.685059 110.724838 -0.285095 9.949105 -3.536945 -0.000001 3.962386 -0.274314 2.603319 -0.672811 2.332733 0.000001 14.122135 -0.320022 1.656092 -2.278673 0.845950 0.000000 11.399152 -0.365733 -2.923703 -2.285056 0.251910 0.000000 9.938174 -0.411431 -3.367573 -1.151239 -0.983951 -0.000000 8.579116 0.114201 -1.349393 -3.841517 0.310223 0.000000 25.089088 0.333908 -0.000000 0.000000 -0.000000 4.224101 8.888440 -0.424614 8.280039 -20.929231 3.137780 1.625316 4.497742 -76.980269 0.000011 -36.305099 0.000006 19.884209 -19.957143 5.430811 2.354134 -1.272457 1.802822 28.897513 8.894104 20.768607 1.999429 -1.154373 1.154374 -8.690638 18.041873 -12.337710 2.113314 -1.220119 1.220122 7.946593 -11.221933 1.406953 1.744290 -1.007034 1.007056 -0.000001 -0.000000 -0.000003 7.198479 -0.169237 1.742685 0.321249 3.500377 3.987061 2.844903 -0.000006 -0.000001 0.265683 2.465269 -16.816388 2.665505 -0.000019 0.000002 -0.020309 0.178482 -3.850820 2.297409 -0.000006 -0.000012 0.000000 0.000001 0.000000 6.876539 -0.000006 -0.000005 0.605069 7.624338 -16.487696 3.256827 0.000016 -0.000001 0.612746 3.443009 -27.102869 3.177892 -0.000010 -0.000002 0.271804 1.846630 -15.987009 2.695116 -0.000016 -0.000006 0.000000 0.000002 0.000003 6.623896 -0.059441 -1.696965 0.876768 8.006425 -34.399681 2.957999 -0.000007 0.000004 0.422035 2.000717 -17.172535 2.756902 0.000009 0.000002 0.298778 1.211759 -12.585002 2.334610 0.000011 0.000001 -0.000001 -0.000001 -0.000000 6.046968 -0.139187 -3.244340 3.587798 13.517598 -31.386116 2.623707 0.000009 0.000000 0.487203 2.680653 -29.100803 2.132117 0.000004 -0.000007 0.074785 1.530304 -6.724068 1.793219 0.000012 0.000000 -0.000003 -0.000001 0.000001 -4.224098 8.888414 -0.398196 -0.855008 5.246475 5.396786 22.093493 -2.727992 73.794723 -0.000020 32.516779 -0.000006 25.457271 8.380624 4.049675 -2.342537 -1.287619 1.805307 12.593951 -8.153694 -17.222421 -1.998870 -1.154047 1.154042 6.064830 -5.313234 -13.324095 -2.115646 -1.221473 1.221462 -13.753601 7.447206 9.069843 -1.745166 -1.007569 1.007566 -0.000001 -0.000011 -0.000001 -7.289624 -0.160562 1.788520 -0.934042 0.803122 10.773192 -2.816291 -0.000008 -0.000007 0.637324 -3.394051 26.746406 -2.639583 -0.000007 0.000007 -0.167847 -0.590567 17.433254 -2.241501 -0.000006 0.000014 0.000002 0.000002 0.000000 -7.060412 0.000008 0.000006 0.839964 -8.113515 23.112375 -3.340207 0.000003 0.000000 1.181246 -4.370036 38.023544 -3.056704 -0.000003 -0.000003 0.821945 -3.075371 31.081739 -2.639474 0.000000 -0.000009 -0.000001 0.000002 0.000000 -6.774590 0.049798 -1.636027 1.275984 -8.669401 41.005676 -2.923900 -0.000001 0.000013 0.713385 -2.594916 23.801116 -2.718001 -0.000011 0.000003 -0.130790 -0.209827 20.215118 -2.379610 0.000000 0.000009 -0.000000 -0.000001 0.000001 -6.148537 -0.175708 -3.130186 2.500283 -10.281923 45.253060 -2.627893 -0.000005 -0.000008 1.612578 -4.332255 49.089683 -2.122490 0.000017 -0.000005 -0.378858 -2.603567 43.266790 -1.792002 0.000002 0.000002 0.000001 -0.000002 -0.000001 7.556999 -4.826313 0.300478 -28.471184 -0.342211 1.304119 0.315534 -24.058294 0.537043 67.064323 2.618833 7.077238 -0.315537 -33.061478 0.084927 4.493386 0.182786 -0.860744 0.092046 -7.483318 10.511632 -5.994857 0.425113 -5.474219 0.082184 -0.046741 6.420124 -0.000001 -0.000000 0.000000 -7.557003 -4.826306 0.300484 -4.101856 -12.101552 9.621857 -0.315557 -24.058256 0.712181 12.317594 1.831905 -1.835713 0.315562 -33.061462 0.096916 -7.148552 -5.093193 -4.973681 -0.092060 -7.483411 10.296527 -2.773197 -0.000002 -0.000001 -0.082208 -0.046777 6.411405 -0.000000 -0.000000 -0.000000 
0.219347 68.685059 110.724838 -0.285095 9.949105 -3.536945 -0.000001 3.962386 -0.274314 2.603319 -0.672811 2.332733 0.000001 14.122135 -0.320022 1.656092 -2.278673 0.845950 0.000000 11.399152 -0.365733 -2.923703 -2.285056 0.251910 0.000000 9.938174 -0.411431 -3.367573 -1.151239 -0.983951 -0.000000 8.579116 0.114201 -1.349393 -3.841517 0.310223 0.000000 25.089088 0.333908 -0.000000 0.000000 -0.000000 4.224101 8.888440 -0.424614 8.280039 -20.929231 3.137780 1.625316 4.497742 -76.980269 0.000011 -36.305099 0.000006 19.884209 -19.957143 5.430811 2.354134 -1.272457 1.802822 28.897513 8.894104 20.768607 1.999429 -1.154373 1.154374 -8.690638 18.041873 -12.337710 2.113314 -1.220119 1.220122 7.946593 -11.221933 1.406953 1.744290 -1.007034 1.007056 -0.000001 -0.000000 -0.000003 7.198479 -0.169237 1.742685 0.321249 3.500377 3.987061 2.844903 -0.000006 -0.000001 0.265683 2.465269 -16.816388 2.665505 -0.000019 0.000002 -0.020309 0.178482 -3.850820 2.297409 -0.000006 -0.000012 0.000000 0.000001 0.000000 6.876539 -0.000006 -0.000005 0.605069 7.624338 -16.487696 3.256827 0.000016 -0.000001 0.612746 3.443009 -27.102869 3.177892 -0.000010 -0.000002 0.271804 1.846630 -15.987009 2.695116 -0.000016 -0.000006 0.000000 0.000002 0.000003 6.623896 -0.059441 -1.696965 0.876768 8.006425 -34.399681 2.957999 -0.000007 0.000004 0.422035 2.000717 -17.172535 2.756902 0.000009 0.000002 0.298778 1.211759 -12.585002 2.334610 0.000011 0.000001 -0.000001 -0.000001 -0.000000 6.046968 -0.139187 -3.244340 3.587798 13.517598 -31.386116 2.623707 0.000009 0.000000 0.487203 2.680653 -29.100803 2.132117 0.000004 -0.000007 0.074785 1.530304 -6.724068 1.793219 0.000012 0.000000 -0.000003 -0.000001 0.000001 -4.224098 8.888414 -0.398196 -0.855008 5.246475 5.396786 22.093493 -2.727992 73.794723 -0.000020 32.516779 -0.000006 25.457271 8.380624 4.049675 -2.342537 -1.287619 1.805307 12.593951 -8.153694 -17.222421 -1.998870 -1.154047 1.154042 6.064830 -5.313234 -13.324095 -2.115646 -1.221473 1.221462 -13.753601 7.447206 9.069843 -1.745166 -1.007569 1.007566 -0.000001 -0.000011 -0.000001 -7.289624 -0.160562 1.788520 -0.934042 0.803122 10.773192 -2.816291 -0.000008 -0.000007 0.637324 -3.394051 26.746406 -2.639583 -0.000007 0.000007 -0.167847 -0.590567 17.433254 -2.241501 -0.000006 0.000014 0.000002 0.000002 0.000000 -7.060412 0.000008 0.000006 0.839964 -8.113515 23.112375 -3.340207 0.000003 0.000000 1.181246 -4.370036 38.023544 -3.056704 -0.000003 -0.000003 0.821945 -3.075371 31.081739 -2.639474 0.000000 -0.000009 -0.000001 0.000002 0.000000 -6.774590 0.049798 -1.636027 1.275984 -8.669401 41.005676 -2.923900 -0.000001 0.000013 0.713385 -2.594916 23.801116 -2.718001 -0.000011 0.000003 -0.130790 -0.209827 20.215118 -2.379610 0.000000 0.000009 -0.000000 -0.000001 0.000001 -6.148537 -0.175708 -3.130186 2.500283 -10.281923 45.253060 -2.627893 -0.000005 -0.000008 1.612578 -4.332255 49.089683 -2.122490 0.000017 -0.000005 -0.378858 -2.603567 43.266790 -1.792002 0.000002 0.000002 0.000001 -0.000002 -0.000001 7.556999 -4.826313 0.300478 -28.471184 -0.342211 1.304119 0.315534 -24.058294 0.537043 67.064323 2.618833 7.077238 -0.315537 -33.061478 0.084927 4.493386 0.182786 -0.860744 0.092046 -7.483318 10.511632 -5.994857 0.425113 -5.474219 0.082184 -0.046741 6.420124 -0.000001 -0.000000 0.000000 -7.557003 -4.826306 0.300484 -4.101856 -12.101552 9.621857 -0.315557 -24.058256 0.712181 12.317594 1.831905 -1.835713 0.315562 -33.061462 0.096916 -7.148552 -5.093193 -4.973681 -0.092060 -7.483411 10.296527 -2.773197 -0.000002 -0.000001 -0.082208 -0.046777 6.411405 -0.000000 -0.000000 -0.000000 
0.219347 68.685059 110.724838 -0.285095 9.949105 -3.536945 -0.000001 3.962386 -0.274314 2.603319 -0.672811 2.332733 0.000001 14.122135 -0.320022 1.656092 -2.278673 0.845950 0.000000 11.399152 -0.365733 -2.923703 -2.285056 0.251910 0.000000 9.938174 -0.411431 -3.367573 -1.151239 -0.983951 -0.000000 8.579116 0.114201 -1.349393 -3.841517 0.310223 0.000000 25.089088 0.333908 -0.000000 0.000000 -0.000000 4.224101 8.888440 -0.424614 8.280039 -20.929231 3.137780 1.625316 4.497742 -76.980269 0.000011 -36.305099 0.000006 19.884209 -19.957143 5.430811 2.354134 -1.272457 1.802822 28.897513 8.894104 20.768607 1.999429 -1.154373 1.154374 -8.690638 18.041873 -12.337710 2.113314 -1.220119 1.220122 7.946593 -11.221933 1.406953 1.744290 -1.007034 1.007056 -0.000001 -0.000000 -0.000003 7.198479 -0.169237 1.742685 0.321249 3.500377 3.987061 2.844903 -0.000006 -0.000001 0.265683 2.465269 -16.816388 2.665505 -0.000019 0.000002 -0.020309 0.178482 -3.850820 2.297409 -0.000006 -0.000012 0.000000 0.000001 0.000000 6.876539 -0.000006 -0.000005 0.605069 7.624338 -16.487696 3.256827 0.000016 -0.000001 0.612746 3.443009 -27.102869 3.177892 -0.000010 -0.000002 0.271804 1.846630 -15.987009 2.695116 -0.000016 -0.000006 0.000000 0.000002 0.000003 6.623896 -0.059441 -1.696965 0.876768 8.006425 -34.399681 2.957999 -0.000007 0.000004 0.422035 2.000717 -17.172535 2.756902 0.000009 0.000002 0.298778 1.211759 -12.585002 2.334610 0.000011 0.000001 -0.000001 -0.000001 -0.000000 6.046968 -0.139187 -3.244340 3.587798 13.517598 -31.386116 2.623707 0.000009 0.000000 0.487203 2.680653 -29.100803 2.132117 0.000004 -0.000007 0.074785 1.530304 -6.724068 1.793219 0.000012 0.000000 -0.000003 -0.000001 0.000001 -4.224098 8.888414 -0.398196 -0.855008 5.246475 5.396786 22.093493 -2.727992 73.794723 -0.000020 32.516779 -0.000006 25.457271 8.380624 4.049675 -2.342537 -1.287619 1.805307 12.593951 -8.153694 -17.222421 -1.998870 -1.154047 1.154042 6.064830 -5.313234 -13.324095 -2.115646 -1.221473 1.221462 -13.753601 7.447206 9.069843 -1.745166 -1.007569 1.007566 -0.000001 -0.000011 -0.000001 -7.289624 -0.160562 1.788520 -0.934042 0.803122 10.773192 -2.816291 -0.000008 -0.000007 0.637324 -3.394051 26.746406 -2.639583 -0.000007 0.000007 -0.167847 -0.590567 17.433254 -2.241501 -0.000006 0.000014 0.000002 0.000002 0.000000 -7.060412 0.000008 0.000006 0.839964 -8.113515 23.112375 -3.340207 0.000003 0.000000 1.181246 -4.370036 38.023544 -3.056704 -0.000003 -0.000003 0.821945 -3.075371 31.081739 -2.639474 0.000000 -0.000009 -0.000001 0.000002 0.000000 -6.774590 0.049798 -1.636027 1.275984 -8.669401 41.005676 -2.923900 -0.000001 0.000013 0.713385 -2.594916 23.801116 -2.718001 -0.000011 0.000003 -0.130790 -0.209827 20.215118 -2.379610 0.000000 0.000009 -0.000000 -0.000001 0.000001 -6.148537 -0.175708 -3.130186 2.500283 -10.281923 45.253060 -2.627893 -0.000005 -0.000008 1.612578 -4.332255 49.089683 -2.122490 0.000017 -0.000005 -0.378858 -2.603567 43.266790 -1.792002 0.000002 0.000002 0.000001 -0.000002 -0.000001 7.556999 -4.826313 0.300478 -28.471184 -0.342211 1.304119 0.315534 -24.058294 0.537043 67.064323 2.618833 7.077238 -0.315537 -33.061478 0.084927 4.493386 0.182786 -0.860744 0.092046 -7.483318 10.511632 -5.994857 0.425113 -5.474219 0.082184 -0.046741 6.420124 -0.000001 -0.000000 0.000000 -7.557003 -4.826306 0.300484 -4.101856 -12.101552 9.621857 -0.315557 -24.058256 0.712181 12.317594 1.831905 -1.835713 0.315562 -33.061462 0.096916 -7.148552 -5.093193 -4.973681 -0.092060 -7.483411 10.296527 -2.773197 -0.000002 -0.000001 -0.082208 -0.046777 6.411405 -0.000000 -0.000000 -0.000000 
0.219347 68.685059 110.724838 -0.285095 9.949105 -3.536945 -0.000001 3.962386 -0.274314 2.603319 -0.672811 2.332733 0.000001 14.122135 -0.320022 1.656092 -2.278673 0.845950 0.000000 11.399152 -0.365733 -2.923703 -2.285056 0.251910 0.000000 9.938174 -0.411431 -3.367573 -1.151239 -0.983951 -0.000000 8.579116 0.114201 -1.349393 -3.841517 0.310223 0.000000 25.089088 0.333908 -0.000000 0.000000 -0.000000 4.224101 8.888440 -0.424614 8.280039 -20.929231 3.137780 1.625316 4.497742 -76.980269 0.000011 -36.305099 0.000006 19.884209 -19.957143 5.430811 2.354134 -1.272457 1.802822 28.897513 8.894104 20.768607 1.999429 -1.154373 1.154374 -8.690638 18.041873 -12.337710 2.113314 -1.220119 1.220122 7.946593 -11.221933 1.406953 1.744290 -1.007034 1.007056 -0.000001 -0.000000 -0.000003 7.198479 -0.169237 1.742685 0.321249 3.500377 3.987061 2.844903 -0.000006 -0.000001 0.265683 2.465269 -16.816388 2.665505 -0.000019 0.000002 -0.020309 0.178482 -3.850820 2.297409 -0.000006 -0.000012 0.000000 0.000001 0.000000 6.876539 -0.000006 -0.000005 0.605069 7.624338 -16.487696 3.256827 0.000016 -0.000001 0.612746 3.443009 -27.102869 3.177892 -0.000010 -0.000002 0.271804 1.846630 -15.987009 2.695116 -0.000016 -0.000006 0.000000 0.000002 0.000003 6.623896 -0.059441 -1.696965 0.876768 8.006425 -34.399681 2.957999 -0.000007 0.000004 0.422035 2.000717 -17.172535 2.756902 0.000009 0.000002 0.298778 1.211759 -12.585002 2.334610 0.000011 0.000001 -0.000001 -0.000001 -0.000000 6.046968 -0.139187 -3.244340 3.587798 13.517598 -31.386116 2.623707 0.000009 0.000000 0.487203 2.680653 -29.100803 2.132117 0.000004 -0.000007 0.074785 1.530304 -6.724068 1.793219 0.000012 0.000000 -0.000003 -0.000001 0.000001 -4.224098 8.888414 -0.398196 -0.855008 5.246475 5.396786 22.093493 -2.727992 73.794723 -0.000020 32.516779 -0.000006 25.457271 8.380624 4.049675 -2.342537 -1.287619 1.805307 12.593951 -8.153694 -17.222421 -1.998870 -1.154047 1.154042 6.064830 -5.313234 -13.324095 -2.115646 -1.221473 1.221462 -13.753601 7.447206 9.069843 -1.745166 -1.007569 1.007566 -0.000001 -0.000011 -0.000001 -7.289624 -0.160562 1.788520 -0.934042 0.803122 10.773192 -2.816291 -0.000008 -0.000007 0.637324 -3.394051 26.746406 -2.639583 -0.000007 0.000007 -0.167847 -0.590567 17.433254 -2.241501 -0.000006 0.000014 0.000002 0.000002 0.000000 -7.060412 0.000008 0.000006 0.839964 -8.113515 23.112375 -3.340207 0.000003 0.000000 1.181246 -4.370036 38.023544 -3.056704 -0.000003 -0.000003 0.821945 -3.075371 31.081739 -2.639474 0.000000 -0.000009 -0.000001 0.000002 0.000000 -6.774590 0.049798 -1.636027 1.275984 -8.669401 41.005676 -2.923900 -0.000001 0.000013 0.713385 -2.594916 23.801116 -2.718001 -0.000011 0.000003 -0.130790 -0.209827 20.215118 -2.379610 0.000000 0.000009 -0.000000 -0.000001 0.000001 -6.148537 -0.175708 -3.130186 2.500283 -10.281923 45.253060 -2.627893 -0.000005 -0.000008 1.612578 -4.332255 49.089683 -2.122490 0.000017 -0.000005 -0.378858 -2.603567 43.266790 -1.792002 0.000002 0.000002 0.000001 -0.000002 -0.000001 7.556999 -4.826313 0.300478 -28.471184 -0.342211 1.304119 0.315534 -24.058294 0.537043 67.064323 2.618833 7.077238 -0.315537 -33.061478 0.084927 4.493386 0.182786 -0.860744 0.092046 -7.483318 10.511632 -5.994857 0.425113 -5.474219 0.082184 -0.046741 6.420124 -0.000001 -0.000000 0.000000 -7.557003 -4.826306 0.300484 -4.101856 -12.101552 9.621857 -0.315557 -24.058256 0.712181 12.317594 1.831905 -1.835713 0.315562 -33.061462 0.096916 -7.148552 -5.093193 -4.973681 -0.092060 -7.483411 10.296527 -2.773197 -0.000002 -0.000001 -0.082208 -0.046777 6.411405 -0.000000 -0.000000 -0.000000 
0.219347 68.685059 110.724838 -0.285095 9.949105 -3.536945 -0.000001 3.962386 -0.274314 2.603319 -0.672811 2.332733 0.000001 14.122135 -0.320022 1.656092 -2.278673 0.845950 0.000000 11.399152 -0.365733 -2.923703 -2.285056 0.251910 0.000000 9.938174 -0.411431 -3.367573 -1.151239 -0.983951 -0.000000 8.579116 0.114201 -1.349393 -3.841517 0.310223 0.000000 25.089088 0.333908 -0.000000 0.000000 -0.000000 4.224101 8.888440 -0.424614 8.280039 -20.929231 3.137780 1.625316 4.497742 -76.980269 0.000011 -36.305099 0.000006 19.884209 -19.957143 5.430811 2.354134 -1.272457 1.802822 28.897513 8.894104 20.768607 1.999429 -1.154373 1.154374 -8.690638 18.041873 -12.337710 2.113314 -1.220119 1.220122 7.946593 -11.221933 1.406953 1.744290 -1.007034 1.007056 -0.000001 -0.000000 -0.000003 7.198479 -0.169237 1.742685 0.321249 3.500377 3.987061 2.844903 -0.000006 -0.000001 0.265683 2.465269 -16.816388 2.665505 -0.000019 0.000002 -0.020309 0.178482 -3.850820 2.297409 -0.000006 -0.000012 0.000000 0.000001 0.000000 6.876539 -0.000006 -0.000005 0.605069 7.624338 -16.487696 3.256827 0.000016 -0.000001 0.612746 3.443009 -27.102869 3.177892 -0.000010 -0.000002 0.271804 1.846630 -15.987009 2.695116 -0.000016 -0.000006 0.000000 0.000002 0.000003 6.623896 -0.059441 -1.696965 0.876768 8.006425 -34.399681 2.957999 -0.000007 0.000004 0.422035 2.000717 -17.172535 2.756902 0.000009 0.000002 0.298778 1.211759 -12.585002 2.334610 0.000011 0.000001 -0.000001 -0.000001 -0.000000 6.046968 -0.139187 -3.244340 3.587798 13.517598 -31.386116 2.623707 0.000009 0.000000 0.487203 2.680653 -29.100803 2.132117 0.000004 -0.000007 0.074785 1.530304 -6.724068 1.793219 0.000012 0.000000 -0.000003 -0.000001 0.000001 -4.224098 8.888414 -0.398196 -0.855008 5.246475 5.396786 22.093493 -2.727992 73.794723 -0.000020 32.516779 -0.000006 25.457271 8.380624 4.049675 -2.342537 -1.287619 1.805307 12.593951 -8.153694 -17.222421 -1.998870 -1.154047 1.154042 6.064830 -5.313234 -13.324095 -2.115646 -1.221473 1.221462 -13.753601 7.447206 9.069843 -1.745166 -1.007569 1.007566 -0.000001 -0.000011 -0.000001 -7.289624 -0.160562 1.788520 -0.934042 0.803122 10.773192 -2.816291 -0.000008 -0.000007 0.637324 -3.394051 26.746406 -2.639583 -0.000007 0.000007 -0.167847 -0.590567 17.433254 -2.241501 -0.000006 0.000014 0.000002 0.000002 0.000000 -7.060412 0.000008 0.000006 0.839964 -8.113515 23.112375 -3.340207 0.000003 0.000000 1.181246 -4.370036 38.023544 -3.056704 -0.000003 -0.000003 0.821945 -3.075371 31.081739 -2.639474 0.000000 -0.000009 -0.000001 0.000002 0.000000 -6.774590 0.049798 -1.636027 1.275984 -8.669401 41.005676 -2.923900 -0.000001 0.000013 0.713385 -2.594916 23.801116 -2.718001 -0.000011 0.000003 -0.130790 -0.209827 20.215118 -2.379610 0.000000 0.000009 -0.000000 -0.000001 0.000001 -6.148537 -0.175708 -3.130186 2.500283 -10.281923 45.253060 -2.627893 -0.000005 -0.000008 1.612578 -4.332255 49.089683 -2.122490 0.000017 -0.000005 -0.378858 -2.603567 43.266790 -1.792002 0.000002 0.000002 0.000001 -0.000002 -0.000001 7.556999 -4.826313 0.300478 -28.471184 -0.342211 1.304119 0.315534 -24.058294 0.537043 67.064323 2.618833 7.077238 -0.315537 -33.061478 0.084927 4.493386 0.182786 -0.860744 0.092046 -7.483318 10.511632 -5.994857 0.425113 -5.474219 0.082184 -0.046741 6.420124 -0.000001 -0.000000 0.000000 -7.557003 -4.826306 0.300484 -4.101856 -12.101552 9.621857 -0.315557 -24.058256 0.712181 12.317594 1.831905 -1.835713 0.315562 -33.061462 0.096916 -7.148552 -5.093193 -4.973681 -0.092060 -7.483411 10.296527 -2.773197 -0.000002 -0.000001 -0.082208 -0.046777 6.411405 -0.000000 -0.000000 -0.000000 
0.219347 68.685059 110.724838 -0.285095 9.949105 -3.536945 -0.000001 3.962386 -0.274314 2.603319 -0.672811 2.332733 0.000001 14.122135 -0.320022 1.656092 -2.278673 0.845950 0.000000 11.399152 -0.365733 -2.923703 -2.285056 0.251910 0.000000 9.938174 -0.411431 -3.367573 -1.151239 -0.983951 -0.000000 8.579116 0.114201 -1.349393 -3.841517 0.310223 0.000000 25.089088 0.333908 -0.000000 0.000000 -0.000000 4.224101 8.888440 -0.424614 8.280039 -20.929231 3.137780 1.625316 4.497742 -76.980269 0.000011 -36.305099 0.000006 19.884209 -19.957143 5.430811 2.354134 -1.272457 1.802822 28.897513 8.894104 20.768607 1.999429 -1.154373 1.154374 -8.690638 18.041873 -12.337710 2.113314 -1.220119 1.220122 7.946593 -11.221933 1.406953 1.744290 -1.007034 1.007056 -0.000001 -0.000000 -0.000003 7.198479 -0.169237 1.742685 0.321249 3.500377 3.987061 2.844903 -0.000006 -0.000001 0.265683 2.465269 -16.816388 2.665505 -0.000019 0.000002 -0.020309 0.178482 -3.850820 2.297409 -0.000006 -0.000012 0.000000 0.000001 0.000000 6.876539 -0.000006 -0.000005 0.605069 7.624338 -16.487696 3.256827 0.000016 -0.000001 0.612746 3.443009 -27.102869 3.177892 -0.000010 -0.000002 0.271804 1.846630 -15.987009 2.695116 -0.000016 -0.000006 0.000000 0.000002 0.000003 6.623896 -0.059441 -1.696965 0.876768 8.006425 -34.399681 2.957999 -0.000007 0.000004 0.422035 2.000717 -17.172535 2.756902 0.000009 0.000002 0.298778 1.211759 -12.585002 2.334610 0.000011 0.000001 -0.000001 -0.000001 -0.000000 6.046968 -0.139187 -3.244340 3.587798 13.517598 -31.386116 2.623707 0.000009 0.000000 0.487203 2.680653 -29.100803 2.132117 0.000004 -0.000007 0.074785 1.530304 -6.724068 1.793219 0.000012 0.000000 -0.000003 -0.000001 0.000001 -4.224098 8.888414 -0.398196 -0.855008 5.246475 5.396786 22.093493 -2.727992 73.794723 -0.000020 32.516779 -0.000006 25.457271 8.380624 4.049675 -2.342537 -1.287619 1.805307 12.593951 -8.153694 -17.222421 -1.998870 -1.154047 1.154042 6.064830 -5.313234 -13.324095 -2.115646 -1.221473 1.221462 -13.753601 7.447206 9.069843 -1.745166 -1.007569 1.007566 -0.000001 -0.000011 -0.000001 -7.289624 -0.160562 1.788520 -0.934042 0.803122 10.773192 -2.816291 -0.000008 -0.000007 0.637324 -3.394051 26.746406 -2.639583 -0.000007 0.000007 -0.167847 -0.590567 17.433254 -2.241501 -0.000006 0.000014 0.000002 0.000002 0.000000 -7.060412 0.000008 0.000006 0.839964 -8.113515 23.112375 -3.340207 0.000003 0.000000 1.181246 -4.370036 38.023544 -3.056704 -0.000003 -0.000003 0.821945 -3.075371 31.081739 -2.639474 0.000000 -0.000009 -0.000001 0.000002 0.000000 -6.774590 0.049798 -1.636027 1.275984 -8.669401 41.005676 -2.923900 -0.000001 0.000013 0.713385 -2.594916 23.801116 -2.718001 -0.000011 0.000003 -0.130790 -0.209827 20.215118 -2.379610 0.000000 0.000009 -0.000000 -0.000001 0.000001 -6.148537 -0.175708 -3.130186 2.500283 -10.281923 45.253060 -2.627893 -0.000005 -0.000008 1.612578 -4.332255 49.089683 -2.122490 0.000017 -0.000005 -0.378858 -2.603567 43.266790 -1.792002 0.000002 0.000002 0.000001 -0.000002 -0.000001 7.556999 -4.826313 0.300478 -28.471184 -0.342211 1.304119 0.315534 -24.058294 0.537043 67.064323 2.618833 7.077238 -0.315537 -33.061478 0.084927 4.493386 0.182786 -0.860744 0.092046 -7.483318 10.511632 -5.994857 0.425113 -5.474219 0.082184 -0.046741 6.420124 -0.000001 -0.000000 0.000000 -7.557003 -4.826306 0.300484 -4.101856 -12.101552 9.621857 -0.315557 -24.058256 0.712181 12.317594 1.831905 -1.835713 0.315562 -33.061462 0.096916 -7.148552 -5.093193 -4.973681 -0.092060 -7.483411 10.296527 -2.773197 -0.000002 -0.000001 -0.082208 -0.046777 6.411405 -0.000000 -0.000000 -0.000000 
0.219347 68.685059 110.724838 -0.285095 9.949105 -3.536945 -0.000001 3.962386 -0.274314 2.603319 -0.672811 2.332733 0.000001 14.122135 -0.320022 1.656092 -2.278673 0.845950 0.000000 11.399152 -0.365733 -2.923703 -2.285056 0.251910 0.000000 9.938174 -0.411431 -3.367573 -1.151239 -0.983951 -0.000000 8.579116 0.114201 -1.349393 -3.841517 0.310223 0.000000 25.089088 0.333908 -0.000000 0.000000 -0.000000 4.224101 8.888440 -0.424614 8.280039 -20.929231 3.137780 1.625316 4.497742 -76.980269 0.000011 -36.305099 0.000006 19.884209 -19.957143 5.430811 2.354134 -1.272457 1.802822 28.897513 8.894104 20.768607 1.999429 -1.154373 1.154374 -8.690638 18.041873 -12.337710 2.113314 -1.220119 1.220122 7.946593 -11.221933 1.406953 1.744290 -1.007034 1.007056 -0.000001 -0.000000 -0.000003 7.198479 -0.169237 1.742685 0.321249 3.500377 3.987061 2.844903 -0.000006 -0.000001 0.265683 2.465269 -16.816388 2.665505 -0.000019 0.000002 -0.020309 0.178482 -3.850820 2.297409 -0.000006 -0.000012 0.000000 0.000001 0.000000 6.876539 -0.000006 -0.000005 0.605069 7.624338 -16.487696 3.256827 0.000016 -0.000001 0.612746 3.443009 -27.102869 3.177892 -0.000010 -0.000002 0.271804 1.846630 -15.987009 2.695116 -0.000016 -0.000006 0.000000 0.000002 0.000003 6.623896 -0.059441 -1.696965 0.876768 8.006425 -34.399681 2.957999 -0.000007 0.000004 0.422035 2.000717 -17.172535 2.756902 0.000009 0.000002 0.298778 1.211759 -12.585002 2.334610 0.000011 0.000001 -0.000001 -0.000001 -0.000000 6.046968 -0.139187 -3.244340 3.587798 13.517598 -31.386116 2.623707 0.000009 0.000000 0.487203 2.680653 -29.100803 2.132117 0.000004 -0.000007 0.074785 1.530304 -6.724068 1.793219 0.000012 0.000000 -0.000003 -0.000001 0.000001 -4.224098 8.888414 -0.398196 -0.855008 5.246475 5.396786 22.093493 -2.727992 73.794723 -0.000020 32.516779 -0.000006 25.457271 8.380624 4.049675 -2.342537 -1.287619 1.805307 12.593951 -8.153694 -17.222421 -1.998870 -1.154047 1.154042 6.064830 -5.313234 -13.324095 -2.115646 -1.221473 1.221462 -13.753601 7.447206 9.069843 -1.745166 -1.007569 1.007566 -0.000001 -0.000011 -0.000001 -7.289624 -0.160562 1.788520 -0.934042 0.803122 10.773192 -2.816291 -0.000008 -0.000007 0.637324 -3.394051 26.746406 -2.639583 -0.000007 0.000007 -0.167847 -0.590567 17.433254 -2.241501 -0.000006 0.000014 0.000002 0.000002 0.000000 -7.060412 0.000008 0.000006 0.839964 -8.113515 23.112375 -3.340207 0.000003 0.000000 1.181246 -4.370036 38.023544 -3.056704 -0.000003 -0.000003 0.821945 -3.075371 31.081739 -2.639474 0.000000 -0.000009 -0.000001 0.000002 0.000000 -6.774590 0.049798 -1.636027 1.275984 -8.669401 41.005676 -2.923900 -0.000001 0.000013 0.713385 -2.594916 23.801116 -2.718001 -0.000011 0.000003 -0.130790 -0.209827 20.215118 -2.379610 0.000000 0.000009 -0.000000 -0.000001 0.000001 -6.148537 -0.175708 -3.130186 2.500283 -10.281923 45.253060 -2.627893 -0.000005 -0.000008 1.612578 -4.332255 49.089683 -2.122490 0.000017 -0.000005 -0.378858 -2.603567 43.266790 -1.792002 0.000002 0.000002 0.000001 -0.000002 -0.000001 7.556999 -4.826313 0.300478 -28.471184 -0.342211 1.304119 0.315534 -24.058294 0.537043 67.064323 2.618833 7.077238 -0.315537 -33.061478 0.084927 4.493386 0.182786 -0.860744 0.092046 -7.483318 10.511632 -5.994857 0.425113 -5.474219 0.082184 -0.046741 6.420124 -0.000001 -0.000000 0.000000 -7.557003 -4.826306 0.300484 -4.101856 -12.101552 9.621857 -0.315557 -24.058256 0.712181 12.317594 1.831905 -1.835713 0.315562 -33.061462 0.096916 -7.148552 -5.093193 -4.973681 -0.092060 -7.483411 10.296527 -2.773197 -0.000002 -0.000001 -0.082208 -0.046777 6.411405 -0.000000 -0.000000 -0.000000 
0.219347 68.685059 110.724838 -0.285095 9.949105 -3.536945 -0.000001 3.962386 -0.274314 2.603319 -0.672811 2.332733 0.000001 14.122135 -0.320022 1.656092 -2.278673 0.845950 0.000000 11.399152 -0.365733 -2.923703 -2.285056 0.251910 0.000000 9.938174 -0.411431 -3.367573 -1.151239 -0.983951 -0.000000 8.579116 0.114201 -1.349393 -3.841517 0.310223 0.000000 25.089088 0.333908 -0.000000 0.000000 -0.000000 4.224101 8.888440 -0.424614 8.280039 -20.929231 3.137780 1.625316 4.497742 -76.980269 0.000011 -36.305099 0.000006 19.884209 -19.957143 5.430811 2.354134 -1.272457 1.802822 28.897513 8.894104 20.768607 1.999429 -1.154373 1.154374 -8.690638 18.041873 -12.337710 2.113314 -1.220119 1.220122 7.946593 -11.221933 1.406953 1.744290 -1.007034 1.007056 -0.000001 -0.000000 -0.000003 7.198479 -0.169237 1.742685 0.321249 3.500377 3.987061 2.844903 -0.000006 -0.000001 0.265683 2.465269 -16.816388 2.665505 -0.000019 0.000002 -0.020309 0.178482 -3.850820 2.297409 -0.000006 -0.000012 0.000000 0.000001 0.000000 6.876539 -0.000006 -0.000005 0.605069 7.624338 -16.487696 3.256827 0.000016 -0.000001 0.612746 3.443009 -27.102869 3.177892 -0.000010 -0.000002 0.271804 1.846630 -15.987009 2.695116 -0.000016 -0.000006 0.000000 0.000002 0.000003 6.623896 -0.059441 -1.696965 0.876768 8.006425 -34.399681 2.957999 -0.000007 0.000004 0.422035 2.000717 -17.172535 2.756902 0.000009 0.000002 0.298778 1.211759 -12.585002 2.334610 0.000011 0.000001 -0.000001 -0.000001 -0.000000 6.046968 -0.139187 -3.244340 3.587798 13.517598 -31.386116 2.623707 0.000009 0.000000 0.487203 2.680653 -29.100803 2.132117 0.000004 -0.000007 0.074785 1.530304 -6.724068 1.793219 0.000012 0.000000 -0.000003 -0.000001 0.000001 -4.224098 8.888414 -0.398196 -0.855008 5.246475 5.396786 22.093493 -2.727992 73.794723 -0.000020 32.516779 -0.000006 25.457271 8.380624 4.049675 -2.342537 -1.287619 1.805307 12.593951 -8.153694 -17.222421 -1.998870 -1.154047 1.154042 6.064830 -5.313234 -13.324095 -2.115646 -1.221473 1.221462 -13.753601 7.447206 9.069843 -1.745166 -1.007569 1.007566 -0.000001 -0.000011 -0.000001 -7.289624 -0.160562 1.788520 -0.934042 0.803122 10.773192 -2.816291 -0.000008 -0.000007 0.637324 -3.394051 26.746406 -2.639583 -0.000007 0.000007 -0.167847 -0.590567 17.433254 -2.241501 -0.000006 0.000014 0.000002 0.000002 0.000000 -7.060412 0.000008 0.000006 0.839964 -8.113515 23.112375 -3.340207 0.000003 0.000000 1.181246 -4.370036 38.023544 -3.056704 -0.000003 -0.000003 0.821945 -3.075371 31.081739 -2.639474 0.000000 -0.000009 -0.000001 0.000002 0.000000 -6.774590 0.049798 -1.636027 1.275984 -8.669401 41.005676 -2.923900 -0.000001 0.000013 0.713385 -2.594916 23.801116 -2.718001 -0.000011 0.000003 -0.130790 -0.209827 20.215118 -2.379610 0.000000 0.000009 -0.000000 -0.000001 0.000001 -6.148537 -0.175708 -3.130186 2.500283 -10.281923 45.253060 -2.627893 -0.000005 -0.000008 1.612578 -4.332255 49.089683 -2.122490 0.000017 -0.000005 -0.378858 -2.603567 43.266790 -1.792002 0.000002 0.000002 0.000001 -0.000002 -0.000001 7.556999 -4.826313 0.300478 -28.471184 -0.342211 1.304119 0.315534 -24.058294 0.537043 67.064323 2.618833 7.077238 -0.315537 -33.061478 0.084927 4.493386 0.182786 -0.860744 0.092046 -7.483318 10.511632 -5.994857 0.425113 -5.474219 0.082184 -0.046741 6.420124 -0.000001 -0.000000 0.000000 -7.557003 -4.826306 0.300484 -4.101856 -12.101552 9.621857 -0.315557 -24.058256 0.712181 12.317594 1.831905 -1.835713 0.315562 -33.061462 0.096916 -7.148552 -5.093193 -4.973681 -0.092060 -7.483411 10.296527 -2.773197 -0.000002 -0.000001 -0.082208 -0.046777 6.411405 -0.000000 -0.000000 -0.000000 
0.219347 68.685059 110.724838 -0.285095 9.949105 -3.536945 -0.000001 3.962386 -0.274314 2.603319 -0.672811 2.332733 0.000001 14.122135 -0.320022 1.656092 -2.278673 0.845950 0.000000 11.399152 -0.365733 -2.923703 -2.285056 0.251910 0.000000 9.938174 -0.411431 -3.367573 -1.151239 -0.983951 -0.000000 8.579116 0.114201 -1.349393 -3.841517 0.310223 0.000000 25.089088 0.333908 -0.000000 0.000000 -0.000000 4.224101 8.888440 -0.424614 8.280039 -20.929231 3.137780 1.625316 4.497742 -76.980269 0.000011 -36.305099 0.000006 19.884209 -19.957143 5.430811 2.354134 -1.272457 1.802822 28.897513 8.894104 20.768607 1.999429 -1.154373 1.154374 -8.690638 18.041873 -12.337710 2.113314 -1.220119 1.220122 7.946593 -11.221933 1.406953 1.744290 -1.007034 1.007056 -0.000001 -0.000000 -0.000003 7.198479 -0.169237 1.742685 0.321249 3.500377 3.987061 2.844903 -0.000006 -0.000001 0.265683 2.465269 -16.816388 2.665505 -0.000019 0.000002 -0.020309 0.178482 -3.850820 2.297409 -0.000006 -0.000012 0.000000 0.000001 0.000000 6.876539 -0.000006 -0.000005 0.605069 7.624338 -16.487696 3.256827 0.000016 -0.000001 0.612746 3.443009 -27.102869 3.177892 -0.000010 -0.000002 0.271804 1.846630 -15.987009 2.695116 -0.000016 -0.000006 0.000000 0.000002 0.000003 6.623896 -0.059441 -1.696965 0.876768 8.006425 -34.399681 2.957999 -0.000007 0.000004 0.422035 2.000717 -17.172535 2.756902 0.000009 0.000002 0.298778 1.211759 -12.585002 2.334610 0.000011 0.000001 -0.000001 -0.000001 -0.000000 6.046968 -0.139187 -3.244340 3.587798 13.517598 -31.386116 2.623707 0.000009 0.000000 0.487203 2.680653 -29.100803 2.132117 0.000004 -0.000007 0.074785 1.530304 -6.724068 1.793219 0.000012 0.000000 -0.000003 -0.000001 0.000001 -4.224098 8.888414 -0.398196 -0.855008 5.246475 5.396786 22.093493 -2.727992 73.794723 -0.000020 32.516779 -0.000006 25.457271 8.380624 4.049675 -2.342537 -1.287619 1.805307 12.593951 -8.153694 -17.222421 -1.998870 -1.154047 1.154042 6.064830 -5.313234 -13.324095 -2.115646 -1.221473 1.221462 -13.753601 7.447206 9.069843 -1.745166 -1.007569 1.007566 -0.000001 -0.000011 -0.000001 -7.289624 -0.160562 1.788520 -0.934042 0.803122 10.773192 -2.816291 -0.000008 -0.000007 0.637324 -3.394051 26.746406 -2.639583 -0.000007 0.000007 -0.167847 -0.590567 17.433254 -2.241501 -0.000006 0.000014 0.000002 0.000002 0.000000 -7.060412 0.000008 0.000006 0.839964 -8.113515 23.112375 -3.340207 0.000003 0.000000 1.181246 -4.370036 38.023544 -3.056704 -0.000003 -0.000003 0.821945 -3.075371 31.081739 -2.639474 0.000000 -0.000009 -0.000001 0.000002 0.000000 -6.774590 0.049798 -1.636027 1.275984 -8.669401 41.005676 -2.923900 -0.000001 0.000013 0.713385 -2.594916 23.801116 -2.718001 -0.000011 0.000003 -0.130790 -0.209827 20.215118 -2.379610 0.000000 0.000009 -0.000000 -0.000001 0.000001 -6.148537 -0.175708 -3.130186 2.500283 -10.281923 45.253060 -2.627893 -0.000005 -0.000008 1.612578 -4.332255 49.089683 -2.122490 0.000017 -0.000005 -0.378858 -2.603567 43.266790 -1.792002 0.000002 0.000002 0.000001 -0.000002 -0.000001 7.556999 -4.826313 0.300478 -28.471184 -0.342211 1.304119 0.315534 -24.058294 0.537043 67.064323 2.618833 7.077238 -0.315537 -33.061478 0.084927 4.493386 0.182786 -0.860744 0.092046 -7.483318 10.511632 -5.994857 0.425113 -5.474219 0.082184 -0.046741 6.420124 -0.000001 -0.000000 0.000000 -7.557003 -4.826306 0.300484 -4.101856 -12.101552 9.621857 -0.315557 -24.058256 0.712181 12.317594 1.831905 -1.835713 0.315562 -33.061462 0.096916 -7.148552 -5.093193 -4.973681 -0.092060 -7.483411 10.296527 -2.773197 -0.000002 -0.000001 -0.082208 -0.046777 6.411405 -0.000000 -0.000000 -0.000000 
0.219347 68.685059 110.724838 -0.285095 9.949105 -3.536945 -0.000001 3.962386 -0.274314 2.603319 -0.672811 2.332733 0.000001 14.122135 -0.320022 1.656092 -2.278673 0.845950 0.000000 11.399152 -0.365733 -2.923703 -2.285056 0.251910 0.000000 9.938174 -0.411431 -3.367573 -1.151239 -0.983951 -0.000000 8.579116 0.114201 -1.349393 -3.841517 0.310223 0.000000 25.089088 0.333908 -0.000000 0.000000 -0.000000 4.224101 8.888440 -0.424614 8.280039 -20.929231 3.137780 1.625316 4.497742 -76.980269 0.000011 -36.305099 0.000006 19.884209 -19.957143 5.430811 2.354134 -1.272457 1.802822 28.897513 8.894104 20.768607 1.999429 -1.154373 1.154374 -8.690638 18.041873 -12.337710 2.113314 -1.220119 1.220122 7.946593 -11.221933 1.406953 1.744290 -1.007034 1.007056 -0.000001 -0.000000 -0.000003 7.198479 -0.169237 1.742685 0.321249 3.500377 3.987061 2.844903 -0.000006 -0.000001 0.265683 2.465269 -16.816388 2.665505 -0.000019 0.000002 -0.020309 0.178482 -3.850820 2.297409 -0.000006 -0.000012 0.000000 0.000001 0.000000 6.876539 -0.000006 -0.000005 0.605069 7.624338 -16.487696 3.256827 0.000016 -0.000001 0.612746 3.443009 -27.102869 3.177892 -0.000010 -0.000002 0.271804 1.846630 -15.987009 2.695116 -0.000016 -0.000006 0.000000 0.000002 0.000003 6.623896 -0.059441 -1.696965 0.876768 8.006425 -34.399681 2.957999 -0.000007 0.000004 0.422035 2.000717 -17.172535 2.756902 0.000009 0.000002 0.298778 1.211759 -12.585002 2.334610 0.000011 0.000001 -0.000001 -0.000001 -0.000000 6.046968 -0.139187 -3.244340 3.587798 13.517598 -31.386116 2.623707 0.000009 0.000000 0.487203 2.680653 -29.100803 2.132117 0.000004 -0.000007 0.074785 1.530304 -6.724068 1.793219 0.000012 0.000000 -0.000003 -0.000001 0.000001 -4.224098 8.888414 -0.398196 -0.855008 5.246475 5.396786 22.093493 -2.727992 73.794723 -0.000020 32.516779 -0.000006 25.457271 8.380624 4.049675 -2.342537 -1.287619 1.805307 12.593951 -8.153694 -17.222421 -1.998870 -1.154047 1.154042 6.064830 -5.313234 -13.324095 -2.115646 -1.221473 1.221462 -13.753601 7.447206 9.069843 -1.745166 -1.007569 1.007566 -0.000001 -0.000011 -0.000001 -7.289624 -0.160562 1.788520 -0.934042 0.803122 10.773192 -2.816291 -0.000008 -0.000007 0.637324 -3.394051 26.746406 -2.639583 -0.000007 0.000007 -0.167847 -0.590567 17.433254 -2.241501 -0.000006 0.000014 0.000002 0.000002 0.000000 -7.060412 0.000008 0.000006 0.839964 -8.113515 23.112375 -3.340207 0.000003 0.000000 1.181246 -4.370036 38.023544 -3.056704 -0.000003 -0.000003 0.821945 -3.075371 31.081739 -2.639474 0.000000 -0.000009 -0.000001 0.000002 0.000000 -6.774590 0.049798 -1.636027 1.275984 -8.669401 41.005676 -2.923900 -0.000001 0.000013 0.713385 -2.594916 23.801116 -2.718001 -0.000011 0.000003 -0.130790 -0.209827 20.215118 -2.379610 0.000000 0.000009 -0.000000 -0.000001 0.000001 -6.148537 -0.175708 -3.130186 2.500283 -10.281923 45.253060 -2.627893 -0.000005 -0.000008 1.612578 -4.332255 49.089683 -2.122490 0.000017 -0.000005 -0.378858 -2.603567 43.266790 -1.792002 0.000002 0.000002 0.000001 -0.000002 -0.000001 7.556999 -4.826313 0.300478 -28.471184 -0.342211 1.304119 0.315534 -24.058294 0.537043 67.064323 2.618833 7.077238 -0.315537 -33.061478 0.084927 4.493386 0.182786 -0.860744 0.092046 -7.483318 10.511632 -5.994857 0.425113 -5.474219 0.082184 -0.046741 6.420124 -0.000001 -0.000000 0.000000 -7.557003 -4.826306 0.300484 -4.101856 -12.101552 9.621857 -0.315557 -24.058256 0.712181 12.317594 1.831905 -1.835713 0.315562 -33.061462 0.096916 -7.148552 -5.093193 -4.973681 -0.092060 -7.483411 10.296527 -2.773197 -0.000002 -0.000001 -0.082208 -0.046777 6.411405 -0.000000 -0.000000 -0.000000 
0.219347 68.685059 110.724838 -0.285095 9.949105 -3.536945 -0.000001 3.962386 -0.274314 2.603319 -0.672811 2.332733 0.000001 14.122135 -0.320022 1.656092 -2.278673 0.845950 0.000000 11.399152 -0.365733 -2.923703 -2.285056 0.251910 0.000000 9.938174 -0.411431 -3.367573 -1.151239 -0.983951 -0.000000 8.579116 0.114201 -1.349393 -3.841517 0.310223 0.000000 25.089088 0.333908 -0.000000 0.000000 -0.000000 4.224101 8.888440 -0.424614 8.280039 -20.929231 3.137780 1.625316 4.497742 -76.980269 0.000011 -36.305099 0.000006 19.884209 -19.957143 5.430811 2.354134 -1.272457 1.802822 28.897513 8.894104 20.768607 1.999429 -1.154373 1.154374 -8.690638 18.041873 -12.337710 2.113314 -1.220119 1.220122 7.946593 -11.221933 1.406953 1.744290 -1.007034 1.007056 -0.000001 -0.000000 -0.000003 7.198479 -0.169237 1.742685 0.321249 3.500377 3.987061 2.844903 -0.000006 -0.000001 0.265683 2.465269 -16.816388 2.665505 -0.000019 0.000002 -0.020309 0.178482 -3.850820 2.297409 -0.000006 -0.000012 0.000000 0.000001 0.000000 6.876539 -0.000006 -0.000005 0.605069 7.624338 -16.487696 3.256827 0.000016 -0.000001 0.612746 3.443009 -27.102869 3.177892 -0.000010 -0.000002 0.271804 1.846630 -15.987009 2.695116 -0.000016 -0.000006 0.000000 0.000002 0.000003 6.623896 -0.059441 -1.696965 0.876768 8.006425 -34.399681 2.957999 -0.000007 0.000004 0.422035 2.000717 -17.172535 2.756902 0.000009 0.000002 0.298778 1.211759 -12.585002 2.334610 0.000011 0.000001 -0.000001 -0.000001 -0.000000 6.046968 -0.139187 -3.244340 3.587798 13.517598 -31.386116 2.623707 0.000009 0.000000 0.487203 2.680653 -29.100803 2.132117 0.000004 -0.000007 0.074785 1.530304 -6.724068 1.793219 0.000012 0.000000 -0.000003 -0.000001 0.000001 -4.224098 8.888414 -0.398196 -0.855008 5.246475 5.396786 22.093493 -2.727992 73.794723 -0.000020 32.516779 -0.000006 25.457271 8.380624 4.049675 -2.342537 -1.287619 1.805307 12.593951 -8.153694 -17.222421 -1.998870 -1.154047 1.154042 6.064830 -5.313234 -13.324095 -2.115646 -1.221473 1.221462 -13.753601 7.447206 9.069843 -1.745166 -1.007569 1.007566 -0.000001 -0.000011 -0.000001 -7.289624 -0.160562 1.788520 -0.934042 0.803122 10.773192 -2.816291 -0.000008 -0.000007 0.637324 -3.394051 26.746406 -2.639583 -0.000007 0.000007 -0.167847 -0.590567 17.433254 -2.241501 -0.000006 0.000014 0.000002 0.000002 0.000000 -7.060412 0.000008 0.000006 0.839964 -8.113515 23.112375 -3.340207 0.000003 0.000000 1.181246 -4.370036 38.023544 -3.056704 -0.000003 -0.000003 0.821945 -3.075371 31.081739 -2.639474 0.000000 -0.000009 -0.000001 0.000002 0.000000 -6.774590 0.049798 -1.636027 1.275984 -8.669401 41.005676 -2.923900 -0.000001 0.000013 0.713385 -2.594916 23.801116 -2.718001 -0.000011 0.000003 -0.130790 -0.209827 20.215118 -2.379610 0.000000 0.000009 -0.000000 -0.000001 0.000001 -6.148537 -0.175708 -3.130186 2.500283 -10.281923 45.253060 -2.627893 -0.000005 -0.000008 1.612578 -4.332255 49.089683 -2.122490 0.000017 -0.000005 -0.378858 -2.603567 43.266790 -1.792002 0.000002 0.000002 0.000001 -0.000002 -0.000001 7.556999 -4.826313 0.300478 -28.471184 -0.342211 1.304119 0.315534 -24.058294 0.537043 67.064323 2.618833 7.077238 -0.315537 -33.061478 0.084927 4.493386 0.182786 -0.860744 0.092046 -7.483318 10.511632 -5.994857 0.425113 -5.474219 0.082184 -0.046741 6.420124 -0.000001 -0.000000 0.000000 -7.557003 -4.826306 0.300484 -4.101856 -12.101552 9.621857 -0.315557 -24.058256 0.712181 12.317594 1.831905 -1.835713 0.315562 -33.061462 0.096916 -7.148552 -5.093193 -4.973681 -0.092060 -7.483411 10.296527 -2.773197 -0.000002 -0.000001 -0.082208 -0.046777 6.411405 -0.000000 -0.000000 -0.000000 
0.219347 68.685059 110.724838 -0.285095 9.949105 -3.536945 -0.000001 3.962386 -0.274314 2.603319 -0.672811 2.332733 0.000001 14.122135 -0.320022 1.656092 -2.278673 0.845950 0.000000 11.399152 -0.365733 -2.923703 -2.285056 0.251910 0.000000 9.938174 -0.411431 -3.367573 -1.151239 -0.983951 -0.000000 8.579116 0.114201 -1.349393 -3.841517 0.310223 0.000000 25.089088 0.333908 -0.000000 0.000000 -0.000000 4.224101 8.888440 -0.424614 8.280039 -20.929231 3.137780 1.625316 4.497742 -76.980269 0.000011 -36.305099 0.000006 19.884209 -19.957143 5.430811 2.354134 -1.272457 1.802822 28.897513 8.894104 20.768607 1.999429 -1.154373 1.154374 -8.690638 18.041873 -12.337710 2.113314 -1.220119 1.220122 7.946593 -11.221933 1.406953 1.744290 -1.007034 1.007056 -0.000001 -0.000000 -0.000003 7.198479 -0.169237 1.742685 0.321249 3.500377 3.987061 2.844903 -0.000006 -0.000001 0.265683 2.465269 -16.816388 2.665505 -0.000019 0.000002 -0.020309 0.178482 -3.850820 2.297409 -0.000006 -0.000012 0.000000 0.000001 0.000000 6.876539 -0.000006 -0.000005 0.605069 7.624338 -16.487696 3.256827 0.000016 -0.000001 0.612746 3.443009 -27.102869 3.177892 -0.000010 -0.000002 0.271804 1.846630 -15.987009 2.695116 -0.000016 -0.000006 0.000000 0.000002 0.000003 6.623896 -0.059441 -1.696965 0.876768 8.006425 -34.399681 2.957999 -0.000007 0.000004 0.422035 2.000717 -17.172535 2.756902 0.000009 0.000002 0.298778 1.211759 -12.585002 2.334610 0.000011 0.000001 -0.000001 -0.000001 -0.000000 6.046968 -0.139187 -3.244340 3.587798 13.517598 -31.386116 2.623707 0.000009 0.000000 0.487203 2.680653 -29.100803 2.132117 0.000004 -0.000007 0.074785 1.530304 -6.724068 1.793219 0.000012 0.000000 -0.000003 -0.000001 0.000001 -4.224098 8.888414 -0.398196 -0.855008 5.246475 5.396786 22.093493 -2.727992 73.794723 -0.000020 32.516779 -0.000006 25.457271 8.380624 4.049675 -2.342537 -1.287619 1.805307 12.593951 -8.153694 -17.222421 -1.998870 -1.154047 1.154042 6.064830 -5.313234 -13.324095 -2.115646 -1.221473 1.221462 -13.753601 7.447206 9.069843 -1.745166 -1.007569 1.007566 -0.000001 -0.000011 -0.000001 -7.289624 -0.160562 1.788520 -0.934042 0.803122 10.773192 -2.816291 -0.000008 -0.000007 0.637324 -3.394051 26.746406 -2.639583 -0.000007 0.000007 -0.167847 -0.590567 17.433254 -2.241501 -0.000006 0.000014 0.000002 0.000002 0.000000 -7.060412 0.000008 0.000006 0.839964 -8.113515 23.112375 -3.340207 0.000003 0.000000 1.181246 -4.370036 38.023544 -3.056704 -0.000003 -0.000003 0.821945 -3.075371 31.081739 -2.639474 0.000000 -0.000009 -0.000001 0.000002 0.000000 -6.774590 0.049798 -1.636027 1.275984 -8.669401 41.005676 -2.923900 -0.000001 0.000013 0.713385 -2.594916 23.801116 -2.718001 -0.000011 0.000003 -0.130790 -0.209827 20.215118 -2.379610 0.000000 0.000009 -0.000000 -0.000001 0.000001 -6.148537 -0.175708 -3.130186 2.500283 -10.281923 45.253060 -2.627893 -0.000005 -0.000008 1.612578 -4.332255 49.089683 -2.122490 0.000017 -0.000005 -0.378858 -2.603567 43.266790 -1.792002 0.000002 0.000002 0.000001 -0.000002 -0.000001 7.556999 -4.826313 0.300478 -28.471184 -0.342211 1.304119 0.315534 -24.058294 0.537043 67.064323 2.618833 7.077238 -0.315537 -33.061478 0.084927 4.493386 0.182786 -0.860744 0.092046 -7.483318 10.511632 -5.994857 0.425113 -5.474219 0.082184 -0.046741 6.420124 -0.000001 -0.000000 0.000000 -7.557003 -4.826306 0.300484 -4.101856 -12.101552 9.621857 -0.315557 -24.058256 0.712181 12.317594 1.831905 -1.835713 0.315562 -33.061462 0.096916 -7.148552 -5.093193 -4.973681 -0.092060 -7.483411 10.296527 -2.773197 -0.000002 -0.000001 -0.082208 -0.046777 6.411405 -0.000000 -0.000000 -0.000000 
0.219347 68.685059 110.724838 -0.285095 9.949105 -3.536945 -0.000001 3.962386 -0.274314 2.603319 -0.672811 2.332733 0.000001 14.122135 -0.320022 1.656092 -2.278673 0.845950 0.000000 11.399152 -0.365733 -2.923703 -2.285056 0.251910 0.000000 9.938174 -0.411431 -3.367573 -1.151239 -0.983951 -0.000000 8.579116 0.114201 -1.349393 -3.841517 0.310223 0.000000 25.089088 0.333908 -0.000000 0.000000 -0.000000 4.224101 8.888440 -0.424614 8.280039 -20.929231 3.137780 1.625316 4.497742 -76.980269 0.000011 -36.305099 0.000006 19.884209 -19.957143 5.430811 2.354134 -1.272457 1.802822 28.897513 8.894104 20.768607 1.999429 -1.154373 1.154374 -8.690638 18.041873 -12.337710 2.113314 -1.220119 1.220122 7.946593 -11.221933 1.406953 1.744290 -1.007034 1.007056 -0.000001 -0.000000 -0.000003 7.198479 -0.169237 1.742685 0.321249 3.500377 3.987061 2.844903 -0.000006 -0.000001 0.265683 2.465269 -16.816388 2.665505 -0.000019 0.000002 -0.020309 0.178482 -3.850820 2.297409 -0.000006 -0.000012 0.000000 0.000001 0.000000 6.876539 -0.000006 -0.000005 0.605069 7.624338 -16.487696 3.256827 0.000016 -0.000001 0.612746 3.443009 -27.102869 3.177892 -0.000010 -0.000002 0.271804 1.846630 -15.987009 2.695116 -0.000016 -0.000006 0.000000 0.000002 0.000003 6.623896 -0.059441 -1.696965 0.876768 8.006425 -34.399681 2.957999 -0.000007 0.000004 0.422035 2.000717 -17.172535 2.756902 0.000009 0.000002 0.298778 1.211759 -12.585002 2.334610 0.000011 0.000001 -0.000001 -0.000001 -0.000000 6.046968 -0.139187 -3.244340 3.587798 13.517598 -31.386116 2.623707 0.000009 0.000000 0.487203 2.680653 -29.100803 2.132117 0.000004 -0.000007 0.074785 1.530304 -6.724068 1.793219 0.000012 0.000000 -0.000003 -0.000001 0.000001 -4.224098 8.888414 -0.398196 -0.855008 5.246475 5.396786 22.093493 -2.727992 73.794723 -0.000020 32.516779 -0.000006 25.457271 8.380624 4.049675 -2.342537 -1.287619 1.805307 12.593951 -8.153694 -17.222421 -1.998870 -1.154047 1.154042 6.064830 -5.313234 -13.324095 -2.115646 -1.221473 1.221462 -13.753601 7.447206 9.069843 -1.745166 -1.007569 1.007566 -0.000001 -0.000011 -0.000001 -7.289624 -0.160562 1.788520 -0.934042 0.803122 10.773192 -2.816291 -0.000008 -0.000007 0.637324 -3.394051 26.746406 -2.639583 -0.000007 0.000007 -0.167847 -0.590567 17.433254 -2.241501 -0.000006 0.000014 0.000002 0.000002 0.000000 -7.060412 0.000008 0.000006 0.839964 -8.113515 23.112375 -3.340207 0.000003 0.000000 1.181246 -4.370036 38.023544 -3.056704 -0.000003 -0.000003 0.821945 -3.075371 31.081739 -2.639474 0.000000 -0.000009 -0.000001 0.000002 0.000000 -6.774590 0.049798 -1.636027 1.275984 -8.669401 41.005676 -2.923900 -0.000001 0.000013 0.713385 -2.594916 23.801116 -2.718001 -0.000011 0.000003 -0.130790 -0.209827 20.215118 -2.379610 0.000000 0.000009 -0.000000 -0.000001 0.000001 -6.148537 -0.175708 -3.130186 2.500283 -10.281923 45.253060 -2.627893 -0.000005 -0.000008 1.612578 -4.332255 49.089683 -2.122490 0.000017 -0.000005 -0.378858 -2.603567 43.266790 -1.792002 0.000002 0.000002 0.000001 -0.000002 -0.000001 7.556999 -4.826313 0.300478 -28.471184 -0.342211 1.304119 0.315534 -24.058294 0.537043 67.064323 2.618833 7.077238 -0.315537 -33.061478 0.084927 4.493386 0.182786 -0.860744 0.092046 -7.483318 10.511632 -5.994857 0.425113 -5.474219 0.082184 -0.046741 6.420124 -0.000001 -0.000000 0.000000 -7.557003 -4.826306 0.300484 -4.101856 -12.101552 9.621857 -0.315557 -24.058256 0.712181 12.317594 1.831905 -1.835713 0.315562 -33.061462 0.096916 -7.148552 -5.093193 -4.973681 -0.092060 -7.483411 10.296527 -2.773197 -0.000002 -0.000001 -0.082208 -0.046777 6.411405 -0.000000 -0.000000 -0.000000 
0.219347 68.685059 110.724838 -0.285095 9.949105 -3.536945 -0.000001 3.962386 -0.274314 2.603319 -0.672811 2.332733 0.000001 14.122135 -0.320022 1.656092 -2.278673 0.845950 0.000000 11.399152 -0.365733 -2.923703 -2.285056 0.251910 0.000000 9.938174 -0.411431 -3.367573 -1.151239 -0.983951 -0.000000 8.579116 0.114201 -1.349393 -3.841517 0.310223 0.000000 25.089088 0.333908 -0.000000 0.000000 -0.000000 4.224101 8.888440 -0.424614 8.280039 -20.929231 3.137780 1.625316 4.497742 -76.980269 0.000011 -36.305099 0.000006 19.884209 -19.957143 5.430811 2.354134 -1.272457 1.802822 28.897513 8.894104 20.768607 1.999429 -1.154373 1.154374 -8.690638 18.041873 -12.337710 2.113314 -1.220119 1.220122 7.946593 -11.221933 1.406953 1.744290 -1.007034 1.007056 -0.000001 -0.000000 -0.000003 7.198479 -0.169237 1.742685 0.321249 3.500377 3.987061 2.844903 -0.000006 -0.000001 0.265683 2.465269 -16.816388 2.665505 -0.000019 0.000002 -0.020309 0.178482 -3.850820 2.297409 -0.000006 -0.000012 0.000000 0.000001 0.000000 6.876539 -0.000006 -0.000005 0.605069 7.624338 -16.487696 3.256827 0.000016 -0.000001 0.612746 3.443009 -27.102869 3.177892 -0.000010 -0.000002 0.271804 1.846630 -15.987009 2.695116 -0.000016 -0.000006 0.000000 0.000002 0.000003 6.623896 -0.059441 -1.696965 0.876768 8.006425 -34.399681 2.957999 -0.000007 0.000004 0.422035 2.000717 -17.172535 2.756902 0.000009 0.000002 0.298778 1.211759 -12.585002 2.334610 0.000011 0.000001 -0.000001 -0.000001 -0.000000 6.046968 -0.139187 -3.244340 3.587798 13.517598 -31.386116 2.623707 0.000009 0.000000 0.487203 2.680653 -29.100803 2.132117 0.000004 -0.000007 0.074785 1.530304 -6.724068 1.793219 0.000012 0.000000 -0.000003 -0.000001 0.000001 -4.224098 8.888414 -0.398196 -0.855008 5.246475 5.396786 22.093493 -2.727992 73.794723 -0.000020 32.516779 -0.000006 25.457271 8.380624 4.049675 -2.342537 -1.287619 1.805307 12.593951 -8.153694 -17.222421 -1.998870 -1.154047 1.154042 6.064830 -5.313234 -13.324095 -2.115646 -1.221473 1.221462 -13.753601 7.447206 9.069843 -1.745166 -1.007569 1.007566 -0.000001 -0.000011 -0.000001 -7.289624 -0.160562 1.788520 -0.934042 0.803122 10.773192 -2.816291 -0.000008 -0.000007 0.637324 -3.394051 26.746406 -2.639583 -0.000007 0.000007 -0.167847 -0.590567 17.433254 -2.241501 -0.000006 0.000014 0.000002 0.000002 0.000000 -7.060412 0.000008 0.000006 0.839964 -8.113515 23.112375 -3.340207 0.000003 0.000000 1.181246 -4.370036 38.023544 -3.056704 -0.000003 -0.000003 0.821945 -3.075371 31.081739 -2.639474 0.000000 -0.000009 -0.000001 0.000002 0.000000 -6.774590 0.049798 -1.636027 1.275984 -8.669401 41.005676 -2.923900 -0.000001 0.000013 0.713385 -2.594916 23.801116 -2.718001 -0.000011 0.000003 -0.130790 -0.209827 20.215118 -2.379610 0.000000 0.000009 -0.000000 -0.000001 0.000001 -6.148537 -0.175708 -3.130186 2.500283 -10.281923 45.253060 -2.627893 -0.000005 -0.000008 1.612578 -4.332255 49.089683 -2.122490 0.000017 -0.000005 -0.378858 -2.603567 43.266790 -1.792002 0.000002 0.000002 0.000001 -0.000002 -0.000001 7.556999 -4.826313 0.300478 -28.471184 -0.342211 1.304119 0.315534 -24.058294 0.537043 67.064323 2.618833 7.077238 -0.315537 -33.061478 0.084927 4.493386 0.182786 -0.860744 0.092046 -7.483318 10.511632 -5.994857 0.425113 -5.474219 0.082184 -0.046741 6.420124 -0.000001 -0.000000 0.000000 -7.557003 -4.826306 0.300484 -4.101856 -12.101552 9.621857 -0.315557 -24.058256 0.712181 12.317594 1.831905 -1.835713 0.315562 -33.061462 0.096916 -7.148552 -5.093193 -4.973681 -0.092060 -7.483411 10.296527 -2.773197 -0.000002 -0.000001 -0.082208 -0.046777 6.411405 -0.000000 -0.000000 -0.000000 
0.219347 68.685059 110.724838 -0.285095 9.949105 -3.536945 -0.000001 3.962386 -0.274314 2.603319 -0.672811 2.332733 0.000001 14.122135 -0.320022 1.656092 -2.278673 0.845950 0.000000 11.399152 -0.365733 -2.923703 -2.285056 0.251910 0.000000 9.938174 -0.411431 -3.367573 -1.151239 -0.983951 -0.000000 8.579116 0.114201 -1.349393 -3.841517 0.310223 0.000000 25.089088 0.333908 -0.000000 0.000000 -0.000000 4.224101 8.888440 -0.424614 8.280039 -20.929231 3.137780 1.625316 4.497742 -76.980269 0.000011 -36.305099 0.000006 19.884209 -19.957143 5.430811 2.354134 -1.272457 1.802822 28.897513 8.894104 20.768607 1.999429 -1.154373 1.154374 -8.690638 18.041873 -12.337710 2.113314 -1.220119 1.220122 7.946593 -11.221933 1.406953 1.744290 -1.007034 1.007056 -0.000001 -0.000000 -0.000003 7.198479 -0.169237 1.742685 0.321249 3.500377 3.987061 2.844903 -0.000006 -0.000001 0.265683 2.465269 -16.816388 2.665505 -0.000019 0.000002 -0.020309 0.178482 -3.850820 2.297409 -0.000006 -0.000012 0.000000 0.000001 0.000000 6.876539 -0.000006 -0.000005 0.605069 7.624338 -16.487696 3.256827 0.000016 -0.000001 0.612746 3.443009 -27.102869 3.177892 -0.000010 -0.000002 0.271804 1.846630 -15.987009 2.695116 -0.000016 -0.000006 0.000000 0.000002 0.000003 6.623896 -0.059441 -1.696965 0.876768 8.006425 -34.399681 2.957999 -0.000007 0.000004 0.422035 2.000717 -17.172535 2.756902 0.000009 0.000002 0.298778 1.211759 -12.585002 2.334610 0.000011 0.000001 -0.000001 -0.000001 -0.000000 6.046968 -0.139187 -3.244340 3.587798 13.517598 -31.386116 2.623707 0.000009 0.000000 0.487203 2.680653 -29.100803 2.132117 0.000004 -0.000007 0.074785 1.530304 -6.724068 1.793219 0.000012 0.000000 -0.000003 -0.000001 0.000001 -4.224098 8.888414 -0.398196 -0.855008 5.246475 5.396786 22.093493 -2.727992 73.794723 -0.000020 32.516779 -0.000006 25.457271 8.380624 4.049675 -2.342537 -1.287619 1.805307 12.593951 -8.153694 -17.222421 -1.998870 -1.154047 1.154042 6.064830 -5.313234 -13.324095 -2.115646 -1.221473 1.221462 -13.753601 7.447206 9.069843 -1.745166 -1.007569 1.007566 -0.000001 -0.000011 -0.000001 -7.289624 -0.160562 1.788520 -0.934042 0.803122 10.773192 -2.816291 -0.000008 -0.000007 0.637324 -3.394051 26.746406 -2.639583 -0.000007 0.000007 -0.167847 -0.590567 17.433254 -2.241501 -0.000006 0.000014 0.000002 0.000002 0.000000 -7.060412 0.000008 0.000006 0.839964 -8.113515 23.112375 -3.340207 0.000003 0.000000 1.181246 -4.370036 38.023544 -3.056704 -0.000003 -0.000003 0.821945 -3.075371 31.081739 -2.639474 0.000000 -0.000009 -0.000001 0.000002 0.000000 -6.774590 0.049798 -1.636027 1.275984 -8.669401 41.005676 -2.923900 -0.000001 0.000013 0.713385 -2.594916 23.801116 -2.718001 -0.000011 0.000003 -0.130790 -0.209827 20.215118 -2.379610 0.000000 0.000009 -0.000000 -0.000001 0.000001 -6.148537 -0.175708 -3.130186 2.500283 -10.281923 45.253060 -2.627893 -0.000005 -0.000008 1.612578 -4.332255 49.089683 -2.122490 0.000017 -0.000005 -0.378858 -2.603567 43.266790 -1.792002 0.000002 0.000002 0.000001 -0.000002 -0.000001 7.556999 -4.826313 0.300478 -28.471184 -0.342211 1.304119 0.315534 -24.058294 0.537043 67.064323 2.618833 7.077238 -0.315537 -33.061478 0.084927 4.493386 0.182786 -0.860744 0.092046 -7.483318 10.511632 -5.994857 0.425113 -5.474219 0.082184 -0.046741 6.420124 -0.000001 -0.000000 0.000000 -7.557003 -4.826306 0.300484 -4.101856 -12.101552 9.621857 -0.315557 -24.058256 0.712181 12.317594 1.831905 -1.835713 0.315562 -33.061462 0.096916 -7.148552 -5.093193 -4.973681 -0.092060 -7.483411 10.296527 -2.773197 -0.000002 -0.000001 -0.082208 -0.046777 6.411405 -0.000000 -0.000000 -0.000000 
0.219347 68.685059 110.724838 -0.285095 9.949105 -3.536945 -0.000001 3.962386 -0.274314 2.603319 -0.672811 2.332733 0.000001 14.122135 -0.320022 1.656092 -2.278673 0.845950 0.000000 11.399152 -0.365733 -2.923703 -2.285056 0.251910 0.000000 9.938174 -0.411431 -3.367573 -1.151239 -0.983951 -0.000000 8.579116 0.114201 -1.349393 -3.841517 0.310223 0.000000 25.089088 0.333908 -0.000000 0.000000 -0.000000 4.224101 8.888440 -0.424614 8.280039 -20.929231 3.137780 1.625316 4.497742 -76.980269 0.000011 -36.305099 0.000006 19.884209 -19.957143 5.430811 2.354134 -1.272457 1.802822 28.897513 8.894104 20.768607 1.999429 -1.154373 1.154374 -8.690638 18.041873 -12.337710 2.113314 -1.220119 1.220122 7.946593 -11.221933 1.406953 1.744290 -1.007034 1.007056 -0.000001 -0.000000 -0.000003 7.198479 -0.169237 1.742685 0.321249 3.500377 3.987061 2.844903 -0.000006 -0.000001 0.265683 2.465269 -16.816388 2.665505 -0.000019 0.000002 -0.020309 0.178482 -3.850820 2.297409 -0.000006 -0.000012 0.000000 0.000001 0.000000 6.876539 -0.000006 -0.000005 0.605069 7.624338 -16.487696 3.256827 0.000016 -0.000001 0.612746 3.443009 -27.102869 3.177892 -0.000010 -0.000002 0.271804 1.846630 -15.987009 2.695116 -0.000016 -0.000006 0.000000 0.000002 0.000003 6.623896 -0.059441 -1.696965 0.876768 8.006425 -34.399681 2.957999 -0.000007 0.000004 0.422035 2.000717 -17.172535 2.756902 0.000009 0.000002 0.298778 1.211759 -12.585002 2.334610 0.000011 0.000001 -0.000001 -0.000001 -0.000000 6.046968 -0.139187 -3.244340 3.587798 13.517598 -31.386116 2.623707 0.000009 0.000000 0.487203 2.680653 -29.100803 2.132117 0.000004 -0.000007 0.074785 1.530304 -6.724068 1.793219 0.000012 0.000000 -0.000003 -0.000001 0.000001 -4.224098 8.888414 -0.398196 -0.855008 5.246475 5.396786 22.093493 -2.727992 73.794723 -0.000020 32.516779 -0.000006 25.457271 8.380624 4.049675 -2.342537 -1.287619 1.805307 12.593951 -8.153694 -17.222421 -1.998870 -1.154047 1.154042 6.064830 -5.313234 -13.324095 -2.115646 -1.221473 1.221462 -13.753601 7.447206 9.069843 -1.745166 -1.007569 1.007566 -0.000001 -0.000011 -0.000001 -7.289624 -0.160562 1.788520 -0.934042 0.803122 10.773192 -2.816291 -0.000008 -0.000007 0.637324 -3.394051 26.746406 -2.639583 -0.000007 0.000007 -0.167847 -0.590567 17.433254 -2.241501 -0.000006 0.000014 0.000002 0.000002 0.000000 -7.060412 0.000008 0.000006 0.839964 -8.113515 23.112375 -3.340207 0.000003 0.000000 1.181246 -4.370036 38.023544 -3.056704 -0.000003 -0.000003 0.821945 -3.075371 31.081739 -2.639474 0.000000 -0.000009 -0.000001 0.000002 0.000000 -6.774590 0.049798 -1.636027 1.275984 -8.669401 41.005676 -2.923900 -0.000001 0.000013 0.713385 -2.594916 23.801116 -2.718001 -0.000011 0.000003 -0.130790 -0.209827 20.215118 -2.379610 0.000000 0.000009 -0.000000 -0.000001 0.000001 -6.148537 -0.175708 -3.130186 2.500283 -10.281923 45.253060 -2.627893 -0.000005 -0.000008 1.612578 -4.332255 49.089683 -2.122490 0.000017 -0.000005 -0.378858 -2.603567 43.266790 -1.792002 0.000002 0.000002 0.000001 -0.000002 -0.000001 7.556999 -4.826313 0.300478 -28.471184 -0.342211 1.304119 0.315534 -24.058294 0.537043 67.064323 2.618833 7.077238 -0.315537 -33.061478 0.084927 4.493386 0.182786 -0.860744 0.092046 -7.483318 10.511632 -5.994857 0.425113 -5.474219 0.082184 -0.046741 6.420124 -0.000001 -0.000000 0.000000 -7.557003 -4.826306 0.300484 -4.101856 -12.101552 9.621857 -0.315557 -24.058256 0.712181 12.317594 1.831905 -1.835713 0.315562 -33.061462 0.096916 -7.148552 -5.093193 -4.973681 -0.092060 -7.483411 10.296527 -2.773197 -0.000002 -0.000001 -0.082208 -0.046777 6.411405 -0.000000 -0.000000 -0.000000 
0.219347 68.685059 110.724838 -0.285095 9.949105 -3.536945 -0.000001 3.962386 -0.274314 2.603319 -0.672811 2.332733 0.000001 14.122135 -0.320022 1.656092 -2.278673 0.845950 0.000000 11.399152 -0.365733 -2.923703 -2.285056 0.251910 0.000000 9.938174 -0.411431 -3.367573 -1.151239 -0.983951 -0.000000 8.579116 0.114201 -1.349393 -3.841517 0.310223 0.000000 25.089088 0.333908 -0.000000 0.000000 -0.000000 4.224101 8.888440 -0.424614 8.280039 -20.929231 3.137780 1.625316 4.497742 -76.980269 0.000011 -36.305099 0.000006 19.884209 -19.957143 5.430811 2.354134 -1.272457 1.802822 28.897513 8.894104 20.768607 1.999429 -1.154373 1.154374 -8.690638 18.041873 -12.337710 2.113314 -1.220119 1.220122 7.946593 -11.221933 1.406953 1.744290 -1.007034 1.007056 -0.000001 -0.000000 -0.000003 7.198479 -0.169237 1.742685 0.321249 3.500377 3.987061 2.844903 -0.000006 -0.000001 0.265683 2.465269 -16.816388 2.665505 -0.000019 0.000002 -0.020309 0.178482 -3.850820 2.297409 -0.000006 -0.000012 0.000000 0.000001 0.000000 6.876539 -0.000006 -0.000005 0.605069 7.624338 -16.487696 3.256827 0.000016 -0.000001 0.612746 3.443009 -27.102869 3.177892 -0.000010 -0.000002 0.271804 1.846630 -15.987009 2.695116 -0.000016 -0.000006 0.000000 0.000002 0.000003 6.623896 -0.059441 -1.696965 0.876768 8.006425 -34.399681 2.957999 -0.000007 0.000004 0.422035 2.000717 -17.172535 2.756902 0.000009 0.000002 0.298778 1.211759 -12.585002 2.334610 0.000011 0.000001 -0.000001 -0.000001 -0.000000 6.046968 -0.139187 -3.244340 3.587798 13.517598 -31.386116 2.623707 0.000009 0.000000 0.487203 2.680653 -29.100803 2.132117 0.000004 -0.000007 0.074785 1.530304 -6.724068 1.793219 0.000012 0.000000 -0.000003 -0.000001 0.000001 -4.224098 8.888414 -0.398196 -0.855008 5.246475 5.396786 22.093493 -2.727992 73.794723 -0.000020 32.516779 -0.000006 25.457271 8.380624 4.049675 -2.342537 -1.287619 1.805307 12.593951 -8.153694 -17.222421 -1.998870 -1.154047 1.154042 6.064830 -5.313234 -13.324095 -2.115646 -1.221473 1.221462 -13.753601 7.447206 9.069843 -1.745166 -1.007569 1.007566 -0.000001 -0.000011 -0.000001 -7.289624 -0.160562 1.788520 -0.934042 0.803122 10.773192 -2.816291 -0.000008 -0.000007 0.637324 -3.394051 26.746406 -2.639583 -0.000007 0.000007 -0.167847 -0.590567 17.433254 -2.241501 -0.000006 0.000014 0.000002 0.000002 0.000000 -7.060412 0.000008 0.000006 0.839964 -8.113515 23.112375 -3.340207 0.000003 0.000000 1.181246 -4.370036 38.023544 -3.056704 -0.000003 -0.000003 0.821945 -3.075371 31.081739 -2.639474 0.000000 -0.000009 -0.000001 0.000002 0.000000 -6.774590 0.049798 -1.636027 1.275984 -8.669401 41.005676 -2.923900 -0.000001 0.000013 0.713385 -2.594916 23.801116 -2.718001 -0.000011 0.000003 -0.130790 -0.209827 20.215118 -2.379610 0.000000 0.000009 -0.000000 -0.000001 0.000001 -6.148537 -0.175708 -3.130186 2.500283 -10.281923 45.253060 -2.627893 -0.000005 -0.000008 1.612578 -4.332255 49.089683 -2.122490 0.000017 -0.000005 -0.378858 -2.603567 43.266790 -1.792002 0.000002 0.000002 0.000001 -0.000002 -0.000001 7.556999 -4.826313 0.300478 -28.471184 -0.342211 1.304119 0.315534 -24.058294 0.537043 67.064323 2.618833 7.077238 -0.315537 -33.061478 0.084927 4.493386 0.182786 -0.860744 0.092046 -7.483318 10.511632 -5.994857 0.425113 -5.474219 0.082184 -0.046741 6.420124 -0.000001 -0.000000 0.000000 -7.557003 -4.826306 0.300484 -4.101856 -12.101552 9.621857 -0.315557 -24.058256 0.712181 12.317594 1.831905 -1.835713 0.315562 -33.061462 0.096916 -7.148552 -5.093193 -4.973681 -0.092060 -7.483411 10.296527 -2.773197 -0.000002 -0.000001 -0.082208 -0.046777 6.411405 -0.000000 -0.000000 -0.000000 
0.219347 68.685059 110.724838 -0.285095 9.949105 -3.536945 -0.000001 3.962386 -0.274314 2.603319 -0.672811 2.332733 0.000001 14.122135 -0.320022 1.656092 -2.278673 0.845950 0.000000 11.399152 -0.365733 -2.923703 -2.285056 0.251910 0.000000 9.938174 -0.411431 -3.367573 -1.151239 -0.983951 -0.000000 8.579116 0.114201 -1.349393 -3.841517 0.310223 0.000000 25.089088 0.333908 -0.000000 0.000000 -0.000000 4.224101 8.888440 -0.424614 8.280039 -20.929231 3.137780 1.625316 4.497742 -76.980269 0.000011 -36.305099 0.000006 19.884209 -19.957143 5.430811 2.354134 -1.272457 1.802822 28.897513 8.894104 20.768607 1.999429 -1.154373 1.154374 -8.690638 18.041873 -12.337710 2.113314 -1.220119 1.220122 7.946593 -11.221933 1.406953 1.744290 -1.007034 1.007056 -0.000001 -0.000000 -0.000003 7.198479 -0.169237 1.742685 0.321249 3.500377 3.987061 2.844903 -0.000006 -0.000001 0.265683 2.465269 -16.816388 2.665505 -0.000019 0.000002 -0.020309 0.178482 -3.850820 2.297409 -0.000006 -0.000012 0.000000 0.000001 0.000000 6.876539 -0.000006 -0.000005 0.605069 7.624338 -16.487696 3.256827 0.000016 -0.000001 0.612746 3.443009 -27.102869 3.177892 -0.000010 -0.000002 0.271804 1.846630 -15.987009 2.695116 -0.000016 -0.000006 0.000000 0.000002 0.000003 6.623896 -0.059441 -1.696965 0.876768 8.006425 -34.399681 2.957999 -0.000007 0.000004 0.422035 2.000717 -17.172535 2.756902 0.000009 0.000002 0.298778 1.211759 -12.585002 2.334610 0.000011 0.000001 -0.000001 -0.000001 -0.000000 6.046968 -0.139187 -3.244340 3.587798 13.517598 -31.386116 2.623707 0.000009 0.000000 0.487203 2.680653 -29.100803 2.132117 0.000004 -0.000007 0.074785 1.530304 -6.724068 1.793219 0.000012 0.000000 -0.000003 -0.000001 0.000001 -4.224098 8.888414 -0.398196 -0.855008 5.246475 5.396786 22.093493 -2.727992 73.794723 -0.000020 32.516779 -0.000006 25.457271 8.380624 4.049675 -2.342537 -1.287619 1.805307 12.593951 -8.153694 -17.222421 -1.998870 -1.154047 1.154042 6.064830 -5.313234 -13.324095 -2.115646 -1.221473 1.221462 -13.753601 7.447206 9.069843 -1.745166 -1.007569 1.007566 -0.000001 -0.000011 -0.000001 -7.289624 -0.160562 1.788520 -0.934042 0.803122 10.773192 -2.816291 -0.000008 -0.000007 0.637324 -3.394051 26.746406 -2.639583 -0.000007 0.000007 -0.167847 -0.590567 17.433254 -2.241501 -0.000006 0.000014 0.000002 0.000002 0.000000 -7.060412 0.000008 0.000006 0.839964 -8.113515 23.112375 -3.340207 0.000003 0.000000 1.181246 -4.370036 38.023544 -3.056704 -0.000003 -0.000003 0.821945 -3.075371 31.081739 -2.639474 0.000000 -0.000009 -0.000001 0.000002 0.000000 -6.774590 0.049798 -1.636027 1.275984 -8.669401 41.005676 -2.923900 -0.000001 0.000013 0.713385 -2.594916 23.801116 -2.718001 -0.000011 0.000003 -0.130790 -0.209827 20.215118 -2.379610 0.000000 0.000009 -0.000000 -0.000001 0.000001 -6.148537 -0.175708 -3.130186 2.500283 -10.281923 45.253060 -2.627893 -0.000005 -0.000008 1.612578 -4.332255 49.089683 -2.122490 0.000017 -0.000005 -0.378858 -2.603567 43.266790 -1.792002 0.000002 0.000002 0.000001 -0.000002 -0.000001 7.556999 -4.826313 0.300478 -28.471184 -0.342211 1.304119 0.315534 -24.058294 0.537043 67.064323 2.618833 7.077238 -0.315537 -33.061478 0.084927 4.493386 0.182786 -0.860744 0.092046 -7.483318 10.511632 -5.994857 0.425113 -5.474219 0.082184 -0.046741 6.420124 -0.000001 -0.000000 0.000000 -7.557003 -4.826306 0.300484 -4.101856 -12.101552 9.621857 -0.315557 -24.058256 0.712181 12.317594 1.831905 -1.835713 0.315562 -33.061462 0.096916 -7.148552 -5.093193 -4.973681 -0.092060 -7.483411 10.296527 -2.773197 -0.000002 -0.000001 -0.082208 -0.046777 6.411405 -0.000000 -0.000000 -0.000000 
0.219347 68.685059 110.724838 -0.285095 9.949105 -3.536945 -0.000001 3.962386 -0.274314 2.603319 -0.672811 2.332733 0.000001 14.122135 -0.320022 1.656092 -2.278673 0.845950 0.000000 11.399152 -0.365733 -2.923703 -2.285056 0.251910 0.000000 9.938174 -0.411431 -3.367573 -1.151239 -0.983951 -0.000000 8.579116 0.114201 -1.349393 -3.841517 0.310223 0.000000 25.089088 0.333908 -0.000000 0.000000 -0.000000 4.224101 8.888440 -0.424614 8.280039 -20.929231 3.137780 1.625316 4.497742 -76.980269 0.000011 -36.305099 0.000006 19.884209 -19.957143 5.430811 2.354134 -1.272457 1.802822 28.897513 8.894104 20.768607 1.999429 -1.154373 1.154374 -8.690638 18.041873 -12.337710 2.113314 -1.220119 1.220122 7.946593 -11.221933 1.406953 1.744290 -1.007034 1.007056 -0.000001 -0.000000 -0.000003 7.198479 -0.169237 1.742685 0.321249 3.500377 3.987061 2.844903 -0.000006 -0.000001 0.265683 2.465269 -16.816388 2.665505 -0.000019 0.000002 -0.020309 0.178482 -3.850820 2.297409 -0.000006 -0.000012 0.000000 0.000001 0.000000 6.876539 -0.000006 -0.000005 0.605069 7.624338 -16.487696 3.256827 0.000016 -0.000001 0.612746 3.443009 -27.102869 3.177892 -0.000010 -0.000002 0.271804 1.846630 -15.987009 2.695116 -0.000016 -0.000006 0.000000 0.000002 0.000003 6.623896 -0.059441 -1.696965 0.876768 8.006425 -34.399681 2.957999 -0.000007 0.000004 0.422035 2.000717 -17.172535 2.756902 0.000009 0.000002 0.298778 1.211759 -12.585002 2.334610 0.000011 0.000001 -0.000001 -0.000001 -0.000000 6.046968 -0.139187 -3.244340 3.587798 13.517598 -31.386116 2.623707 0.000009 0.000000 0.487203 2.680653 -29.100803 2.132117 0.000004 -0.000007 0.074785 1.530304 -6.724068 1.793219 0.000012 0.000000 -0.000003 -0.000001 0.000001 -4.224098 8.888414 -0.398196 -0.855008 5.246475 5.396786 22.093493 -2.727992 73.794723 -0.000020 32.516779 -0.000006 25.457271 8.380624 4.049675 -2.342537 -1.287619 1.805307 12.593951 -8.153694 -17.222421 -1.998870 -1.154047 1.154042 6.064830 -5.313234 -13.324095 -2.115646 -1.221473 1.221462 -13.753601 7.447206 9.069843 -1.745166 -1.007569 1.007566 -0.000001 -0.000011 -0.000001 -7.289624 -0.160562 1.788520 -0.934042 0.803122 10.773192 -2.816291 -0.000008 -0.000007 0.637324 -3.394051 26.746406 -2.639583 -0.000007 0.000007 -0.167847 -0.590567 17.433254 -2.241501 -0.000006 0.000014 0.000002 0.000002 0.000000 -7.060412 0.000008 0.000006 0.839964 -8.113515 23.112375 -3.340207 0.000003 0.000000 1.181246 -4.370036 38.023544 -3.056704 -0.000003 -0.000003 0.821945 -3.075371 31.081739 -2.639474 0.000000 -0.000009 -0.000001 0.000002 0.000000 -6.774590 0.049798 -1.636027 1.275984 -8.669401 41.005676 -2.923900 -0.000001 0.000013 0.713385 -2.594916 23.801116 -2.718001 -0.000011 0.000003 -0.130790 -0.209827 20.215118 -2.379610 0.000000 0.000009 -0.000000 -0.000001 0.000001 -6.148537 -0.175708 -3.130186 2.500283 -10.281923 45.253060 -2.627893 -0.000005 -0.000008 1.612578 -4.332255 49.089683 -2.122490 0.000017 -0.000005 -0.378858 -2.603567 43.266790 -1.792002 0.000002 0.000002 0.000001 -0.000002 -0.000001 7.556999 -4.826313 0.300478 -28.471184 -0.342211 1.304119 0.315534 -24.058294 0.537043 67.064323 2.618833 7.077238 -0.315537 -33.061478 0.084927 4.493386 0.182786 -0.860744 0.092046 -7.483318 10.511632 -5.994857 0.425113 -5.474219 0.082184 -0.046741 6.420124 -0.000001 -0.000000 0.000000 -7.557003 -4.826306 0.300484 -4.101856 -12.101552 9.621857 -0.315557 -24.058256 0.712181 12.317594 1.831905 -1.835713 0.315562 -33.061462 0.096916 -7.148552 -5.093193 -4.973681 -0.092060 -7.483411 10.296527 -2.773197 -0.000002 -0.000001 -0.082208 -0.046777 6.411405 -0.000000 -0.000000 -0.000000 
0.219347 68.685059 110.724838 -0.285095 9.949105 -3.536945 -0.000001 3.962386 -0.274314 2.603319 -0.672811 2.332733 0.000001 14.122135 -0.320022 1.656092 -2.278673 0.845950 0.000000 11.399152 -0.365733 -2.923703 -2.285056 0.251910 0.000000 9.938174 -0.411431 -3.367573 -1.151239 -0.983951 -0.000000 8.579116 0.114201 -1.349393 -3.841517 0.310223 0.000000 25.089088 0.333908 -0.000000 0.000000 -0.000000 4.224101 8.888440 -0.424614 8.280039 -20.929231 3.137780 1.625316 4.497742 -76.980269 0.000011 -36.305099 0.000006 19.884209 -19.957143 5.430811 2.354134 -1.272457 1.802822 28.897513 8.894104 20.768607 1.999429 -1.154373 1.154374 -8.690638 18.041873 -12.337710 2.113314 -1.220119 1.220122 7.946593 -11.221933 1.406953 1.744290 -1.007034 1.007056 -0.000001 -0.000000 -0.000003 7.198479 -0.169237 1.742685 0.321249 3.500377 3.987061 2.844903 -0.000006 -0.000001 0.265683 2.465269 -16.816388 2.665505 -0.000019 0.000002 -0.020309 0.178482 -3.850820 2.297409 -0.000006 -0.000012 0.000000 0.000001 0.000000 6.876539 -0.000006 -0.000005 0.605069 7.624338 -16.487696 3.256827 0.000016 -0.000001 0.612746 3.443009 -27.102869 3.177892 -0.000010 -0.000002 0.271804 1.846630 -15.987009 2.695116 -0.000016 -0.000006 0.000000 0.000002 0.000003 6.623896 -0.059441 -1.696965 0.876768 8.006425 -34.399681 2.957999 -0.000007 0.000004 0.422035 2.000717 -17.172535 2.756902 0.000009 0.000002 0.298778 1.211759 -12.585002 2.334610 0.000011 0.000001 -0.000001 -0.000001 -0.000000 6.046968 -0.139187 -3.244340 3.587798 13.517598 -31.386116 2.623707 0.000009 0.000000 0.487203 2.680653 -29.100803 2.132117 0.000004 -0.000007 0.074785 1.530304 -6.724068 1.793219 0.000012 0.000000 -0.000003 -0.000001 0.000001 -4.224098 8.888414 -0.398196 -0.855008 5.246475 5.396786 22.093493 -2.727992 73.794723 -0.000020 32.516779 -0.000006 25.457271 8.380624 4.049675 -2.342537 -1.287619 1.805307 12.593951 -8.153694 -17.222421 -1.998870 -1.154047 1.154042 6.064830 -5.313234 -13.324095 -2.115646 -1.221473 1.221462 -13.753601 7.447206 9.069843 -1.745166 -1.007569 1.007566 -0.000001 -0.000011 -0.000001 -7.289624 -0.160562 1.788520 -0.934042 0.803122 10.773192 -2.816291 -0.000008 -0.000007 0.637324 -3.394051 26.746406 -2.639583 -0.000007 0.000007 -0.167847 -0.590567 17.433254 -2.241501 -0.000006 0.000014 0.000002 0.000002 0.000000 -7.060412 0.000008 0.000006 0.839964 -8.113515 23.112375 -3.340207 0.000003 0.000000 1.181246 -4.370036 38.023544 -3.056704 -0.000003 -0.000003 0.821945 -3.075371 31.081739 -2.639474 0.000000 -0.000009 -0.000001 0.000002 0.000000 -6.774590 0.049798 -1.636027 1.275984 -8.669401 41.005676 -2.923900 -0.000001 0.000013 0.713385 -2.594916 23.801116 -2.718001 -0.000011 0.000003 -0.130790 -0.209827 20.215118 -2.379610 0.000000 0.000009 -0.000000 -0.000001 0.000001 -6.148537 -0.175708 -3.130186 2.500283 -10.281923 45.253060 -2.627893 -0.000005 -0.000008 1.612578 -4.332255 49.089683 -2.122490 0.000017 -0.000005 -0.378858 -2.603567 43.266790 -1.792002 0.000002 0.000002 0.000001 -0.000002 -0.000001 7.556999 -4.826313 0.300478 -28.471184 -0.342211 1.304119 0.315534 -24.058294 0.537043 67.064323 2.618833 7.077238 -0.315537 -33.061478 0.084927 4.493386 0.182786 -0.860744 0.092046 -7.483318 10.511632 -5.994857 0.425113 -5.474219 0.082184 -0.046741 6.420124 -0.000001 -0.000000 0.000000 -7.557003 -4.826306 0.300484 -4.101856 -12.101552 9.621857 -0.315557 -24.058256 0.712181 12.317594 1.831905 -1.835713 0.315562 -33.061462 0.096916 -7.148552 -5.093193 -4.973681 -0.092060 -7.483411 10.296527 -2.773197 -0.000002 -0.000001 -0.082208 -0.046777 6.411405 -0.000000 -0.000000 -0.000000 
0.219347 68.685059 110.724838 -0.285095 9.949105 -3.536945 -0.000001 3.962386 -0.274314 2.603319 -0.672811 2.332733 0.000001 14.122135 -0.320022 1.656092 -2.278673 0.845950 0.000000 11.399152 -0.365733 -2.923703 -2.285056 0.251910 0.000000 9.938174 -0.411431 -3.367573 -1.151239 -0.983951 -0.000000 8.579116 0.114201 -1.349393 -3.841517 0.310223 0.000000 25.089088 0.333908 -0.000000 0.000000 -0.000000 4.224101 8.888440 -0.424614 8.280039 -20.929231 3.137780 1.625316 4.497742 -76.980269 0.000011 -36.305099 0.000006 19.884209 -19.957143 5.430811 2.354134 -1.272457 1.802822 28.897513 8.894104 20.768607 1.999429 -1.154373 1.154374 -8.690638 18.041873 -12.337710 2.113314 -1.220119 1.220122 7.946593 -11.221933 1.406953 1.744290 -1.007034 1.007056 -0.000001 -0.000000 -0.000003 7.198479 -0.169237 1.742685 0.321249 3.500377 3.987061 2.844903 -0.000006 -0.000001 0.265683 2.465269 -16.816388 2.665505 -0.000019 0.000002 -0.020309 0.178482 -3.850820 2.297409 -0.000006 -0.000012 0.000000 0.000001 0.000000 6.876539 -0.000006 -0.000005 0.605069 7.624338 -16.487696 3.256827 0.000016 -0.000001 0.612746 3.443009 -27.102869 3.177892 -0.000010 -0.000002 0.271804 1.846630 -15.987009 2.695116 -0.000016 -0.000006 0.000000 0.000002 0.000003 6.623896 -0.059441 -1.696965 0.876768 8.006425 -34.399681 2.957999 -0.000007 0.000004 0.422035 2.000717 -17.172535 2.756902 0.000009 0.000002 0.298778 1.211759 -12.585002 2.334610 0.000011 0.000001 -0.000001 -0.000001 -0.000000 6.046968 -0.139187 -3.244340 3.587798 13.517598 -31.386116 2.623707 0.000009 0.000000 0.487203 2.680653 -29.100803 2.132117 0.000004 -0.000007 0.074785 1.530304 -6.724068 1.793219 0.000012 0.000000 -0.000003 -0.000001 0.000001 -4.224098 8.888414 -0.398196 -0.855008 5.246475 5.396786 22.093493 -2.727992 73.794723 -0.000020 32.516779 -0.000006 25.457271 8.380624 4.049675 -2.342537 -1.287619 1.805307 12.593951 -8.153694 -17.222421 -1.998870 -1.154047 1.154042 6.064830 -5.313234 -13.324095 -2.115646 -1.221473 1.221462 -13.753601 7.447206 9.069843 -1.745166 -1.007569 1.007566 -0.000001 -0.000011 -0.000001 -7.289624 -0.160562 1.788520 -0.934042 0.803122 10.773192 -2.816291 -0.000008 -0.000007 0.637324 -3.394051 26.746406 -2.639583 -0.000007 0.000007 -0.167847 -0.590567 17.433254 -2.241501 -0.000006 0.000014 0.000002 0.000002 0.000000 -7.060412 0.000008 0.000006 0.839964 -8.113515 23.112375 -3.340207 0.000003 0.000000 1.181246 -4.370036 38.023544 -3.056704 -0.000003 -0.000003 0.821945 -3.075371 31.081739 -2.639474 0.000000 -0.000009 -0.000001 0.000002 0.000000 -6.774590 0.049798 -1.636027 1.275984 -8.669401 41.005676 -2.923900 -0.000001 0.000013 0.713385 -2.594916 23.801116 -2.718001 -0.000011 0.000003 -0.130790 -0.209827 20.215118 -2.379610 0.000000 0.000009 -0.000000 -0.000001 0.000001 -6.148537 -0.175708 -3.130186 2.500283 -10.281923 45.253060 -2.627893 -0.000005 -0.000008 1.612578 -4.332255 49.089683 -2.122490 0.000017 -0.000005 -0.378858 -2.603567 43.266790 -1.792002 0.000002 0.000002 0.000001 -0.000002 -0.000001 7.556999 -4.826313 0.300478 -28.471184 -0.342211 1.304119 0.315534 -24.058294 0.537043 67.064323 2.618833 7.077238 -0.315537 -33.061478 0.084927 4.493386 0.182786 -0.860744 0.092046 -7.483318 10.511632 -5.994857 0.425113 -5.474219 0.082184 -0.046741 6.420124 -0.000001 -0.000000 0.000000 -7.557003 -4.826306 0.300484 -4.101856 -12.101552 9.621857 -0.315557 -24.058256 0.712181 12.317594 1.831905 -1.835713 0.315562 -33.061462 0.096916 -7.148552 -5.093193 -4.973681 -0.092060 -7.483411 10.296527 -2.773197 -0.000002 -0.000001 -0.082208 -0.046777 6.411405 -0.000000 -0.000000 -0.000000 
0.219347 68.685059 110.724838 -0.285095 9.949105 -3.536945 -0.000001 3.962386 -0.274314 2.603319 -0.672811 2.332733 0.000001 14.122135 -0.320022 1.656092 -2.278673 0.845950 0.000000 11.399152 -0.365733 -2.923703 -2.285056 0.251910 0.000000 9.938174 -0.411431 -3.367573 -1.151239 -0.983951 -0.000000 8.579116 0.114201 -1.349393 -3.841517 0.310223 0.000000 25.089088 0.333908 -0.000000 0.000000 -0.000000 4.224101 8.888440 -0.424614 8.280039 -20.929231 3.137780 1.625316 4.497742 -76.980269 0.000011 -36.305099 0.000006 19.884209 -19.957143 5.430811 2.354134 -1.272457 1.802822 28.897513 8.894104 20.768607 1.999429 -1.154373 1.154374 -8.690638 18.041873 -12.337710 2.113314 -1.220119 1.220122 7.946593 -11.221933 1.406953 1.744290 -1.007034 1.007056 -0.000001 -0.000000 -0.000003 7.198479 -0.169237 1.742685 0.321249 3.500377 3.987061 2.844903 -0.000006 -0.000001 0.265683 2.465269 -16.816388 2.665505 -0.000019 0.000002 -0.020309 0.178482 -3.850820 2.297409 -0.000006 -0.000012 0.000000 0.000001 0.000000 6.876539 -0.000006 -0.000005 0.605069 7.624338 -16.487696 3.256827 0.000016 -0.000001 0.612746 3.443009 -27.102869 3.177892 -0.000010 -0.000002 0.271804 1.846630 -15.987009 2.695116 -0.000016 -0.000006 0.000000 0.000002 0.000003 6.623896 -0.059441 -1.696965 0.876768 8.006425 -34.399681 2.957999 -0.000007 0.000004 0.422035 2.000717 -17.172535 2.756902 0.000009 0.000002 0.298778 1.211759 -12.585002 2.334610 0.000011 0.000001 -0.000001 -0.000001 -0.000000 6.046968 -0.139187 -3.244340 3.587798 13.517598 -31.386116 2.623707 0.000009 0.000000 0.487203 2.680653 -29.100803 2.132117 0.000004 -0.000007 0.074785 1.530304 -6.724068 1.793219 0.000012 0.000000 -0.000003 -0.000001 0.000001 -4.224098 8.888414 -0.398196 -0.855008 5.246475 5.396786 22.093493 -2.727992 73.794723 -0.000020 32.516779 -0.000006 25.457271 8.380624 4.049675 -2.342537 -1.287619 1.805307 12.593951 -8.153694 -17.222421 -1.998870 -1.154047 1.154042 6.064830 -5.313234 -13.324095 -2.115646 -1.221473 1.221462 -13.753601 7.447206 9.069843 -1.745166 -1.007569 1.007566 -0.000001 -0.000011 -0.000001 -7.289624 -0.160562 1.788520 -0.934042 0.803122 10.773192 -2.816291 -0.000008 -0.000007 0.637324 -3.394051 26.746406 -2.639583 -0.000007 0.000007 -0.167847 -0.590567 17.433254 -2.241501 -0.000006 0.000014 0.000002 0.000002 0.000000 -7.060412 0.000008 0.000006 0.839964 -8.113515 23.112375 -3.340207 0.000003 0.000000 1.181246 -4.370036 38.023544 -3.056704 -0.000003 -0.000003 0.821945 -3.075371 31.081739 -2.639474 0.000000 -0.000009 -0.000001 0.000002 0.000000 -6.774590 0.049798 -1.636027 1.275984 -8.669401 41.005676 -2.923900 -0.000001 0.000013 0.713385 -2.594916 23.801116 -2.718001 -0.000011 0.000003 -0.130790 -0.209827 20.215118 -2.379610 0.000000 0.000009 -0.000000 -0.000001 0.000001 -6.148537 -0.175708 -3.130186 2.500283 -10.281923 45.253060 -2.627893 -0.000005 -0.000008 1.612578 -4.332255 49.089683 -2.122490 0.000017 -0.000005 -0.378858 -2.603567 43.266790 -1.792002 0.000002 0.000002 0.000001 -0.000002 -0.000001 7.556999 -4.826313 0.300478 -28.471184 -0.342211 1.304119 0.315534 -24.058294 0.537043 67.064323 2.618833 7.077238 -0.315537 -33.061478 0.084927 4.493386 0.182786 -0.860744 0.092046 -7.483318 10.511632 -5.994857 0.425113 -5.474219 0.082184 -0.046741 6.420124 -0.000001 -0.000000 0.000000 -7.557003 -4.826306 0.300484 -4.101856 -12.101552 9.621857 -0.315557 -24.058256 0.712181 12.317594 1.831905 -1.835713 0.315562 -33.061462 0.096916 -7.148552 -5.093193 -4.973681 -0.092060 -7.483411 10.296527 -2.773197 -0.000002 -0.000001 -0.082208 -0.046777 6.411405 -0.000000 -0.000000 -0.000000 
0.219347 68.685059 110.724838 -0.285095 9.949105 -3.536945 -0.000001 3.962386 -0.274314 2.603319 -0.672811 2.332733 0.000001 14.122135 -0.320022 1.656092 -2.278673 0.845950 0.000000 11.399152 -0.365733 -2.923703 -2.285056 0.251910 0.000000 9.938174 -0.411431 -3.367573 -1.151239 -0.983951 -0.000000 8.579116 0.114201 -1.349393 -3.841517 0.310223 0.000000 25.089088 0.333908 -0.000000 0.000000 -0.000000 4.224101 8.888440 -0.424614 8.280039 -20.929231 3.137780 1.625316 4.497742 -76.980269 0.000011 -36.305099 0.000006 19.884209 -19.957143 5.430811 2.354134 -1.272457 1.802822 28.897513 8.894104 20.768607 1.999429 -1.154373 1.154374 -8.690638 18.041873 -12.337710 2.113314 -1.220119 1.220122 7.946593 -11.221933 1.406953 1.744290 -1.007034 1.007056 -0.000001 -0.000000 -0.000003 7.198479 -0.169237 1.742685 0.321249 3.500377 3.987061 2.844903 -0.000006 -0.000001 0.265683 2.465269 -16.816388 2.665505 -0.000019 0.000002 -0.020309 0.178482 -3.850820 2.297409 -0.000006 -0.000012 0.000000 0.000001 0.000000 6.876539 -0.000006 -0.000005 0.605069 7.624338 -16.487696 3.256827 0.000016 -0.000001 0.612746 3.443009 -27.102869 3.177892 -0.000010 -0.000002 0.271804 1.846630 -15.987009 2.695116 -0.000016 -0.000006 0.000000 0.000002 0.000003 6.623896 -0.059441 -1.696965 0.876768 8.006425 -34.399681 2.957999 -0.000007 0.000004 0.422035 2.000717 -17.172535 2.756902 0.000009 0.000002 0.298778 1.211759 -12.585002 2.334610 0.000011 0.000001 -0.000001 -0.000001 -0.000000 6.046968 -0.139187 -3.244340 3.587798 13.517598 -31.386116 2.623707 0.000009 0.000000 0.487203 2.680653 -29.100803 2.132117 0.000004 -0.000007 0.074785 1.530304 -6.724068 1.793219 0.000012 0.000000 -0.000003 -0.000001 0.000001 -4.224098 8.888414 -0.398196 -0.855008 5.246475 5.396786 22.093493 -2.727992 73.794723 -0.000020 32.516779 -0.000006 25.457271 8.380624 4.049675 -2.342537 -1.287619 1.805307 12.593951 -8.153694 -17.222421 -1.998870 -1.154047 1.154042 6.064830 -5.313234 -13.324095 -2.115646 -1.221473 1.221462 -13.753601 7.447206 9.069843 -1.745166 -1.007569 1.007566 -0.000001 -0.000011 -0.000001 -7.289624 -0.160562 1.788520 -0.934042 0.803122 10.773192 -2.816291 -0.000008 -0.000007 0.637324 -3.394051 26.746406 -2.639583 -0.000007 0.000007 -0.167847 -0.590567 17.433254 -2.241501 -0.000006 0.000014 0.000002 0.000002 0.000000 -7.060412 0.000008 0.000006 0.839964 -8.113515 23.112375 -3.340207 0.000003 0.000000 1.181246 -4.370036 38.023544 -3.056704 -0.000003 -0.000003 0.821945 -3.075371 31.081739 -2.639474 0.000000 -0.000009 -0.000001 0.000002 0.000000 -6.774590 0.049798 -1.636027 1.275984 -8.669401 41.005676 -2.923900 -0.000001 0.000013 0.713385 -2.594916 23.801116 -2.718001 -0.000011 0.000003 -0.130790 -0.209827 20.215118 -2.379610 0.000000 0.000009 -0.000000 -0.000001 0.000001 -6.148537 -0.175708 -3.130186 2.500283 -10.281923 45.253060 -2.627893 -0.000005 -0.000008 1.612578 -4.332255 49.089683 -2.122490 0.000017 -0.000005 -0.378858 -2.603567 43.266790 -1.792002 0.000002 0.000002 0.000001 -0.000002 -0.000001 7.556999 -4.826313 0.300478 -28.471184 -0.342211 1.304119 0.315534 -24.058294 0.537043 67.064323 2.618833 7.077238 -0.315537 -33.061478 0.084927 4.493386 0.182786 -0.860744 0.092046 -7.483318 10.511632 -5.994857 0.425113 -5.474219 0.082184 -0.046741 6.420124 -0.000001 -0.000000 0.000000 -7.557003 -4.826306 0.300484 -4.101856 -12.101552 9.621857 -0.315557 -24.058256 0.712181 12.317594 1.831905 -1.835713 0.315562 -33.061462 0.096916 -7.148552 -5.093193 -4.973681 -0.092060 -7.483411 10.296527 -2.773197 -0.000002 -0.000001 -0.082208 -0.046777 6.411405 -0.000000 -0.000000 -0.000000 
0.219347 68.685059 110.724838 -0.285095 9.949105 -3.536945 -0.000001 3.962386 -0.274314 2.603319 -0.672811 2.332733 0.000001 14.122135 -0.320022 1.656092 -2.278673 0.845950 0.000000 11.399152 -0.365733 -2.923703 -2.285056 0.251910 0.000000 9.938174 -0.411431 -3.367573 -1.151239 -0.983951 -0.000000 8.579116 0.114201 -1.349393 -3.841517 0.310223 0.000000 25.089088 0.333908 -0.000000 0.000000 -0.000000 4.224101 8.888440 -0.424614 8.280039 -20.929231 3.137780 1.625316 4.497742 -76.980269 0.000011 -36.305099 0.000006 19.884209 -19.957143 5.430811 2.354134 -1.272457 1.802822 28.897513 8.894104 20.768607 1.999429 -1.154373 1.154374 -8.690638 18.041873 -12.337710 2.113314 -1.220119 1.220122 7.946593 -11.221933 1.406953 1.744290 -1.007034 1.007056 -0.000001 -0.000000 -0.000003 7.198479 -0.169237 1.742685 0.321249 3.500377 3.987061 2.844903 -0.000006 -0.000001 0.265683 2.465269 -16.816388 2.665505 -0.000019 0.000002 -0.020309 0.178482 -3.850820 2.297409 -0.000006 -0.000012 0.000000 0.000001 0.000000 6.876539 -0.000006 -0.000005 0.605069 7.624338 -16.487696 3.256827 0.000016 -0.000001 0.612746 3.443009 -27.102869 3.177892 -0.000010 -0.000002 0.271804 1.846630 -15.987009 2.695116 -0.000016 -0.000006 0.000000 0.000002 0.000003 6.623896 -0.059441 -1.696965 0.876768 8.006425 -34.399681 2.957999 -0.000007 0.000004 0.422035 2.000717 -17.172535 2.756902 0.000009 0.000002 0.298778 1.211759 -12.585002 2.334610 0.000011 0.000001 -0.000001 -0.000001 -0.000000 6.046968 -0.139187 -3.244340 3.587798 13.517598 -31.386116 2.623707 0.000009 0.000000 0.487203 2.680653 -29.100803 2.132117 0.000004 -0.000007 0.074785 1.530304 -6.724068 1.793219 0.000012 0.000000 -0.000003 -0.000001 0.000001 -4.224098 8.888414 -0.398196 -0.855008 5.246475 5.396786 22.093493 -2.727992 73.794723 -0.000020 32.516779 -0.000006 25.457271 8.380624 4.049675 -2.342537 -1.287619 1.805307 12.593951 -8.153694 -17.222421 -1.998870 -1.154047 1.154042 6.064830 -5.313234 -13.324095 -2.115646 -1.221473 1.221462 -13.753601 7.447206 9.069843 -1.745166 -1.007569 1.007566 -0.000001 -0.000011 -0.000001 -7.289624 -0.160562 1.788520 -0.934042 0.803122 10.773192 -2.816291 -0.000008 -0.000007 0.637324 -3.394051 26.746406 -2.639583 -0.000007 0.000007 -0.167847 -0.590567 17.433254 -2.241501 -0.000006 0.000014 0.000002 0.000002 0.000000 -7.060412 0.000008 0.000006 0.839964 -8.113515 23.112375 -3.340207 0.000003 0.000000 1.181246 -4.370036 38.023544 -3.056704 -0.000003 -0.000003 0.821945 -3.075371 31.081739 -2.639474 0.000000 -0.000009 -0.000001 0.000002 0.000000 -6.774590 0.049798 -1.636027 1.275984 -8.669401 41.005676 -2.923900 -0.000001 0.000013 0.713385 -2.594916 23.801116 -2.718001 -0.000011 0.000003 -0.130790 -0.209827 20.215118 -2.379610 0.000000 0.000009 -0.000000 -0.000001 0.000001 -6.148537 -0.175708 -3.130186 2.500283 -10.281923 45.253060 -2.627893 -0.000005 -0.000008 1.612578 -4.332255 49.089683 -2.122490 0.000017 -0.000005 -0.378858 -2.603567 43.266790 -1.792002 0.000002 0.000002 0.000001 -0.000002 -0.000001 7.556999 -4.826313 0.300478 -28.471184 -0.342211 1.304119 0.315534 -24.058294 0.537043 67.064323 2.618833 7.077238 -0.315537 -33.061478 0.084927 4.493386 0.182786 -0.860744 0.092046 -7.483318 10.511632 -5.994857 0.425113 -5.474219 0.082184 -0.046741 6.420124 -0.000001 -0.000000 0.000000 -7.557003 -4.826306 0.300484 -4.101856 -12.101552 9.621857 -0.315557 -24.058256 0.712181 12.317594 1.831905 -1.835713 0.315562 -33.061462 0.096916 -7.148552 -5.093193 -4.973681 -0.092060 -7.483411 10.296527 -2.773197 -0.000002 -0.000001 -0.082208 -0.046777 6.411405 -0.000000 -0.000000 -0.000000 
0.219347 68.685059 110.724838 -0.285095 9.949105 -3.536945 -0.000001 3.962386 -0.274314 2.603319 -0.672811 2.332733 0.000001 14.122135 -0.320022 1.656092 -2.278673 0.845950 0.000000 11.399152 -0.365733 -2.923703 -2.285056 0.251910 0.000000 9.938174 -0.411431 -3.367573 -1.151239 -0.983951 -0.000000 8.579116 0.114201 -1.349393 -3.841517 0.310223 0.000000 25.089088 0.333908 -0.000000 0.000000 -0.000000 4.224101 8.888440 -0.424614 8.280039 -20.929231 3.137780 1.625316 4.497742 -76.980269 0.000011 -36.305099 0.000006 19.884209 -19.957143 5.430811 2.354134 -1.272457 1.802822 28.897513 8.894104 20.768607 1.999429 -1.154373 1.154374 -8.690638 18.041873 -12.337710 2.113314 -1.220119 1.220122 7.946593 -11.221933 1.406953 1.744290 -1.007034 1.007056 -0.000001 -0.000000 -0.000003 7.198479 -0.169237 1.742685 0.321249 3.500377 3.987061 2.844903 -0.000006 -0.000001 0.265683 2.465269 -16.816388 2.665505 -0.000019 0.000002 -0.020309 0.178482 -3.850820 2.297409 -0.000006 -0.000012 0.000000 0.000001 0.000000 6.876539 -0.000006 -0.000005 0.605069 7.624338 -16.487696 3.256827 0.000016 -0.000001 0.612746 3.443009 -27.102869 3.177892 -0.000010 -0.000002 0.271804 1.846630 -15.987009 2.695116 -0.000016 -0.000006 0.000000 0.000002 0.000003 6.623896 -0.059441 -1.696965 0.876768 8.006425 -34.399681 2.957999 -0.000007 0.000004 0.422035 2.000717 -17.172535 2.756902 0.000009 0.000002 0.298778 1.211759 -12.585002 2.334610 0.000011 0.000001 -0.000001 -0.000001 -0.000000 6.046968 -0.139187 -3.244340 3.587798 13.517598 -31.386116 2.623707 0.000009 0.000000 0.487203 2.680653 -29.100803 2.132117 0.000004 -0.000007 0.074785 1.530304 -6.724068 1.793219 0.000012 0.000000 -0.000003 -0.000001 0.000001 -4.224098 8.888414 -0.398196 -0.855008 5.246475 5.396786 22.093493 -2.727992 73.794723 -0.000020 32.516779 -0.000006 25.457271 8.380624 4.049675 -2.342537 -1.287619 1.805307 12.593951 -8.153694 -17.222421 -1.998870 -1.154047 1.154042 6.064830 -5.313234 -13.324095 -2.115646 -1.221473 1.221462 -13.753601 7.447206 9.069843 -1.745166 -1.007569 1.007566 -0.000001 -0.000011 -0.000001 -7.289624 -0.160562 1.788520 -0.934042 0.803122 10.773192 -2.816291 -0.000008 -0.000007 0.637324 -3.394051 26.746406 -2.639583 -0.000007 0.000007 -0.167847 -0.590567 17.433254 -2.241501 -0.000006 0.000014 0.000002 0.000002 0.000000 -7.060412 0.000008 0.000006 0.839964 -8.113515 23.112375 -3.340207 0.000003 0.000000 1.181246 -4.370036 38.023544 -3.056704 -0.000003 -0.000003 0.821945 -3.075371 31.081739 -2.639474 0.000000 -0.000009 -0.000001 0.000002 0.000000 -6.774590 0.049798 -1.636027 1.275984 -8.669401 41.005676 -2.923900 -0.000001 0.000013 0.713385 -2.594916 23.801116 -2.718001 -0.000011 0.000003 -0.130790 -0.209827 20.215118 -2.379610 0.000000 0.000009 -0.000000 -0.000001 0.000001 -6.148537 -0.175708 -3.130186 2.500283 -10.281923 45.253060 -2.627893 -0.000005 -0.000008 1.612578 -4.332255 49.089683 -2.122490 0.000017 -0.000005 -0.378858 -2.603567 43.266790 -1.792002 0.000002 0.000002 0.000001 -0.000002 -0.000001 7.556999 -4.826313 0.300478 -28.471184 -0.342211 1.304119 0.315534 -24.058294 0.537043 67.064323 2.618833 7.077238 -0.315537 -33.061478 0.084927 4.493386 0.182786 -0.860744 0.092046 -7.483318 10.511632 -5.994857 0.425113 -5.474219 0.082184 -0.046741 6.420124 -0.000001 -0.000000 0.000000 -7.557003 -4.826306 0.300484 -4.101856 -12.101552 9.621857 -0.315557 -24.058256 0.712181 12.317594 1.831905 -1.835713 0.315562 -33.061462 0.096916 -7.148552 -5.093193 -4.973681 -0.092060 -7.483411 10.296527 -2.773197 -0.000002 -0.000001 -0.082208 -0.046777 6.411405 -0.000000 -0.000000 -0.000000 
0.219347 68.685059 110.724838 -0.285095 9.949105 -3.536945 -0.000001 3.962386 -0.274314 2.603319 -0.672811 2.332733 0.000001 14.122135 -0.320022 1.656092 -2.278673 0.845950 0.000000 11.399152 -0.365733 -2.923703 -2.285056 0.251910 0.000000 9.938174 -0.411431 -3.367573 -1.151239 -0.983951 -0.000000 8.579116 0.114201 -1.349393 -3.841517 0.310223 0.000000 25.089088 0.333908 -0.000000 0.000000 -0.000000 4.224101 8.888440 -0.424614 8.280039 -20.929231 3.137780 1.625316 4.497742 -76.980269 0.000011 -36.305099 0.000006 19.884209 -19.957143 5.430811 2.354134 -1.272457 1.802822 28.897513 8.894104 20.768607 1.999429 -1.154373 1.154374 -8.690638 18.041873 -12.337710 2.113314 -1.220119 1.220122 7.946593 -11.221933 1.406953 1.744290 -1.007034 1.007056 -0.000001 -0.000000 -0.000003 7.198479 -0.169237 1.742685 0.321249 3.500377 3.987061 2.844903 -0.000006 -0.000001 0.265683 2.465269 -16.816388 2.665505 -0.000019 0.000002 -0.020309 0.178482 -3.850820 2.297409 -0.000006 -0.000012 0.000000 0.000001 0.000000 6.876539 -0.000006 -0.000005 0.605069 7.624338 -16.487696 3.256827 0.000016 -0.000001 0.612746 3.443009 -27.102869 3.177892 -0.000010 -0.000002 0.271804 1.846630 -15.987009 2.695116 -0.000016 -0.000006 0.000000 0.000002 0.000003 6.623896 -0.059441 -1.696965 0.876768 8.006425 -34.399681 2.957999 -0.000007 0.000004 0.422035 2.000717 -17.172535 2.756902 0.000009 0.000002 0.298778 1.211759 -12.585002 2.334610 0.000011 0.000001 -0.000001 -0.000001 -0.000000 6.046968 -0.139187 -3.244340 3.587798 13.517598 -31.386116 2.623707 0.000009 0.000000 0.487203 2.680653 -29.100803 2.132117 0.000004 -0.000007 0.074785 1.530304 -6.724068 1.793219 0.000012 0.000000 -0.000003 -0.000001 0.000001 -4.224098 8.888414 -0.398196 -0.855008 5.246475 5.396786 22.093493 -2.727992 73.794723 -0.000020 32.516779 -0.000006 25.457271 8.380624 4.049675 -2.342537 -1.287619 1.805307 12.593951 -8.153694 -17.222421 -1.998870 -1.154047 1.154042 6.064830 -5.313234 -13.324095 -2.115646 -1.221473 1.221462 -13.753601 7.447206 9.069843 -1.745166 -1.007569 1.007566 -0.000001 -0.000011 -0.000001 -7.289624 -0.160562 1.788520 -0.934042 0.803122 10.773192 -2.816291 -0.000008 -0.000007 0.637324 -3.394051 26.746406 -2.639583 -0.000007 0.000007 -0.167847 -0.590567 17.433254 -2.241501 -0.000006 0.000014 0.000002 0.000002 0.000000 -7.060412 0.000008 0.000006 0.839964 -8.113515 23.112375 -3.340207 0.000003 0.000000 1.181246 -4.370036 38.023544 -3.056704 -0.000003 -0.000003 0.821945 -3.075371 31.081739 -2.639474 0.000000 -0.000009 -0.000001 0.000002 0.000000 -6.774590 0.049798 -1.636027 1.275984 -8.669401 41.005676 -2.923900 -0.000001 0.000013 0.713385 -2.594916 23.801116 -2.718001 -0.000011 0.000003 -0.130790 -0.209827 20.215118 -2.379610 0.000000 0.000009 -0.000000 -0.000001 0.000001 -6.148537 -0.175708 -3.130186 2.500283 -10.281923 45.253060 -2.627893 -0.000005 -0.000008 1.612578 -4.332255 49.089683 -2.122490 0.000017 -0.000005 -0.378858 -2.603567 43.266790 -1.792002 0.000002 0.000002 0.000001 -0.000002 -0.000001 7.556999 -4.826313 0.300478 -28.471184 -0.342211 1.304119 0.315534 -24.058294 0.537043 67.064323 2.618833 7.077238 -0.315537 -33.061478 0.084927 4.493386 0.182786 -0.860744 0.092046 -7.483318 10.511632 -5.994857 0.425113 -5.474219 0.082184 -0.046741 6.420124 -0.000001 -0.000000 0.000000 -7.557003 -4.826306 0.300484 -4.101856 -12.101552 9.621857 -0.315557 -24.058256 0.712181 12.317594 1.831905 -1.835713 0.315562 -33.061462 0.096916 -7.148552 -5.093193 -4.973681 -0.092060 -7.483411 10.296527 -2.773197 -0.000002 -0.000001 -0.082208 -0.046777 6.411405 -0.000000 -0.000000 -0.000000 
0.219347 68.685059 110.724838 -0.285095 9.949105 -3.536945 -0.000001 3.962386 -0.274314 2.603319 -0.672811 2.332733 0.000001 14.122135 -0.320022 1.656092 -2.278673 0.845950 0.000000 11.399152 -0.365733 -2.923703 -2.285056 0.251910 0.000000 9.938174 -0.411431 -3.367573 -1.151239 -0.983951 -0.000000 8.579116 0.114201 -1.349393 -3.841517 0.310223 0.000000 25.089088 0.333908 -0.000000 0.000000 -0.000000 4.224101 8.888440 -0.424614 8.280039 -20.929231 3.137780 1.625316 4.497742 -76.980269 0.000011 -36.305099 0.000006 19.884209 -19.957143 5.430811 2.354134 -1.272457 1.802822 28.897513 8.894104 20.768607 1.999429 -1.154373 1.154374 -8.690638 18.041873 -12.337710 2.113314 -1.220119 1.220122 7.946593 -11.221933 1.406953 1.744290 -1.007034 1.007056 -0.000001 -0.000000 -0.000003 7.198479 -0.169237 1.742685 0.321249 3.500377 3.987061 2.844903 -0.000006 -0.000001 0.265683 2.465269 -16.816388 2.665505 -0.000019 0.000002 -0.020309 0.178482 -3.850820 2.297409 -0.000006 -0.000012 0.000000 0.000001 0.000000 6.876539 -0.000006 -0.000005 0.605069 7.624338 -16.487696 3.256827 0.000016 -0.000001 0.612746 3.443009 -27.102869 3.177892 -0.000010 -0.000002 0.271804 1.846630 -15.987009 2.695116 -0.000016 -0.000006 0.000000 0.000002 0.000003 6.623896 -0.059441 -1.696965 0.876768 8.006425 -34.399681 2.957999 -0.000007 0.000004 0.422035 2.000717 -17.172535 2.756902 0.000009 0.000002 0.298778 1.211759 -12.585002 2.334610 0.000011 0.000001 -0.000001 -0.000001 -0.000000 6.046968 -0.139187 -3.244340 3.587798 13.517598 -31.386116 2.623707 0.000009 0.000000 0.487203 2.680653 -29.100803 2.132117 0.000004 -0.000007 0.074785 1.530304 -6.724068 1.793219 0.000012 0.000000 -0.000003 -0.000001 0.000001 -4.224098 8.888414 -0.398196 -0.855008 5.246475 5.396786 22.093493 -2.727992 73.794723 -0.000020 32.516779 -0.000006 25.457271 8.380624 4.049675 -2.342537 -1.287619 1.805307 12.593951 -8.153694 -17.222421 -1.998870 -1.154047 1.154042 6.064830 -5.313234 -13.324095 -2.115646 -1.221473 1.221462 -13.753601 7.447206 9.069843 -1.745166 -1.007569 1.007566 -0.000001 -0.000011 -0.000001 -7.289624 -0.160562 1.788520 -0.934042 0.803122 10.773192 -2.816291 -0.000008 -0.000007 0.637324 -3.394051 26.746406 -2.639583 -0.000007 0.000007 -0.167847 -0.590567 17.433254 -2.241501 -0.000006 0.000014 0.000002 0.000002 0.000000 -7.060412 0.000008 0.000006 0.839964 -8.113515 23.112375 -3.340207 0.000003 0.000000 1.181246 -4.370036 38.023544 -3.056704 -0.000003 -0.000003 0.821945 -3.075371 31.081739 -2.639474 0.000000 -0.000009 -0.000001 0.000002 0.000000 -6.774590 0.049798 -1.636027 1.275984 -8.669401 41.005676 -2.923900 -0.000001 0.000013 0.713385 -2.594916 23.801116 -2.718001 -0.000011 0.000003 -0.130790 -0.209827 20.215118 -2.379610 0.000000 0.000009 -0.000000 -0.000001 0.000001 -6.148537 -0.175708 -3.130186 2.500283 -10.281923 45.253060 -2.627893 -0.000005 -0.000008 1.612578 -4.332255 49.089683 -2.122490 0.000017 -0.000005 -0.378858 -2.603567 43.266790 -1.792002 0.000002 0.000002 0.000001 -0.000002 -0.000001 7.556999 -4.826313 0.300478 -28.471184 -0.342211 1.304119 0.315534 -24.058294 0.537043 67.064323 2.618833 7.077238 -0.315537 -33.061478 0.084927 4.493386 0.182786 -0.860744 0.092046 -7.483318 10.511632 -5.994857 0.425113 -5.474219 0.082184 -0.046741 6.420124 -0.000001 -0.000000 0.000000 -7.557003 -4.826306 0.300484 -4.101856 -12.101552 9.621857 -0.315557 -24.058256 0.712181 12.317594 1.831905 -1.835713 0.315562 -33.061462 0.096916 -7.148552 -5.093193 -4.973681 -0.092060 -7.483411 10.296527 -2.773197 -0.000002 -0.000001 -0.082208 -0.046777 6.411405 -0.000000 -0.000000 -0.000000 
0.219347 68.685059 110.724838 -0.285095 9.949105 -3.536945 -0.000001 3.962386 -0.274314 2.603319 -0.672811 2.332733 0.000001 14.122135 -0.320022 1.656092 -2.278673 0.845950 0.000000 11.399152 -0.365733 -2.923703 -2.285056 0.251910 0.000000 9.938174 -0.411431 -3.367573 -1.151239 -0.983951 -0.000000 8.579116 0.114201 -1.349393 -3.841517 0.310223 0.000000 25.089088 0.333908 -0.000000 0.000000 -0.000000 4.224101 8.888440 -0.424614 8.280039 -20.929231 3.137780 1.625316 4.497742 -76.980269 0.000011 -36.305099 0.000006 19.884209 -19.957143 5.430811 2.354134 -1.272457 1.802822 28.897513 8.894104 20.768607 1.999429 -1.154373 1.154374 -8.690638 18.041873 -12.337710 2.113314 -1.220119 1.220122 7.946593 -11.221933 1.406953 1.744290 -1.007034 1.007056 -0.000001 -0.000000 -0.000003 7.198479 -0.169237 1.742685 0.321249 3.500377 3.987061 2.844903 -0.000006 -0.000001 0.265683 2.465269 -16.816388 2.665505 -0.000019 0.000002 -0.020309 0.178482 -3.850820 2.297409 -0.000006 -0.000012 0.000000 0.000001 0.000000 6.876539 -0.000006 -0.000005 0.605069 7.624338 -16.487696 3.256827 0.000016 -0.000001 0.612746 3.443009 -27.102869 3.177892 -0.000010 -0.000002 0.271804 1.846630 -15.987009 2.695116 -0.000016 -0.000006 0.000000 0.000002 0.000003 6.623896 -0.059441 -1.696965 0.876768 8.006425 -34.399681 2.957999 -0.000007 0.000004 0.422035 2.000717 -17.172535 2.756902 0.000009 0.000002 0.298778 1.211759 -12.585002 2.334610 0.000011 0.000001 -0.000001 -0.000001 -0.000000 6.046968 -0.139187 -3.244340 3.587798 13.517598 -31.386116 2.623707 0.000009 0.000000 0.487203 2.680653 -29.100803 2.132117 0.000004 -0.000007 0.074785 1.530304 -6.724068 1.793219 0.000012 0.000000 -0.000003 -0.000001 0.000001 -4.224098 8.888414 -0.398196 -0.855008 5.246475 5.396786 22.093493 -2.727992 73.794723 -0.000020 32.516779 -0.000006 25.457271 8.380624 4.049675 -2.342537 -1.287619 1.805307 12.593951 -8.153694 -17.222421 -1.998870 -1.154047 1.154042 6.064830 -5.313234 -13.324095 -2.115646 -1.221473 1.221462 -13.753601 7.447206 9.069843 -1.745166 -1.007569 1.007566 -0.000001 -0.000011 -0.000001 -7.289624 -0.160562 1.788520 -0.934042 0.803122 10.773192 -2.816291 -0.000008 -0.000007 0.637324 -3.394051 26.746406 -2.639583 -0.000007 0.000007 -0.167847 -0.590567 17.433254 -2.241501 -0.000006 0.000014 0.000002 0.000002 0.000000 -7.060412 0.000008 0.000006 0.839964 -8.113515 23.112375 -3.340207 0.000003 0.000000 1.181246 -4.370036 38.023544 -3.056704 -0.000003 -0.000003 0.821945 -3.075371 31.081739 -2.639474 0.000000 -0.000009 -0.000001 0.000002 0.000000 -6.774590 0.049798 -1.636027 1.275984 -8.669401 41.005676 -2.923900 -0.000001 0.000013 0.713385 -2.594916 23.801116 -2.718001 -0.000011 0.000003 -0.130790 -0.209827 20.215118 -2.379610 0.000000 0.000009 -0.000000 -0.000001 0.000001 -6.148537 -0.175708 -3.130186 2.500283 -10.281923 45.253060 -2.627893 -0.000005 -0.000008 1.612578 -4.332255 49.089683 -2.122490 0.000017 -0.000005 -0.378858 -2.603567 43.266790 -1.792002 0.000002 0.000002 0.000001 -0.000002 -0.000001 7.556999 -4.826313 0.300478 -28.471184 -0.342211 1.304119 0.315534 -24.058294 0.537043 67.064323 2.618833 7.077238 -0.315537 -33.061478 0.084927 4.493386 0.182786 -0.860744 0.092046 -7.483318 10.511632 -5.994857 0.425113 -5.474219 0.082184 -0.046741 6.420124 -0.000001 -0.000000 0.000000 -7.557003 -4.826306 0.300484 -4.101856 -12.101552 9.621857 -0.315557 -24.058256 0.712181 12.317594 1.831905 -1.835713 0.315562 -33.061462 0.096916 -7.148552 -5.093193 -4.973681 -0.092060 -7.483411 10.296527 -2.773197 -0.000002 -0.000001 -0.082208 -0.046777 6.411405 -0.000000 -0.000000 -0.000000 
0.219347 68.685059 110.724838 -0.285095 9.949105 -3.536945 -0.000001 3.962386 -0.274314 2.603319 -0.672811 2.332733 0.000001 14.122135 -0.320022 1.656092 -2.278673 0.845950 0.000000 11.399152 -0.365733 -2.923703 -2.285056 0.251910 0.000000 9.938174 -0.411431 -3.367573 -1.151239 -0.983951 -0.000000 8.579116 0.114201 -1.349393 -3.841517 0.310223 0.000000 25.089088 0.333908 -0.000000 0.000000 -0.000000 4.224101 8.888440 -0.424614 8.280039 -20.929231 3.137780 1.625316 4.497742 -76.980269 0.000011 -36.305099 0.000006 19.884209 -19.957143 5.430811 2.354134 -1.272457 1.802822 28.897513 8.894104 20.768607 1.999429 -1.154373 1.154374 -8.690638 18.041873 -12.337710 2.113314 -1.220119 1.220122 7.946593 -11.221933 1.406953 1.744290 -1.007034 1.007056 -0.000001 -0.000000 -0.000003 7.198479 -0.169237 1.742685 0.321249 3.500377 3.987061 2.844903 -0.000006 -0.000001 0.265683 2.465269 -16.816388 2.665505 -0.000019 0.000002 -0.020309 0.178482 -3.850820 2.297409 -0.000006 -0.000012 0.000000 0.000001 0.000000 6.876539 -0.000006 -0.000005 0.605069 7.624338 -16.487696 3.256827 0.000016 -0.000001 0.612746 3.443009 -27.102869 3.177892 -0.000010 -0.000002 0.271804 1.846630 -15.987009 2.695116 -0.000016 -0.000006 0.000000 0.000002 0.000003 6.623896 -0.059441 -1.696965 0.876768 8.006425 -34.399681 2.957999 -0.000007 0.000004 0.422035 2.000717 -17.172535 2.756902 0.000009 0.000002 0.298778 1.211759 -12.585002 2.334610 0.000011 0.000001 -0.000001 -0.000001 -0.000000 6.046968 -0.139187 -3.244340 3.587798 13.517598 -31.386116 2.623707 0.000009 0.000000 0.487203 2.680653 -29.100803 2.132117 0.000004 -0.000007 0.074785 1.530304 -6.724068 1.793219 0.000012 0.000000 -0.000003 -0.000001 0.000001 -4.224098 8.888414 -0.398196 -0.855008 5.246475 5.396786 22.093493 -2.727992 73.794723 -0.000020 32.516779 -0.000006 25.457271 8.380624 4.049675 -2.342537 -1.287619 1.805307 12.593951 -8.153694 -17.222421 -1.998870 -1.154047 1.154042 6.064830 -5.313234 -13.324095 -2.115646 -1.221473 1.221462 -13.753601 7.447206 9.069843 -1.745166 -1.007569 1.007566 -0.000001 -0.000011 -0.000001 -7.289624 -0.160562 1.788520 -0.934042 0.803122 10.773192 -2.816291 -0.000008 -0.000007 0.637324 -3.394051 26.746406 -2.639583 -0.000007 0.000007 -0.167847 -0.590567 17.433254 -2.241501 -0.000006 0.000014 0.000002 0.000002 0.000000 -7.060412 0.000008 0.000006 0.839964 -8.113515 23.112375 -3.340207 0.000003 0.000000 1.181246 -4.370036 38.023544 -3.056704 -0.000003 -0.000003 0.821945 -3.075371 31.081739 -2.639474 0.000000 -0.000009 -0.000001 0.000002 0.000000 -6.774590 0.049798 -1.636027 1.275984 -8.669401 41.005676 -2.923900 -0.000001 0.000013 0.713385 -2.594916 23.801116 -2.718001 -0.000011 0.000003 -0.130790 -0.209827 20.215118 -2.379610 0.000000 0.000009 -0.000000 -0.000001 0.000001 -6.148537 -0.175708 -3.130186 2.500283 -10.281923 45.253060 -2.627893 -0.000005 -0.000008 1.612578 -4.332255 49.089683 -2.122490 0.000017 -0.000005 -0.378858 -2.603567 43.266790 -1.792002 0.000002 0.000002 0.000001 -0.000002 -0.000001 7.556999 -4.826313 0.300478 -28.471184 -0.342211 1.304119 0.315534 -24.058294 0.537043 67.064323 2.618833 7.077238 -0.315537 -33.061478 0.084927 4.493386 0.182786 -0.860744 0.092046 -7.483318 10.511632 -5.994857 0.425113 -5.474219 0.082184 -0.046741 6.420124 -0.000001 -0.000000 0.000000 -7.557003 -4.826306 0.300484 -4.101856 -12.101552 9.621857 -0.315557 -24.058256 0.712181 12.317594 1.831905 -1.835713 0.315562 -33.061462 0.096916 -7.148552 -5.093193 -4.973681 -0.092060 -7.483411 10.296527 -2.773197 -0.000002 -0.000001 -0.082208 -0.046777 6.411405 -0.000000 -0.000000 -0.000000 
0.219347 68.685059 110.724838 -0.285095 9.949105 -3.536945 -0.000001 3.962386 -0.274314 2.603319 -0.672811 2.332733 0.000001 14.122135 -0.320022 1.656092 -2.278673 0.845950 0.000000 11.399152 -0.365733 -2.923703 -2.285056 0.251910 0.000000 9.938174 -0.411431 -3.367573 -1.151239 -0.983951 -0.000000 8.579116 0.114201 -1.349393 -3.841517 0.310223 0.000000 25.089088 0.333908 -0.000000 0.000000 -0.000000 4.224101 8.888440 -0.424614 8.280039 -20.929231 3.137780 1.625316 4.497742 -76.980269 0.000011 -36.305099 0.000006 19.884209 -19.957143 5.430811 2.354134 -1.272457 1.802822 28.897513 8.894104 20.768607 1.999429 -1.154373 1.154374 -8.690638 18.041873 -12.337710 2.113314 -1.220119 1.220122 7.946593 -11.221933 1.406953 1.744290 -1.007034 1.007056 -0.000001 -0.000000 -0.000003 7.198479 -0.169237 1.742685 0.321249 3.500377 3.987061 2.844903 -0.000006 -0.000001 0.265683 2.465269 -16.816388 2.665505 -0.000019 0.000002 -0.020309 0.178482 -3.850820 2.297409 -0.000006 -0.000012 0.000000 0.000001 0.000000 6.876539 -0.000006 -0.000005 0.605069 7.624338 -16.487696 3.256827 0.000016 -0.000001 0.612746 3.443009 -27.102869 3.177892 -0.000010 -0.000002 0.271804 1.846630 -15.987009 2.695116 -0.000016 -0.000006 0.000000 0.000002 0.000003 6.623896 -0.059441 -1.696965 0.876768 8.006425 -34.399681 2.957999 -0.000007 0.000004 0.422035 2.000717 -17.172535 2.756902 0.000009 0.000002 0.298778 1.211759 -12.585002 2.334610 0.000011 0.000001 -0.000001 -0.000001 -0.000000 6.046968 -0.139187 -3.244340 3.587798 13.517598 -31.386116 2.623707 0.000009 0.000000 0.487203 2.680653 -29.100803 2.132117 0.000004 -0.000007 0.074785 1.530304 -6.724068 1.793219 0.000012 0.000000 -0.000003 -0.000001 0.000001 -4.224098 8.888414 -0.398196 -0.855008 5.246475 5.396786 22.093493 -2.727992 73.794723 -0.000020 32.516779 -0.000006 25.457271 8.380624 4.049675 -2.342537 -1.287619 1.805307 12.593951 -8.153694 -17.222421 -1.998870 -1.154047 1.154042 6.064830 -5.313234 -13.324095 -2.115646 -1.221473 1.221462 -13.753601 7.447206 9.069843 -1.745166 -1.007569 1.007566 -0.000001 -0.000011 -0.000001 -7.289624 -0.160562 1.788520 -0.934042 0.803122 10.773192 -2.816291 -0.000008 -0.000007 0.637324 -3.394051 26.746406 -2.639583 -0.000007 0.000007 -0.167847 -0.590567 17.433254 -2.241501 -0.000006 0.000014 0.000002 0.000002 0.000000 -7.060412 0.000008 0.000006 0.839964 -8.113515 23.112375 -3.340207 0.000003 0.000000 1.181246 -4.370036 38.023544 -3.056704 -0.000003 -0.000003 0.821945 -3.075371 31.081739 -2.639474 0.000000 -0.000009 -0.000001 0.000002 0.000000 -6.774590 0.049798 -1.636027 1.275984 -8.669401 41.005676 -2.923900 -0.000001 0.000013 0.713385 -2.594916 23.801116 -2.718001 -0.000011 0.000003 -0.130790 -0.209827 20.215118 -2.379610 0.000000 0.000009 -0.000000 -0.000001 0.000001 -6.148537 -0.175708 -3.130186 2.500283 -10.281923 45.253060 -2.627893 -0.000005 -0.000008 1.612578 -4.332255 49.089683 -2.122490 0.000017 -0.000005 -0.378858 -2.603567 43.266790 -1.792002 0.000002 0.000002 0.000001 -0.000002 -0.000001 7.556999 -4.826313 0.300478 -28.471184 -0.342211 1.304119 0.315534 -24.058294 0.537043 67.064323 2.618833 7.077238 -0.315537 -33.061478 0.084927 4.493386 0.182786 -0.860744 0.092046 -7.483318 10.511632 -5.994857 0.425113 -5.474219 0.082184 -0.046741 6.420124 -0.000001 -0.000000 0.000000 -7.557003 -4.826306 0.300484 -4.101856 -12.101552 9.621857 -0.315557 -24.058256 0.712181 12.317594 1.831905 -1.835713 0.315562 -33.061462 0.096916 -7.148552 -5.093193 -4.973681 -0.092060 -7.483411 10.296527 -2.773197 -0.000002 -0.000001 -0.082208 -0.046777 6.411405 -0.000000 -0.000000 -0.000000 
0.219347 68.685059 110.724838 -0.285095 9.949105 -3.536945 -0.000001 3.962386 -0.274314 2.603319 -0.672811 2.332733 0.000001 14.122135 -0.320022 1.656092 -2.278673 0.845950 0.000000 11.399152 -0.365733 -2.923703 -2.285056 0.251910 0.000000 9.938174 -0.411431 -3.367573 -1.151239 -0.983951 -0.000000 8.579116 0.114201 -1.349393 -3.841517 0.310223 0.000000 25.089088 0.333908 -0.000000 0.000000 -0.000000 4.224101 8.888440 -0.424614 8.280039 -20.929231 3.137780 1.625316 4.497742 -76.980269 0.000011 -36.305099 0.000006 19.884209 -19.957143 5.430811 2.354134 -1.272457 1.802822 28.897513 8.894104 20.768607 1.999429 -1.154373 1.154374 -8.690638 18.041873 -12.337710 2.113314 -1.220119 1.220122 7.946593 -11.221933 1.406953 1.744290 -1.007034 1.007056 -0.000001 -0.000000 -0.000003 7.198479 -0.169237 1.742685 0.321249 3.500377 3.987061 2.844903 -0.000006 -0.000001 0.265683 2.465269 -16.816388 2.665505 -0.000019 0.000002 -0.020309 0.178482 -3.850820 2.297409 -0.000006 -0.000012 0.000000 0.000001 0.000000 6.876539 -0.000006 -0.000005 0.605069 7.624338 -16.487696 3.256827 0.000016 -0.000001 0.612746 3.443009 -27.102869 3.177892 -0.000010 -0.000002 0.271804 1.846630 -15.987009 2.695116 -0.000016 -0.000006 0.000000 0.000002 0.000003 6.623896 -0.059441 -1.696965 0.876768 8.006425 -34.399681 2.957999 -0.000007 0.000004 0.422035 2.000717 -17.172535 2.756902 0.000009 0.000002 0.298778 1.211759 -12.585002 2.334610 0.000011 0.000001 -0.000001 -0.000001 -0.000000 6.046968 -0.139187 -3.244340 3.587798 13.517598 -31.386116 2.623707 0.000009 0.000000 0.487203 2.680653 -29.100803 2.132117 0.000004 -0.000007 0.074785 1.530304 -6.724068 1.793219 0.000012 0.000000 -0.000003 -0.000001 0.000001 -4.224098 8.888414 -0.398196 -0.855008 5.246475 5.396786 22.093493 -2.727992 73.794723 -0.000020 32.516779 -0.000006 25.457271 8.380624 4.049675 -2.342537 -1.287619 1.805307 12.593951 -8.153694 -17.222421 -1.998870 -1.154047 1.154042 6.064830 -5.313234 -13.324095 -2.115646 -1.221473 1.221462 -13.753601 7.447206 9.069843 -1.745166 -1.007569 1.007566 -0.000001 -0.000011 -0.000001 -7.289624 -0.160562 1.788520 -0.934042 0.803122 10.773192 -2.816291 -0.000008 -0.000007 0.637324 -3.394051 26.746406 -2.639583 -0.000007 0.000007 -0.167847 -0.590567 17.433254 -2.241501 -0.000006 0.000014 0.000002 0.000002 0.000000 -7.060412 0.000008 0.000006 0.839964 -8.113515 23.112375 -3.340207 0.000003 0.000000 1.181246 -4.370036 38.023544 -3.056704 -0.000003 -0.000003 0.821945 -3.075371 31.081739 -2.639474 0.000000 -0.000009 -0.000001 0.000002 0.000000 -6.774590 0.049798 -1.636027 1.275984 -8.669401 41.005676 -2.923900 -0.000001 0.000013 0.713385 -2.594916 23.801116 -2.718001 -0.000011 0.000003 -0.130790 -0.209827 20.215118 -2.379610 0.000000 0.000009 -0.000000 -0.000001 0.000001 -6.148537 -0.175708 -3.130186 2.500283 -10.281923 45.253060 -2.627893 -0.000005 -0.000008 1.612578 -4.332255 49.089683 -2.122490 0.000017 -0.000005 -0.378858 -2.603567 43.266790 -1.792002 0.000002 0.000002 0.000001 -0.000002 -0.000001 7.556999 -4.826313 0.300478 -28.471184 -0.342211 1.304119 0.315534 -24.058294 0.537043 67.064323 2.618833 7.077238 -0.315537 -33.061478 0.084927 4.493386 0.182786 -0.860744 0.092046 -7.483318 10.511632 -5.994857 0.425113 -5.474219 0.082184 -0.046741 6.420124 -0.000001 -0.000000 0.000000 -7.557003 -4.826306 0.300484 -4.101856 -12.101552 9.621857 -0.315557 -24.058256 0.712181 12.317594 1.831905 -1.835713 0.315562 -33.061462 0.096916 -7.148552 -5.093193 -4.973681 -0.092060 -7.483411 10.296527 -2.773197 -0.000002 -0.000001 -0.082208 -0.046777 6.411405 -0.000000 -0.000000 -0.000000 
0.219347 68.685059 110.724838 -0.285095 9.949105 -3.536945 -0.000001 3.962386 -0.274314 2.603319 -0.672811 2.332733 0.000001 14.122135 -0.320022 1.656092 -2.278673 0.845950 0.000000 11.399152 -0.365733 -2.923703 -2.285056 0.251910 0.000000 9.938174 -0.411431 -3.367573 -1.151239 -0.983951 -0.000000 8.579116 0.114201 -1.349393 -3.841517 0.310223 0.000000 25.089088 0.333908 -0.000000 0.000000 -0.000000 4.224101 8.888440 -0.424614 8.280039 -20.929231 3.137780 1.625316 4.497742 -76.980269 0.000011 -36.305099 0.000006 19.884209 -19.957143 5.430811 2.354134 -1.272457 1.802822 28.897513 8.894104 20.768607 1.999429 -1.154373 1.154374 -8.690638 18.041873 -12.337710 2.113314 -1.220119 1.220122 7.946593 -11.221933 1.406953 1.744290 -1.007034 1.007056 -0.000001 -0.000000 -0.000003 7.198479 -0.169237 1.742685 0.321249 3.500377 3.987061 2.844903 -0.000006 -0.000001 0.265683 2.465269 -16.816388 2.665505 -0.000019 0.000002 -0.020309 0.178482 -3.850820 2.297409 -0.000006 -0.000012 0.000000 0.000001 0.000000 6.876539 -0.000006 -0.000005 0.605069 7.624338 -16.487696 3.256827 0.000016 -0.000001 0.612746 3.443009 -27.102869 3.177892 -0.000010 -0.000002 0.271804 1.846630 -15.987009 2.695116 -0.000016 -0.000006 0.000000 0.000002 0.000003 6.623896 -0.059441 -1.696965 0.876768 8.006425 -34.399681 2.957999 -0.000007 0.000004 0.422035 2.000717 -17.172535 2.756902 0.000009 0.000002 0.298778 1.211759 -12.585002 2.334610 0.000011 0.000001 -0.000001 -0.000001 -0.000000 6.046968 -0.139187 -3.244340 3.587798 13.517598 -31.386116 2.623707 0.000009 0.000000 0.487203 2.680653 -29.100803 2.132117 0.000004 -0.000007 0.074785 1.530304 -6.724068 1.793219 0.000012 0.000000 -0.000003 -0.000001 0.000001 -4.224098 8.888414 -0.398196 -0.855008 5.246475 5.396786 22.093493 -2.727992 73.794723 -0.000020 32.516779 -0.000006 25.457271 8.380624 4.049675 -2.342537 -1.287619 1.805307 12.593951 -8.153694 -17.222421 -1.998870 -1.154047 1.154042 6.064830 -5.313234 -13.324095 -2.115646 -1.221473 1.221462 -13.753601 7.447206 9.069843 -1.745166 -1.007569 1.007566 -0.000001 -0.000011 -0.000001 -7.289624 -0.160562 1.788520 -0.934042 0.803122 10.773192 -2.816291 -0.000008 -0.000007 0.637324 -3.394051 26.746406 -2.639583 -0.000007 0.000007 -0.167847 -0.590567 17.433254 -2.241501 -0.000006 0.000014 0.000002 0.000002 0.000000 -7.060412 0.000008 0.000006 0.839964 -8.113515 23.112375 -3.340207 0.000003 0.000000 1.181246 -4.370036 38.023544 -3.056704 -0.000003 -0.000003 0.821945 -3.075371 31.081739 -2.639474 0.000000 -0.000009 -0.000001 0.000002 0.000000 -6.774590 0.049798 -1.636027 1.275984 -8.669401 41.005676 -2.923900 -0.000001 0.000013 0.713385 -2.594916 23.801116 -2.718001 -0.000011 0.000003 -0.130790 -0.209827 20.215118 -2.379610 0.000000 0.000009 -0.000000 -0.000001 0.000001 -6.148537 -0.175708 -3.130186 2.500283 -10.281923 45.253060 -2.627893 -0.000005 -0.000008 1.612578 -4.332255 49.089683 -2.122490 0.000017 -0.000005 -0.378858 -2.603567 43.266790 -1.792002 0.000002 0.000002 0.000001 -0.000002 -0.000001 7.556999 -4.826313 0.300478 -28.471184 -0.342211 1.304119 0.315534 -24.058294 0.537043 67.064323 2.618833 7.077238 -0.315537 -33.061478 0.084927 4.493386 0.182786 -0.860744 0.092046 -7.483318 10.511632 -5.994857 0.425113 -5.474219 0.082184 -0.046741 6.420124 -0.000001 -0.000000 0.000000 -7.557003 -4.826306 0.300484 -4.101856 -12.101552 9.621857 -0.315557 -24.058256 0.712181 12.317594 1.831905 -1.835713 0.315562 -33.061462 0.096916 -7.148552 -5.093193 -4.973681 -0.092060 -7.483411 10.296527 -2.773197 -0.000002 -0.000001 -0.082208 -0.046777 6.411405 -0.000000 -0.000000 -0.000000 
0.219347 68.685059 110.724838 -0.285095 9.949105 -3.536945 -0.000001 3.962386 -0.274314 2.603319 -0.672811 2.332733 0.000001 14.122135 -0.320022 1.656092 -2.278673 0.845950 0.000000 11.399152 -0.365733 -2.923703 -2.285056 0.251910 0.000000 9.938174 -0.411431 -3.367573 -1.151239 -0.983951 -0.000000 8.579116 0.114201 -1.349393 -3.841517 0.310223 0.000000 25.089088 0.333908 -0.000000 0.000000 -0.000000 4.224101 8.888440 -0.424614 8.280039 -20.929231 3.137780 1.625316 4.497742 -76.980269 0.000011 -36.305099 0.000006 19.884209 -19.957143 5.430811 2.354134 -1.272457 1.802822 28.897513 8.894104 20.768607 1.999429 -1.154373 1.154374 -8.690638 18.041873 -12.337710 2.113314 -1.220119 1.220122 7.946593 -11.221933 1.406953 1.744290 -1.007034 1.007056 -0.000001 -0.000000 -0.000003 7.198479 -0.169237 1.742685 0.321249 3.500377 3.987061 2.844903 -0.000006 -0.000001 0.265683 2.465269 -16.816388 2.665505 -0.000019 0.000002 -0.020309 0.178482 -3.850820 2.297409 -0.000006 -0.000012 0.000000 0.000001 0.000000 6.876539 -0.000006 -0.000005 0.605069 7.624338 -16.487696 3.256827 0.000016 -0.000001 0.612746 3.443009 -27.102869 3.177892 -0.000010 -0.000002 0.271804 1.846630 -15.987009 2.695116 -0.000016 -0.000006 0.000000 0.000002 0.000003 6.623896 -0.059441 -1.696965 0.876768 8.006425 -34.399681 2.957999 -0.000007 0.000004 0.422035 2.000717 -17.172535 2.756902 0.000009 0.000002 0.298778 1.211759 -12.585002 2.334610 0.000011 0.000001 -0.000001 -0.000001 -0.000000 6.046968 -0.139187 -3.244340 3.587798 13.517598 -31.386116 2.623707 0.000009 0.000000 0.487203 2.680653 -29.100803 2.132117 0.000004 -0.000007 0.074785 1.530304 -6.724068 1.793219 0.000012 0.000000 -0.000003 -0.000001 0.000001 -4.224098 8.888414 -0.398196 -0.855008 5.246475 5.396786 22.093493 -2.727992 73.794723 -0.000020 32.516779 -0.000006 25.457271 8.380624 4.049675 -2.342537 -1.287619 1.805307 12.593951 -8.153694 -17.222421 -1.998870 -1.154047 1.154042 6.064830 -5.313234 -13.324095 -2.115646 -1.221473 1.221462 -13.753601 7.447206 9.069843 -1.745166 -1.007569 1.007566 -0.000001 -0.000011 -0.000001 -7.289624 -0.160562 1.788520 -0.934042 0.803122 10.773192 -2.816291 -0.000008 -0.000007 0.637324 -3.394051 26.746406 -2.639583 -0.000007 0.000007 -0.167847 -0.590567 17.433254 -2.241501 -0.000006 0.000014 0.000002 0.000002 0.000000 -7.060412 0.000008 0.000006 0.839964 -8.113515 23.112375 -3.340207 0.000003 0.000000 1.181246 -4.370036 38.023544 -3.056704 -0.000003 -0.000003 0.821945 -3.075371 31.081739 -2.639474 0.000000 -0.000009 -0.000001 0.000002 0.000000 -6.774590 0.049798 -1.636027 1.275984 -8.669401 41.005676 -2.923900 -0.000001 0.000013 0.713385 -2.594916 23.801116 -2.718001 -0.000011 0.000003 -0.130790 -0.209827 20.215118 -2.379610 0.000000 0.000009 -0.000000 -0.000001 0.000001 -6.148537 -0.175708 -3.130186 2.500283 -10.281923 45.253060 -2.627893 -0.000005 -0.000008 1.612578 -4.332255 49.089683 -2.122490 0.000017 -0.000005 -0.378858 -2.603567 43.266790 -1.792002 0.000002 0.000002 0.000001 -0.000002 -0.000001 7.556999 -4.826313 0.300478 -28.471184 -0.342211 1.304119 0.315534 -24.058294 0.537043 67.064323 2.618833 7.077238 -0.315537 -33.061478 0.084927 4.493386 0.182786 -0.860744 0.092046 -7.483318 10.511632 -5.994857 0.425113 -5.474219 0.082184 -0.046741 6.420124 -0.000001 -0.000000 0.000000 -7.557003 -4.826306 0.300484 -4.101856 -12.101552 9.621857 -0.315557 -24.058256 0.712181 12.317594 1.831905 -1.835713 0.315562 -33.061462 0.096916 -7.148552 -5.093193 -4.973681 -0.092060 -7.483411 10.296527 -2.773197 -0.000002 -0.000001 -0.082208 -0.046777 6.411405 -0.000000 -0.000000 -0.000000 
0.219347 68.685059 110.724838 -0.285095 9.949105 -3.536945 -0.000001 3.962386 -0.274314 2.603319 -0.672811 2.332733 0.000001 14.122135 -0.320022 1.656092 -2.278673 0.845950 0.000000 11.399152 -0.365733 -2.923703 -2.285056 0.251910 0.000000 9.938174 -0.411431 -3.367573 -1.151239 -0.983951 -0.000000 8.579116 0.114201 -1.349393 -3.841517 0.310223 0.000000 25.089088 0.333908 -0.000000 0.000000 -0.000000 4.224101 8.888440 -0.424614 8.280039 -20.929231 3.137780 1.625316 4.497742 -76.980269 0.000011 -36.305099 0.000006 19.884209 -19.957143 5.430811 2.354134 -1.272457 1.802822 28.897513 8.894104 20.768607 1.999429 -1.154373 1.154374 -8.690638 18.041873 -12.337710 2.113314 -1.220119 1.220122 7.946593 -11.221933 1.406953 1.744290 -1.007034 1.007056 -0.000001 -0.000000 -0.000003 7.198479 -0.169237 1.742685 0.321249 3.500377 3.987061 2.844903 -0.000006 -0.000001 0.265683 2.465269 -16.816388 2.665505 -0.000019 0.000002 -0.020309 0.178482 -3.850820 2.297409 -0.000006 -0.000012 0.000000 0.000001 0.000000 6.876539 -0.000006 -0.000005 0.605069 7.624338 -16.487696 3.256827 0.000016 -0.000001 0.612746 3.443009 -27.102869 3.177892 -0.000010 -0.000002 0.271804 1.846630 -15.987009 2.695116 -0.000016 -0.000006 0.000000 0.000002 0.000003 6.623896 -0.059441 -1.696965 0.876768 8.006425 -34.399681 2.957999 -0.000007 0.000004 0.422035 2.000717 -17.172535 2.756902 0.000009 0.000002 0.298778 1.211759 -12.585002 2.334610 0.000011 0.000001 -0.000001 -0.000001 -0.000000 6.046968 -0.139187 -3.244340 3.587798 13.517598 -31.386116 2.623707 0.000009 0.000000 0.487203 2.680653 -29.100803 2.132117 0.000004 -0.000007 0.074785 1.530304 -6.724068 1.793219 0.000012 0.000000 -0.000003 -0.000001 0.000001 -4.224098 8.888414 -0.398196 -0.855008 5.246475 5.396786 22.093493 -2.727992 73.794723 -0.000020 32.516779 -0.000006 25.457271 8.380624 4.049675 -2.342537 -1.287619 1.805307 12.593951 -8.153694 -17.222421 -1.998870 -1.154047 1.154042 6.064830 -5.313234 -13.324095 -2.115646 -1.221473 1.221462 -13.753601 7.447206 9.069843 -1.745166 -1.007569 1.007566 -0.000001 -0.000011 -0.000001 -7.289624 -0.160562 1.788520 -0.934042 0.803122 10.773192 -2.816291 -0.000008 -0.000007 0.637324 -3.394051 26.746406 -2.639583 -0.000007 0.000007 -0.167847 -0.590567 17.433254 -2.241501 -0.000006 0.000014 0.000002 0.000002 0.000000 -7.060412 0.000008 0.000006 0.839964 -8.113515 23.112375 -3.340207 0.000003 0.000000 1.181246 -4.370036 38.023544 -3.056704 -0.000003 -0.000003 0.821945 -3.075371 31.081739 -2.639474 0.000000 -0.000009 -0.000001 0.000002 0.000000 -6.774590 0.049798 -1.636027 1.275984 -8.669401 41.005676 -2.923900 -0.000001 0.000013 0.713385 -2.594916 23.801116 -2.718001 -0.000011 0.000003 -0.130790 -0.209827 20.215118 -2.379610 0.000000 0.000009 -0.000000 -0.000001 0.000001 -6.148537 -0.175708 -3.130186 2.500283 -10.281923 45.253060 -2.627893 -0.000005 -0.000008 1.612578 -4.332255 49.089683 -2.122490 0.000017 -0.000005 -0.378858 -2.603567 43.266790 -1.792002 0.000002 0.000002 0.000001 -0.000002 -0.000001 7.556999 -4.826313 0.300478 -28.471184 -0.342211 1.304119 0.315534 -24.058294 0.537043 67.064323 2.618833 7.077238 -0.315537 -33.061478 0.084927 4.493386 0.182786 -0.860744 0.092046 -7.483318 10.511632 -5.994857 0.425113 -5.474219 0.082184 -0.046741 6.420124 -0.000001 -0.000000 0.000000 -7.557003 -4.826306 0.300484 -4.101856 -12.101552 9.621857 -0.315557 -24.058256 0.712181 12.317594 1.831905 -1.835713 0.315562 -33.061462 0.096916 -7.148552 -5.093193 -4.973681 -0.092060 -7.483411 10.296527 -2.773197 -0.000002 -0.000001 -0.082208 -0.046777 6.411405 -0.000000 -0.000000 -0.000000 
0.219347 68.685059 110.724838 -0.285095 9.949105 -3.536945 -0.000001 3.962386 -0.274314 2.603319 -0.672811 2.332733 0.000001 14.122135 -0.320022 1.656092 -2.278673 0.845950 0.000000 11.399152 -0.365733 -2.923703 -2.285056 0.251910 0.000000 9.938174 -0.411431 -3.367573 -1.151239 -0.983951 -0.000000 8.579116 0.114201 -1.349393 -3.841517 0.310223 0.000000 25.089088 0.333908 -0.000000 0.000000 -0.000000 4.224101 8.888440 -0.424614 8.280039 -20.929231 3.137780 1.625316 4.497742 -76.980269 0.000011 -36.305099 0.000006 19.884209 -19.957143 5.430811 2.354134 -1.272457 1.802822 28.897513 8.894104 20.768607 1.999429 -1.154373 1.154374 -8.690638 18.041873 -12.337710 2.113314 -1.220119 1.220122 7.946593 -11.221933 1.406953 1.744290 -1.007034 1.007056 -0.000001 -0.000000 -0.000003 7.198479 -0.169237 1.742685 0.321249 3.500377 3.987061 2.844903 -0.000006 -0.000001 0.265683 2.465269 -16.816388 2.665505 -0.000019 0.000002 -0.020309 0.178482 -3.850820 2.297409 -0.000006 -0.000012 0.000000 0.000001 0.000000 6.876539 -0.000006 -0.000005 0.605069 7.624338 -16.487696 3.256827 0.000016 -0.000001 0.612746 3.443009 -27.102869 3.177892 -0.000010 -0.000002 0.271804 1.846630 -15.987009 2.695116 -0.000016 -0.000006 0.000000 0.000002 0.000003 6.623896 -0.059441 -1.696965 0.876768 8.006425 -34.399681 2.957999 -0.000007 0.000004 0.422035 2.000717 -17.172535 2.756902 0.000009 0.000002 0.298778 1.211759 -12.585002 2.334610 0.000011 0.000001 -0.000001 -0.000001 -0.000000 6.046968 -0.139187 -3.244340 3.587798 13.517598 -31.386116 2.623707 0.000009 0.000000 0.487203 2.680653 -29.100803 2.132117 0.000004 -0.000007 0.074785 1.530304 -6.724068 1.793219 0.000012 0.000000 -0.000003 -0.000001 0.000001 -4.224098 8.888414 -0.398196 -0.855008 5.246475 5.396786 22.093493 -2.727992 73.794723 -0.000020 32.516779 -0.000006 25.457271 8.380624 4.049675 -2.342537 -1.287619 1.805307 12.593951 -8.153694 -17.222421 -1.998870 -1.154047 1.154042 6.064830 -5.313234 -13.324095 -2.115646 -1.221473 1.221462 -13.753601 7.447206 9.069843 -1.745166 -1.007569 1.007566 -0.000001 -0.000011 -0.000001 -7.289624 -0.160562 1.788520 -0.934042 0.803122 10.773192 -2.816291 -0.000008 -0.000007 0.637324 -3.394051 26.746406 -2.639583 -0.000007 0.000007 -0.167847 -0.590567 17.433254 -2.241501 -0.000006 0.000014 0.000002 0.000002 0.000000 -7.060412 0.000008 0.000006 0.839964 -8.113515 23.112375 -3.340207 0.000003 0.000000 1.181246 -4.370036 38.023544 -3.056704 -0.000003 -0.000003 0.821945 -3.075371 31.081739 -2.639474 0.000000 -0.000009 -0.000001 0.000002 0.000000 -6.774590 0.049798 -1.636027 1.275984 -8.669401 41.005676 -2.923900 -0.000001 0.000013 0.713385 -2.594916 23.801116 -2.718001 -0.000011 0.000003 -0.130790 -0.209827 20.215118 -2.379610 0.000000 0.000009 -0.000000 -0.000001 0.000001 -6.148537 -0.175708 -3.130186 2.500283 -10.281923 45.253060 -2.627893 -0.000005 -0.000008 1.612578 -4.332255 49.089683 -2.122490 0.000017 -0.000005 -0.378858 -2.603567 43.266790 -1.792002 0.000002 0.000002 0.000001 -0.000002 -0.000001 7.556999 -4.826313 0.300478 -28.471184 -0.342211 1.304119 0.315534 -24.058294 0.537043 67.064323 2.618833 7.077238 -0.315537 -33.061478 0.084927 4.493386 0.182786 -0.860744 0.092046 -7.483318 10.511632 -5.994857 0.425113 -5.474219 0.082184 -0.046741 6.420124 -0.000001 -0.000000 0.000000 -7.557003 -4.826306 0.300484 -4.101856 -12.101552 9.621857 -0.315557 -24.058256 0.712181 12.317594 1.831905 -1.835713 0.315562 -33.061462 0.096916 -7.148552 -5.093193 -4.973681 -0.092060 -7.483411 10.296527 -2.773197 -0.000002 -0.000001 -0.082208 -0.046777 6.411405 -0.000000 -0.000000 -0.000000 
0.219347 68.685059 110.724838 -0.285095 9.949105 -3.536945 -0.000001 3.962386 -0.274314 2.603319 -0.672811 2.332733 0.000001 14.122135 -0.320022 1.656092 -2.278673 0.845950 0.000000 11.399152 -0.365733 -2.923703 -2.285056 0.251910 0.000000 9.938174 -0.411431 -3.367573 -1.151239 -0.983951 -0.000000 8.579116 0.114201 -1.349393 -3.841517 0.310223 0.000000 25.089088 0.333908 -0.000000 0.000000 -0.000000 4.224101 8.888440 -0.424614 8.280039 -20.929231 3.137780 1.625316 4.497742 -76.980269 0.000011 -36.305099 0.000006 19.884209 -19.957143 5.430811 2.354134 -1.272457 1.802822 28.897513 8.894104 20.768607 1.999429 -1.154373 1.154374 -8.690638 18.041873 -12.337710 2.113314 -1.220119 1.220122 7.946593 -11.221933 1.406953 1.744290 -1.007034 1.007056 -0.000001 -0.000000 -0.000003 7.198479 -0.169237 1.742685 0.321249 3.500377 3.987061 2.844903 -0.000006 -0.000001 0.265683 2.465269 -16.816388 2.665505 -0.000019 0.000002 -0.020309 0.178482 -3.850820 2.297409 -0.000006 -0.000012 0.000000 0.000001 0.000000 6.876539 -0.000006 -0.000005 0.605069 7.624338 -16.487696 3.256827 0.000016 -0.000001 0.612746 3.443009 -27.102869 3.177892 -0.000010 -0.000002 0.271804 1.846630 -15.987009 2.695116 -0.000016 -0.000006 0.000000 0.000002 0.000003 6.623896 -0.059441 -1.696965 0.876768 8.006425 -34.399681 2.957999 -0.000007 0.000004 0.422035 2.000717 -17.172535 2.756902 0.000009 0.000002 0.298778 1.211759 -12.585002 2.334610 0.000011 0.000001 -0.000001 -0.000001 -0.000000 6.046968 -0.139187 -3.244340 3.587798 13.517598 -31.386116 2.623707 0.000009 0.000000 0.487203 2.680653 -29.100803 2.132117 0.000004 -0.000007 0.074785 1.530304 -6.724068 1.793219 0.000012 0.000000 -0.000003 -0.000001 0.000001 -4.224098 8.888414 -0.398196 -0.855008 5.246475 5.396786 22.093493 -2.727992 73.794723 -0.000020 32.516779 -0.000006 25.457271 8.380624 4.049675 -2.342537 -1.287619 1.805307 12.593951 -8.153694 -17.222421 -1.998870 -1.154047 1.154042 6.064830 -5.313234 -13.324095 -2.115646 -1.221473 1.221462 -13.753601 7.447206 9.069843 -1.745166 -1.007569 1.007566 -0.000001 -0.000011 -0.000001 -7.289624 -0.160562 1.788520 -0.934042 0.803122 10.773192 -2.816291 -0.000008 -0.000007 0.637324 -3.394051 26.746406 -2.639583 -0.000007 0.000007 -0.167847 -0.590567 17.433254 -2.241501 -0.000006 0.000014 0.000002 0.000002 0.000000 -7.060412 0.000008 0.000006 0.839964 -8.113515 23.112375 -3.340207 0.000003 0.000000 1.181246 -4.370036 38.023544 -3.056704 -0.000003 -0.000003 0.821945 -3.075371 31.081739 -2.639474 0.000000 -0.000009 -0.000001 0.000002 0.000000 -6.774590 0.049798 -1.636027 1.275984 -8.669401 41.005676 -2.923900 -0.000001 0.000013 0.713385 -2.594916 23.801116 -2.718001 -0.000011 0.000003 -0.130790 -0.209827 20.215118 -2.379610 0.000000 0.000009 -0.000000 -0.000001 0.000001 -6.148537 -0.175708 -3.130186 2.500283 -10.281923 45.253060 -2.627893 -0.000005 -0.000008 1.612578 -4.332255 49.089683 -2.122490 0.000017 -0.000005 -0.378858 -2.603567 43.266790 -1.792002 0.000002 0.000002 0.000001 -0.000002 -0.000001 7.556999 -4.826313 0.300478 -28.471184 -0.342211 1.304119 0.315534 -24.058294 0.537043 67.064323 2.618833 7.077238 -0.315537 -33.061478 0.084927 4.493386 0.182786 -0.860744 0.092046 -7.483318 10.511632 -5.994857 0.425113 -5.474219 0.082184 -0.046741 6.420124 -0.000001 -0.000000 0.000000 -7.557003 -4.826306 0.300484 -4.101856 -12.101552 9.621857 -0.315557 -24.058256 0.712181 12.317594 1.831905 -1.835713 0.315562 -33.061462 0.096916 -7.148552 -5.093193 -4.973681 -0.092060 -7.483411 10.296527 -2.773197 -0.000002 -0.000001 -0.082208 -0.046777 6.411405 -0.000000 -0.000000 -0.000000 
0.219347 68.685059 110.724838 -0.285095 9.949105 -3.536945 -0.000001 3.962386 -0.274314 2.603319 -0.672811 2.332733 0.000001 14.122135 -0.320022 1.656092 -2.278673 0.845950 0.000000 11.399152 -0.365733 -2.923703 -2.285056 0.251910 0.000000 9.938174 -0.411431 -3.367573 -1.151239 -0.983951 -0.000000 8.579116 0.114201 -1.349393 -3.841517 0.310223 0.000000 25.089088 0.333908 -0.000000 0.000000 -0.000000 4.224101 8.888440 -0.424614 8.280039 -20.929231 3.137780 1.625316 4.497742 -76.980269 0.000011 -36.305099 0.000006 19.884209 -19.957143 5.430811 2.354134 -1.272457 1.802822 28.897513 8.894104 20.768607 1.999429 -1.154373 1.154374 -8.690638 18.041873 -12.337710 2.113314 -1.220119 1.220122 7.946593 -11.221933 1.406953 1.744290 -1.007034 1.007056 -0.000001 -0.000000 -0.000003 7.198479 -0.169237 1.742685 0.321249 3.500377 3.987061 2.844903 -0.000006 -0.000001 0.265683 2.465269 -16.816388 2.665505 -0.000019 0.000002 -0.020309 0.178482 -3.850820 2.297409 -0.000006 -0.000012 0.000000 0.000001 0.000000 6.876539 -0.000006 -0.000005 0.605069 7.624338 -16.487696 3.256827 0.000016 -0.000001 0.612746 3.443009 -27.102869 3.177892 -0.000010 -0.000002 0.271804 1.846630 -15.987009 2.695116 -0.000016 -0.000006 0.000000 0.000002 0.000003 6.623896 -0.059441 -1.696965 0.876768 8.006425 -34.399681 2.957999 -0.000007 0.000004 0.422035 2.000717 -17.172535 2.756902 0.000009 0.000002 0.298778 1.211759 -12.585002 2.334610 0.000011 0.000001 -0.000001 -0.000001 -0.000000 6.046968 -0.139187 -3.244340 3.587798 13.517598 -31.386116 2.623707 0.000009 0.000000 0.487203 2.680653 -29.100803 2.132117 0.000004 -0.000007 0.074785 1.530304 -6.724068 1.793219 0.000012 0.000000 -0.000003 -0.000001 0.000001 -4.224098 8.888414 -0.398196 -0.855008 5.246475 5.396786 22.093493 -2.727992 73.794723 -0.000020 32.516779 -0.000006 25.457271 8.380624 4.049675 -2.342537 -1.287619 1.805307 12.593951 -8.153694 -17.222421 -1.998870 -1.154047 1.154042 6.064830 -5.313234 -13.324095 -2.115646 -1.221473 1.221462 -13.753601 7.447206 9.069843 -1.745166 -1.007569 1.007566 -0.000001 -0.000011 -0.000001 -7.289624 -0.160562 1.788520 -0.934042 0.803122 10.773192 -2.816291 -0.000008 -0.000007 0.637324 -3.394051 26.746406 -2.639583 -0.000007 0.000007 -0.167847 -0.590567 17.433254 -2.241501 -0.000006 0.000014 0.000002 0.000002 0.000000 -7.060412 0.000008 0.000006 0.839964 -8.113515 23.112375 -3.340207 0.000003 0.000000 1.181246 -4.370036 38.023544 -3.056704 -0.000003 -0.000003 0.821945 -3.075371 31.081739 -2.639474 0.000000 -0.000009 -0.000001 0.000002 0.000000 -6.774590 0.049798 -1.636027 1.275984 -8.669401 41.005676 -2.923900 -0.000001 0.000013 0.713385 -2.594916 23.801116 -2.718001 -0.000011 0.000003 -0.130790 -0.209827 20.215118 -2.379610 0.000000 0.000009 -0.000000 -0.000001 0.000001 -6.148537 -0.175708 -3.130186 2.500283 -10.281923 45.253060 -2.627893 -0.000005 -0.000008 1.612578 -4.332255 49.089683 -2.122490 0.000017 -0.000005 -0.378858 -2.603567 43.266790 -1.792002 0.000002 0.000002 0.000001 -0.000002 -0.000001 7.556999 -4.826313 0.300478 -28.471184 -0.342211 1.304119 0.315534 -24.058294 0.537043 67.064323 2.618833 7.077238 -0.315537 -33.061478 0.084927 4.493386 0.182786 -0.860744 0.092046 -7.483318 10.511632 -5.994857 0.425113 -5.474219 0.082184 -0.046741 6.420124 -0.000001 -0.000000 0.000000 -7.557003 -4.826306 0.300484 -4.101856 -12.101552 9.621857 -0.315557 -24.058256 0.712181 12.317594 1.831905 -1.835713 0.315562 -33.061462 0.096916 -7.148552 -5.093193 -4.973681 -0.092060 -7.483411 10.296527 -2.773197 -0.000002 -0.000001 -0.082208 -0.046777 6.411405 -0.000000 -0.000000 -0.000000 
0.219347 68.685059 110.724838 -0.285095 9.949105 -3.536945 -0.000001 3.962386 -0.274314 2.603319 -0.672811 2.332733 0.000001 14.122135 -0.320022 1.656092 -2.278673 0.845950 0.000000 11.399152 -0.365733 -2.923703 -2.285056 0.251910 0.000000 9.938174 -0.411431 -3.367573 -1.151239 -0.983951 -0.000000 8.579116 0.114201 -1.349393 -3.841517 0.310223 0.000000 25.089088 0.333908 -0.000000 0.000000 -0.000000 4.224101 8.888440 -0.424614 8.280039 -20.929231 3.137780 1.625316 4.497742 -76.980269 0.000011 -36.305099 0.000006 19.884209 -19.957143 5.430811 2.354134 -1.272457 1.802822 28.897513 8.894104 20.768607 1.999429 -1.154373 1.154374 -8.690638 18.041873 -12.337710 2.113314 -1.220119 1.220122 7.946593 -11.221933 1.406953 1.744290 -1.007034 1.007056 -0.000001 -0.000000 -0.000003 7.198479 -0.169237 1.742685 0.321249 3.500377 3.987061 2.844903 -0.000006 -0.000001 0.265683 2.465269 -16.816388 2.665505 -0.000019 0.000002 -0.020309 0.178482 -3.850820 2.297409 -0.000006 -0.000012 0.000000 0.000001 0.000000 6.876539 -0.000006 -0.000005 0.605069 7.624338 -16.487696 3.256827 0.000016 -0.000001 0.612746 3.443009 -27.102869 3.177892 -0.000010 -0.000002 0.271804 1.846630 -15.987009 2.695116 -0.000016 -0.000006 0.000000 0.000002 0.000003 6.623896 -0.059441 -1.696965 0.876768 8.006425 -34.399681 2.957999 -0.000007 0.000004 0.422035 2.000717 -17.172535 2.756902 0.000009 0.000002 0.298778 1.211759 -12.585002 2.334610 0.000011 0.000001 -0.000001 -0.000001 -0.000000 6.046968 -0.139187 -3.244340 3.587798 13.517598 -31.386116 2.623707 0.000009 0.000000 0.487203 2.680653 -29.100803 2.132117 0.000004 -0.000007 0.074785 1.530304 -6.724068 1.793219 0.000012 0.000000 -0.000003 -0.000001 0.000001 -4.224098 8.888414 -0.398196 -0.855008 5.246475 5.396786 22.093493 -2.727992 73.794723 -0.000020 32.516779 -0.000006 25.457271 8.380624 4.049675 -2.342537 -1.287619 1.805307 12.593951 -8.153694 -17.222421 -1.998870 -1.154047 1.154042 6.064830 -5.313234 -13.324095 -2.115646 -1.221473 1.221462 -13.753601 7.447206 9.069843 -1.745166 -1.007569 1.007566 -0.000001 -0.000011 -0.000001 -7.289624 -0.160562 1.788520 -0.934042 0.803122 10.773192 -2.816291 -0.000008 -0.000007 0.637324 -3.394051 26.746406 -2.639583 -0.000007 0.000007 -0.167847 -0.590567 17.433254 -2.241501 -0.000006 0.000014 0.000002 0.000002 0.000000 -7.060412 0.000008 0.000006 0.839964 -8.113515 23.112375 -3.340207 0.000003 0.000000 1.181246 -4.370036 38.023544 -3.056704 -0.000003 -0.000003 0.821945 -3.075371 31.081739 -2.639474 0.000000 -0.000009 -0.000001 0.000002 0.000000 -6.774590 0.049798 -1.636027 1.275984 -8.669401 41.005676 -2.923900 -0.000001 0.000013 0.713385 -2.594916 23.801116 -2.718001 -0.000011 0.000003 -0.130790 -0.209827 20.215118 -2.379610 0.000000 0.000009 -0.000000 -0.000001 0.000001 -6.148537 -0.175708 -3.130186 2.500283 -10.281923 45.253060 -2.627893 -0.000005 -0.000008 1.612578 -4.332255 49.089683 -2.122490 0.000017 -0.000005 -0.378858 -2.603567 43.266790 -1.792002 0.000002 0.000002 0.000001 -0.000002 -0.000001 7.556999 -4.826313 0.300478 -28.471184 -0.342211 1.304119 0.315534 -24.058294 0.537043 67.064323 2.618833 7.077238 -0.315537 -33.061478 0.084927 4.493386 0.182786 -0.860744 0.092046 -7.483318 10.511632 -5.994857 0.425113 -5.474219 0.082184 -0.046741 6.420124 -0.000001 -0.000000 0.000000 -7.557003 -4.826306 0.300484 -4.101856 -12.101552 9.621857 -0.315557 -24.058256 0.712181 12.317594 1.831905 -1.835713 0.315562 -33.061462 0.096916 -7.148552 -5.093193 -4.973681 -0.092060 -7.483411 10.296527 -2.773197 -0.000002 -0.000001 -0.082208 -0.046777 6.411405 -0.000000 -0.000000 -0.000000 
0.219347 68.685059 110.724838 -0.285095 9.949105 -3.536945 -0.000001 3.962386 -0.274314 2.603319 -0.672811 2.332733 0.000001 14.122135 -0.320022 1.656092 -2.278673 0.845950 0.000000 11.399152 -0.365733 -2.923703 -2.285056 0.251910 0.000000 9.938174 -0.411431 -3.367573 -1.151239 -0.983951 -0.000000 8.579116 0.114201 -1.349393 -3.841517 0.310223 0.000000 25.089088 0.333908 -0.000000 0.000000 -0.000000 4.224101 8.888440 -0.424614 8.280039 -20.929231 3.137780 1.625316 4.497742 -76.980269 0.000011 -36.305099 0.000006 19.884209 -19.957143 5.430811 2.354134 -1.272457 1.802822 28.897513 8.894104 20.768607 1.999429 -1.154373 1.154374 -8.690638 18.041873 -12.337710 2.113314 -1.220119 1.220122 7.946593 -11.221933 1.406953 1.744290 -1.007034 1.007056 -0.000001 -0.000000 -0.000003 7.198479 -0.169237 1.742685 0.321249 3.500377 3.987061 2.844903 -0.000006 -0.000001 0.265683 2.465269 -16.816388 2.665505 -0.000019 0.000002 -0.020309 0.178482 -3.850820 2.297409 -0.000006 -0.000012 0.000000 0.000001 0.000000 6.876539 -0.000006 -0.000005 0.605069 7.624338 -16.487696 3.256827 0.000016 -0.000001 0.612746 3.443009 -27.102869 3.177892 -0.000010 -0.000002 0.271804 1.846630 -15.987009 2.695116 -0.000016 -0.000006 0.000000 0.000002 0.000003 6.623896 -0.059441 -1.696965 0.876768 8.006425 -34.399681 2.957999 -0.000007 0.000004 0.422035 2.000717 -17.172535 2.756902 0.000009 0.000002 0.298778 1.211759 -12.585002 2.334610 0.000011 0.000001 -0.000001 -0.000001 -0.000000 6.046968 -0.139187 -3.244340 3.587798 13.517598 -31.386116 2.623707 0.000009 0.000000 0.487203 2.680653 -29.100803 2.132117 0.000004 -0.000007 0.074785 1.530304 -6.724068 1.793219 0.000012 0.000000 -0.000003 -0.000001 0.000001 -4.224098 8.888414 -0.398196 -0.855008 5.246475 5.396786 22.093493 -2.727992 73.794723 -0.000020 32.516779 -0.000006 25.457271 8.380624 4.049675 -2.342537 -1.287619 1.805307 12.593951 -8.153694 -17.222421 -1.998870 -1.154047 1.154042 6.064830 -5.313234 -13.324095 -2.115646 -1.221473 1.221462 -13.753601 7.447206 9.069843 -1.745166 -1.007569 1.007566 -0.000001 -0.000011 -0.000001 -7.289624 -0.160562 1.788520 -0.934042 0.803122 10.773192 -2.816291 -0.000008 -0.000007 0.637324 -3.394051 26.746406 -2.639583 -0.000007 0.000007 -0.167847 -0.590567 17.433254 -2.241501 -0.000006 0.000014 0.000002 0.000002 0.000000 -7.060412 0.000008 0.000006 0.839964 -8.113515 23.112375 -3.340207 0.000003 0.000000 1.181246 -4.370036 38.023544 -3.056704 -0.000003 -0.000003 0.821945 -3.075371 31.081739 -2.639474 0.000000 -0.000009 -0.000001 0.000002 0.000000 -6.774590 0.049798 -1.636027 1.275984 -8.669401 41.005676 -2.923900 -0.000001 0.000013 0.713385 -2.594916 23.801116 -2.718001 -0.000011 0.000003 -0.130790 -0.209827 20.215118 -2.379610 0.000000 0.000009 -0.000000 -0.000001 0.000001 -6.148537 -0.175708 -3.130186 2.500283 -10.281923 45.253060 -2.627893 -0.000005 -0.000008 1.612578 -4.332255 49.089683 -2.122490 0.000017 -0.000005 -0.378858 -2.603567 43.266790 -1.792002 0.000002 0.000002 0.000001 -0.000002 -0.000001 7.556999 -4.826313 0.300478 -28.471184 -0.342211 1.304119 0.315534 -24.058294 0.537043 67.064323 2.618833 7.077238 -0.315537 -33.061478 0.084927 4.493386 0.182786 -0.860744 0.092046 -7.483318 10.511632 -5.994857 0.425113 -5.474219 0.082184 -0.046741 6.420124 -0.000001 -0.000000 0.000000 -7.557003 -4.826306 0.300484 -4.101856 -12.101552 9.621857 -0.315557 -24.058256 0.712181 12.317594 1.831905 -1.835713 0.315562 -33.061462 0.096916 -7.148552 -5.093193 -4.973681 -0.092060 -7.483411 10.296527 -2.773197 -0.000002 -0.000001 -0.082208 -0.046777 6.411405 -0.000000 -0.000000 -0.000000 
0.219347 68.685059 110.724838 -0.285095 9.949105 -3.536945 -0.000001 3.962386 -0.274314 2.603319 -0.672811 2.332733 0.000001 14.122135 -0.320022 1.656092 -2.278673 0.845950 0.000000 11.399152 -0.365733 -2.923703 -2.285056 0.251910 0.000000 9.938174 -0.411431 -3.367573 -1.151239 -0.983951 -0.000000 8.579116 0.114201 -1.349393 -3.841517 0.310223 0.000000 25.089088 0.333908 -0.000000 0.000000 -0.000000 4.224101 8.888440 -0.424614 8.280039 -20.929231 3.137780 1.625316 4.497742 -76.980269 0.000011 -36.305099 0.000006 19.884209 -19.957143 5.430811 2.354134 -1.272457 1.802822 28.897513 8.894104 20.768607 1.999429 -1.154373 1.154374 -8.690638 18.041873 -12.337710 2.113314 -1.220119 1.220122 7.946593 -11.221933 1.406953 1.744290 -1.007034 1.007056 -0.000001 -0.000000 -0.000003 7.198479 -0.169237 1.742685 0.321249 3.500377 3.987061 2.844903 -0.000006 -0.000001 0.265683 2.465269 -16.816388 2.665505 -0.000019 0.000002 -0.020309 0.178482 -3.850820 2.297409 -0.000006 -0.000012 0.000000 0.000001 0.000000 6.876539 -0.000006 -0.000005 0.605069 7.624338 -16.487696 3.256827 0.000016 -0.000001 0.612746 3.443009 -27.102869 3.177892 -0.000010 -0.000002 0.271804 1.846630 -15.987009 2.695116 -0.000016 -0.000006 0.000000 0.000002 0.000003 6.623896 -0.059441 -1.696965 0.876768 8.006425 -34.399681 2.957999 -0.000007 0.000004 0.422035 2.000717 -17.172535 2.756902 0.000009 0.000002 0.298778 1.211759 -12.585002 2.334610 0.000011 0.000001 -0.000001 -0.000001 -0.000000 6.046968 -0.139187 -3.244340 3.587798 13.517598 -31.386116 2.623707 0.000009 0.000000 0.487203 2.680653 -29.100803 2.132117 0.000004 -0.000007 0.074785 1.530304 -6.724068 1.793219 0.000012 0.000000 -0.000003 -0.000001 0.000001 -4.224098 8.888414 -0.398196 -0.855008 5.246475 5.396786 22.093493 -2.727992 73.794723 -0.000020 32.516779 -0.000006 25.457271 8.380624 4.049675 -2.342537 -1.287619 1.805307 12.593951 -8.153694 -17.222421 -1.998870 -1.154047 1.154042 6.064830 -5.313234 -13.324095 -2.115646 -1.221473 1.221462 -13.753601 7.447206 9.069843 -1.745166 -1.007569 1.007566 -0.000001 -0.000011 -0.000001 -7.289624 -0.160562 1.788520 -0.934042 0.803122 10.773192 -2.816291 -0.000008 -0.000007 0.637324 -3.394051 26.746406 -2.639583 -0.000007 0.000007 -0.167847 -0.590567 17.433254 -2.241501 -0.000006 0.000014 0.000002 0.000002 0.000000 -7.060412 0.000008 0.000006 0.839964 -8.113515 23.112375 -3.340207 0.000003 0.000000 1.181246 -4.370036 38.023544 -3.056704 -0.000003 -0.000003 0.821945 -3.075371 31.081739 -2.639474 0.000000 -0.000009 -0.000001 0.000002 0.000000 -6.774590 0.049798 -1.636027 1.275984 -8.669401 41.005676 -2.923900 -0.000001 0.000013 0.713385 -2.594916 23.801116 -2.718001 -0.000011 0.000003 -0.130790 -0.209827 20.215118 -2.379610 0.000000 0.000009 -0.000000 -0.000001 0.000001 -6.148537 -0.175708 -3.130186 2.500283 -10.281923 45.253060 -2.627893 -0.000005 -0.000008 1.612578 -4.332255 49.089683 -2.122490 0.000017 -0.000005 -0.378858 -2.603567 43.266790 -1.792002 0.000002 0.000002 0.000001 -0.000002 -0.000001 7.556999 -4.826313 0.300478 -28.471184 -0.342211 1.304119 0.315534 -24.058294 0.537043 67.064323 2.618833 7.077238 -0.315537 -33.061478 0.084927 4.493386 0.182786 -0.860744 0.092046 -7.483318 10.511632 -5.994857 0.425113 -5.474219 0.082184 -0.046741 6.420124 -0.000001 -0.000000 0.000000 -7.557003 -4.826306 0.300484 -4.101856 -12.101552 9.621857 -0.315557 -24.058256 0.712181 12.317594 1.831905 -1.835713 0.315562 -33.061462 0.096916 -7.148552 -5.093193 -4.973681 -0.092060 -7.483411 10.296527 -2.773197 -0.000002 -0.000001 -0.082208 -0.046777 6.411405 -0.000000 -0.000000 -0.000000 
0.219347 68.685059 110.724838 -0.285095 9.949105 -3.536945 -0.000001 3.962386 -0.274314 2.603319 -0.672811 2.332733 0.000001 14.122135 -0.320022 1.656092 -2.278673 0.845950 0.000000 11.399152 -0.365733 -2.923703 -2.285056 0.251910 0.000000 9.938174 -0.411431 -3.367573 -1.151239 -0.983951 -0.000000 8.579116 0.114201 -1.349393 -3.841517 0.310223 0.000000 25.089088 0.333908 -0.000000 0.000000 -0.000000 4.224101 8.888440 -0.424614 8.280039 -20.929231 3.137780 1.625316 4.497742 -76.980269 0.000011 -36.305099 0.000006 19.884209 -19.957143 5.430811 2.354134 -1.272457 1.802822 28.897513 8.894104 20.768607 1.999429 -1.154373 1.154374 -8.690638 18.041873 -12.337710 2.113314 -1.220119 1.220122 7.946593 -11.221933 1.406953 1.744290 -1.007034 1.007056 -0.000001 -0.000000 -0.000003 7.198479 -0.169237 1.742685 0.321249 3.500377 3.987061 2.844903 -0.000006 -0.000001 0.265683 2.465269 -16.816388 2.665505 -0.000019 0.000002 -0.020309 0.178482 -3.850820 2.297409 -0.000006 -0.000012 0.000000 0.000001 0.000000 6.876539 -0.000006 -0.000005 0.605069 7.624338 -16.487696 3.256827 0.000016 -0.000001 0.612746 3.443009 -27.102869 3.177892 -0.000010 -0.000002 0.271804 1.846630 -15.987009 2.695116 -0.000016 -0.000006 0.000000 0.000002 0.000003 6.623896 -0.059441 -1.696965 0.876768 8.006425 -34.399681 2.957999 -0.000007 0.000004 0.422035 2.000717 -17.172535 2.756902 0.000009 0.000002 0.298778 1.211759 -12.585002 2.334610 0.000011 0.000001 -0.000001 -0.000001 -0.000000 6.046968 -0.139187 -3.244340 3.587798 13.517598 -31.386116 2.623707 0.000009 0.000000 0.487203 2.680653 -29.100803 2.132117 0.000004 -0.000007 0.074785 1.530304 -6.724068 1.793219 0.000012 0.000000 -0.000003 -0.000001 0.000001 -4.224098 8.888414 -0.398196 -0.855008 5.246475 5.396786 22.093493 -2.727992 73.794723 -0.000020 32.516779 -0.000006 25.457271 8.380624 4.049675 -2.342537 -1.287619 1.805307 12.593951 -8.153694 -17.222421 -1.998870 -1.154047 1.154042 6.064830 -5.313234 -13.324095 -2.115646 -1.221473 1.221462 -13.753601 7.447206 9.069843 -1.745166 -1.007569 1.007566 -0.000001 -0.000011 -0.000001 -7.289624 -0.160562 1.788520 -0.934042 0.803122 10.773192 -2.816291 -0.000008 -0.000007 0.637324 -3.394051 26.746406 -2.639583 -0.000007 0.000007 -0.167847 -0.590567 17.433254 -2.241501 -0.000006 0.000014 0.000002 0.000002 0.000000 -7.060412 0.000008 0.000006 0.839964 -8.113515 23.112375 -3.340207 0.000003 0.000000 1.181246 -4.370036 38.023544 -3.056704 -0.000003 -0.000003 0.821945 -3.075371 31.081739 -2.639474 0.000000 -0.000009 -0.000001 0.000002 0.000000 -6.774590 0.049798 -1.636027 1.275984 -8.669401 41.005676 -2.923900 -0.000001 0.000013 0.713385 -2.594916 23.801116 -2.718001 -0.000011 0.000003 -0.130790 -0.209827 20.215118 -2.379610 0.000000 0.000009 -0.000000 -0.000001 0.000001 -6.148537 -0.175708 -3.130186 2.500283 -10.281923 45.253060 -2.627893 -0.000005 -0.000008 1.612578 -4.332255 49.089683 -2.122490 0.000017 -0.000005 -0.378858 -2.603567 43.266790 -1.792002 0.000002 0.000002 0.000001 -0.000002 -0.000001 7.556999 -4.826313 0.300478 -28.471184 -0.342211 1.304119 0.315534 -24.058294 0.537043 67.064323 2.618833 7.077238 -0.315537 -33.061478 0.084927 4.493386 0.182786 -0.860744 0.092046 -7.483318 10.511632 -5.994857 0.425113 -5.474219 0.082184 -0.046741 6.420124 -0.000001 -0.000000 0.000000 -7.557003 -4.826306 0.300484 -4.101856 -12.101552 9.621857 -0.315557 -24.058256 0.712181 12.317594 1.831905 -1.835713 0.315562 -33.061462 0.096916 -7.148552 -5.093193 -4.973681 -0.092060 -7.483411 10.296527 -2.773197 -0.000002 -0.000001 -0.082208 -0.046777 6.411405 -0.000000 -0.000000 -0.000000 
0.219347 68.685059 110.724838 -0.285095 9.949105 -3.536945 -0.000001 3.962386 -0.274314 2.603319 -0.672811 2.332733 0.000001 14.122135 -0.320022 1.656092 -2.278673 0.845950 0.000000 11.399152 -0.365733 -2.923703 -2.285056 0.251910 0.000000 9.938174 -0.411431 -3.367573 -1.151239 -0.983951 -0.000000 8.579116 0.114201 -1.349393 -3.841517 0.310223 0.000000 25.089088 0.333908 -0.000000 0.000000 -0.000000 4.224101 8.888440 -0.424614 8.280039 -20.929231 3.137780 1.625316 4.497742 -76.980269 0.000011 -36.305099 0.000006 19.884209 -19.957143 5.430811 2.354134 -1.272457 1.802822 28.897513 8.894104 20.768607 1.999429 -1.154373 1.154374 -8.690638 18.041873 -12.337710 2.113314 -1.220119 1.220122 7.946593 -11.221933 1.406953 1.744290 -1.007034 1.007056 -0.000001 -0.000000 -0.000003 7.198479 -0.169237 1.742685 0.321249 3.500377 3.987061 2.844903 -0.000006 -0.000001 0.265683 2.465269 -16.816388 2.665505 -0.000019 0.000002 -0.020309 0.178482 -3.850820 2.297409 -0.000006 -0.000012 0.000000 0.000001 0.000000 6.876539 -0.000006 -0.000005 0.605069 7.624338 -16.487696 3.256827 0.000016 -0.000001 0.612746 3.443009 -27.102869 3.177892 -0.000010 -0.000002 0.271804 1.846630 -15.987009 2.695116 -0.000016 -0.000006 0.000000 0.000002 0.000003 6.623896 -0.059441 -1.696965 0.876768 8.006425 -34.399681 2.957999 -0.000007 0.000004 0.422035 2.000717 -17.172535 2.756902 0.000009 0.000002 0.298778 1.211759 -12.585002 2.334610 0.000011 0.000001 -0.000001 -0.000001 -0.000000 6.046968 -0.139187 -3.244340 3.587798 13.517598 -31.386116 2.623707 0.000009 0.000000 0.487203 2.680653 -29.100803 2.132117 0.000004 -0.000007 0.074785 1.530304 -6.724068 1.793219 0.000012 0.000000 -0.000003 -0.000001 0.000001 -4.224098 8.888414 -0.398196 -0.855008 5.246475 5.396786 22.093493 -2.727992 73.794723 -0.000020 32.516779 -0.000006 25.457271 8.380624 4.049675 -2.342537 -1.287619 1.805307 12.593951 -8.153694 -17.222421 -1.998870 -1.154047 1.154042 6.064830 -5.313234 -13.324095 -2.115646 -1.221473 1.221462 -13.753601 7.447206 9.069843 -1.745166 -1.007569 1.007566 -0.000001 -0.000011 -0.000001 -7.289624 -0.160562 1.788520 -0.934042 0.803122 10.773192 -2.816291 -0.000008 -0.000007 0.637324 -3.394051 26.746406 -2.639583 -0.000007 0.000007 -0.167847 -0.590567 17.433254 -2.241501 -0.000006 0.000014 0.000002 0.000002 0.000000 -7.060412 0.000008 0.000006 0.839964 -8.113515 23.112375 -3.340207 0.000003 0.000000 1.181246 -4.370036 38.023544 -3.056704 -0.000003 -0.000003 0.821945 -3.075371 31.081739 -2.639474 0.000000 -0.000009 -0.000001 0.000002 0.000000 -6.774590 0.049798 -1.636027 1.275984 -8.669401 41.005676 -2.923900 -0.000001 0.000013 0.713385 -2.594916 23.801116 -2.718001 -0.000011 0.000003 -0.130790 -0.209827 20.215118 -2.379610 0.000000 0.000009 -0.000000 -0.000001 0.000001 -6.148537 -0.175708 -3.130186 2.500283 -10.281923 45.253060 -2.627893 -0.000005 -0.000008 1.612578 -4.332255 49.089683 -2.122490 0.000017 -0.000005 -0.378858 -2.603567 43.266790 -1.792002 0.000002 0.000002 0.000001 -0.000002 -0.000001 7.556999 -4.826313 0.300478 -28.471184 -0.342211 1.304119 0.315534 -24.058294 0.537043 67.064323 2.618833 7.077238 -0.315537 -33.061478 0.084927 4.493386 0.182786 -0.860744 0.092046 -7.483318 10.511632 -5.994857 0.425113 -5.474219 0.082184 -0.046741 6.420124 -0.000001 -0.000000 0.000000 -7.557003 -4.826306 0.300484 -4.101856 -12.101552 9.621857 -0.315557 -24.058256 0.712181 12.317594 1.831905 -1.835713 0.315562 -33.061462 0.096916 -7.148552 -5.093193 -4.973681 -0.092060 -7.483411 10.296527 -2.773197 -0.000002 -0.000001 -0.082208 -0.046777 6.411405 -0.000000 -0.000000 -0.000000 
0.219347 68.685059 110.724838 -0.285095 9.949105 -3.536945 -0.000001 3.962386 -0.274314 2.603319 -0.672811 2.332733 0.000001 14.122135 -0.320022 1.656092 -2.278673 0.845950 0.000000 11.399152 -0.365733 -2.923703 -2.285056 0.251910 0.000000 9.938174 -0.411431 -3.367573 -1.151239 -0.983951 -0.000000 8.579116 0.114201 -1.349393 -3.841517 0.310223 0.000000 25.089088 0.333908 -0.000000 0.000000 -0.000000 4.224101 8.888440 -0.424614 8.280039 -20.929231 3.137780 1.625316 4.497742 -76.980269 0.000011 -36.305099 0.000006 19.884209 -19.957143 5.430811 2.354134 -1.272457 1.802822 28.897513 8.894104 20.768607 1.999429 -1.154373 1.154374 -8.690638 18.041873 -12.337710 2.113314 -1.220119 1.220122 7.946593 -11.221933 1.406953 1.744290 -1.007034 1.007056 -0.000001 -0.000000 -0.000003 7.198479 -0.169237 1.742685 0.321249 3.500377 3.987061 2.844903 -0.000006 -0.000001 0.265683 2.465269 -16.816388 2.665505 -0.000019 0.000002 -0.020309 0.178482 -3.850820 2.297409 -0.000006 -0.000012 0.000000 0.000001 0.000000 6.876539 -0.000006 -0.000005 0.605069 7.624338 -16.487696 3.256827 0.000016 -0.000001 0.612746 3.443009 -27.102869 3.177892 -0.000010 -0.000002 0.271804 1.846630 -15.987009 2.695116 -0.000016 -0.000006 0.000000 0.000002 0.000003 6.623896 -0.059441 -1.696965 0.876768 8.006425 -34.399681 2.957999 -0.000007 0.000004 0.422035 2.000717 -17.172535 2.756902 0.000009 0.000002 0.298778 1.211759 -12.585002 2.334610 0.000011 0.000001 -0.000001 -0.000001 -0.000000 6.046968 -0.139187 -3.244340 3.587798 13.517598 -31.386116 2.623707 0.000009 0.000000 0.487203 2.680653 -29.100803 2.132117 0.000004 -0.000007 0.074785 1.530304 -6.724068 1.793219 0.000012 0.000000 -0.000003 -0.000001 0.000001 -4.224098 8.888414 -0.398196 -0.855008 5.246475 5.396786 22.093493 -2.727992 73.794723 -0.000020 32.516779 -0.000006 25.457271 8.380624 4.049675 -2.342537 -1.287619 1.805307 12.593951 -8.153694 -17.222421 -1.998870 -1.154047 1.154042 6.064830 -5.313234 -13.324095 -2.115646 -1.221473 1.221462 -13.753601 7.447206 9.069843 -1.745166 -1.007569 1.007566 -0.000001 -0.000011 -0.000001 -7.289624 -0.160562 1.788520 -0.934042 0.803122 10.773192 -2.816291 -0.000008 -0.000007 0.637324 -3.394051 26.746406 -2.639583 -0.000007 0.000007 -0.167847 -0.590567 17.433254 -2.241501 -0.000006 0.000014 0.000002 0.000002 0.000000 -7.060412 0.000008 0.000006 0.839964 -8.113515 23.112375 -3.340207 0.000003 0.000000 1.181246 -4.370036 38.023544 -3.056704 -0.000003 -0.000003 0.821945 -3.075371 31.081739 -2.639474 0.000000 -0.000009 -0.000001 0.000002 0.000000 -6.774590 0.049798 -1.636027 1.275984 -8.669401 41.005676 -2.923900 -0.000001 0.000013 0.713385 -2.594916 23.801116 -2.718001 -0.000011 0.000003 -0.130790 -0.209827 20.215118 -2.379610 0.000000 0.000009 -0.000000 -0.000001 0.000001 -6.148537 -0.175708 -3.130186 2.500283 -10.281923 45.253060 -2.627893 -0.000005 -0.000008 1.612578 -4.332255 49.089683 -2.122490 0.000017 -0.000005 -0.378858 -2.603567 43.266790 -1.792002 0.000002 0.000002 0.000001 -0.000002 -0.000001 7.556999 -4.826313 0.300478 -28.471184 -0.342211 1.304119 0.315534 -24.058294 0.537043 67.064323 2.618833 7.077238 -0.315537 -33.061478 0.084927 4.493386 0.182786 -0.860744 0.092046 -7.483318 10.511632 -5.994857 0.425113 -5.474219 0.082184 -0.046741 6.420124 -0.000001 -0.000000 0.000000 -7.557003 -4.826306 0.300484 -4.101856 -12.101552 9.621857 -0.315557 -24.058256 0.712181 12.317594 1.831905 -1.835713 0.315562 -33.061462 0.096916 -7.148552 -5.093193 -4.973681 -0.092060 -7.483411 10.296527 -2.773197 -0.000002 -0.000001 -0.082208 -0.046777 6.411405 -0.000000 -0.000000 -0.000000 
0.219347 68.685059 110.724838 -0.285095 9.949105 -3.536945 -0.000001 3.962386 -0.274314 2.603319 -0.672811 2.332733 0.000001 14.122135 -0.320022 1.656092 -2.278673 0.845950 0.000000 11.399152 -0.365733 -2.923703 -2.285056 0.251910 0.000000 9.938174 -0.411431 -3.367573 -1.151239 -0.983951 -0.000000 8.579116 0.114201 -1.349393 -3.841517 0.310223 0.000000 25.089088 0.333908 -0.000000 0.000000 -0.000000 4.224101 8.888440 -0.424614 8.280039 -20.929231 3.137780 1.625316 4.497742 -76.980269 0.000011 -36.305099 0.000006 19.884209 -19.957143 5.430811 2.354134 -1.272457 1.802822 28.897513 8.894104 20.768607 1.999429 -1.154373 1.154374 -8.690638 18.041873 -12.337710 2.113314 -1.220119 1.220122 7.946593 -11.221933 1.406953 1.744290 -1.007034 1.007056 -0.000001 -0.000000 -0.000003 7.198479 -0.169237 1.742685 0.321249 3.500377 3.987061 2.844903 -0.000006 -0.000001 0.265683 2.465269 -16.816388 2.665505 -0.000019 0.000002 -0.020309 0.178482 -3.850820 2.297409 -0.000006 -0.000012 0.000000 0.000001 0.000000 6.876539 -0.000006 -0.000005 0.605069 7.624338 -16.487696 3.256827 0.000016 -0.000001 0.612746 3.443009 -27.102869 3.177892 -0.000010 -0.000002 0.271804 1.846630 -15.987009 2.695116 -0.000016 -0.000006 0.000000 0.000002 0.000003 6.623896 -0.059441 -1.696965 0.876768 8.006425 -34.399681 2.957999 -0.000007 0.000004 0.422035 2.000717 -17.172535 2.756902 0.000009 0.000002 0.298778 1.211759 -12.585002 2.334610 0.000011 0.000001 -0.000001 -0.000001 -0.000000 6.046968 -0.139187 -3.244340 3.587798 13.517598 -31.386116 2.623707 0.000009 0.000000 0.487203 2.680653 -29.100803 2.132117 0.000004 -0.000007 0.074785 1.530304 -6.724068 1.793219 0.000012 0.000000 -0.000003 -0.000001 0.000001 -4.224098 8.888414 -0.398196 -0.855008 5.246475 5.396786 22.093493 -2.727992 73.794723 -0.000020 32.516779 -0.000006 25.457271 8.380624 4.049675 -2.342537 -1.287619 1.805307 12.593951 -8.153694 -17.222421 -1.998870 -1.154047 1.154042 6.064830 -5.313234 -13.324095 -2.115646 -1.221473 1.221462 -13.753601 7.447206 9.069843 -1.745166 -1.007569 1.007566 -0.000001 -0.000011 -0.000001 -7.289624 -0.160562 1.788520 -0.934042 0.803122 10.773192 -2.816291 -0.000008 -0.000007 0.637324 -3.394051 26.746406 -2.639583 -0.000007 0.000007 -0.167847 -0.590567 17.433254 -2.241501 -0.000006 0.000014 0.000002 0.000002 0.000000 -7.060412 0.000008 0.000006 0.839964 -8.113515 23.112375 -3.340207 0.000003 0.000000 1.181246 -4.370036 38.023544 -3.056704 -0.000003 -0.000003 0.821945 -3.075371 31.081739 -2.639474 0.000000 -0.000009 -0.000001 0.000002 0.000000 -6.774590 0.049798 -1.636027 1.275984 -8.669401 41.005676 -2.923900 -0.000001 0.000013 0.713385 -2.594916 23.801116 -2.718001 -0.000011 0.000003 -0.130790 -0.209827 20.215118 -2.379610 0.000000 0.000009 -0.000000 -0.000001 0.000001 -6.148537 -0.175708 -3.130186 2.500283 -10.281923 45.253060 -2.627893 -0.000005 -0.000008 1.612578 -4.332255 49.089683 -2.122490 0.000017 -0.000005 -0.378858 -2.603567 43.266790 -1.792002 0.000002 0.000002 0.000001 -0.000002 -0.000001 7.556999 -4.826313 0.300478 -28.471184 -0.342211 1.304119 0.315534 -24.058294 0.537043 67.064323 2.618833 7.077238 -0.315537 -33.061478 0.084927 4.493386 0.182786 -0.860744 0.092046 -7.483318 10.511632 -5.994857 0.425113 -5.474219 0.082184 -0.046741 6.420124 -0.000001 -0.000000 0.000000 -7.557003 -4.826306 0.300484 -4.101856 -12.101552 9.621857 -0.315557 -24.058256 0.712181 12.317594 1.831905 -1.835713 0.315562 -33.061462 0.096916 -7.148552 -5.093193 -4.973681 -0.092060 -7.483411 10.296527 -2.773197 -0.000002 -0.000001 -0.082208 -0.046777 6.411405 -0.000000 -0.000000 -0.000000 
0.219347 68.685059 110.724838 -0.285095 9.949105 -3.536945 -0.000001 3.962386 -0.274314 2.603319 -0.672811 2.332733 0.000001 14.122135 -0.320022 1.656092 -2.278673 0.845950 0.000000 11.399152 -0.365733 -2.923703 -2.285056 0.251910 0.000000 9.938174 -0.411431 -3.367573 -1.151239 -0.983951 -0.000000 8.579116 0.114201 -1.349393 -3.841517 0.310223 0.000000 25.089088 0.333908 -0.000000 0.000000 -0.000000 4.224101 8.888440 -0.424614 8.280039 -20.929231 3.137780 1.625316 4.497742 -76.980269 0.000011 -36.305099 0.000006 19.884209 -19.957143 5.430811 2.354134 -1.272457 1.802822 28.897513 8.894104 20.768607 1.999429 -1.154373 1.154374 -8.690638 18.041873 -12.337710 2.113314 -1.220119 1.220122 7.946593 -11.221933 1.406953 1.744290 -1.007034 1.007056 -0.000001 -0.000000 -0.000003 7.198479 -0.169237 1.742685 0.321249 3.500377 3.987061 2.844903 -0.000006 -0.000001 0.265683 2.465269 -16.816388 2.665505 -0.000019 0.000002 -0.020309 0.178482 -3.850820 2.297409 -0.000006 -0.000012 0.000000 0.000001 0.000000 6.876539 -0.000006 -0.000005 0.605069 7.624338 -16.487696 3.256827 0.000016 -0.000001 0.612746 3.443009 -27.102869 3.177892 -0.000010 -0.000002 0.271804 1.846630 -15.987009 2.695116 -0.000016 -0.000006 0.000000 0.000002 0.000003 6.623896 -0.059441 -1.696965 0.876768 8.006425 -34.399681 2.957999 -0.000007 0.000004 0.422035 2.000717 -17.172535 2.756902 0.000009 0.000002 0.298778 1.211759 -12.585002 2.334610 0.000011 0.000001 -0.000001 -0.000001 -0.000000 6.046968 -0.139187 -3.244340 3.587798 13.517598 -31.386116 2.623707 0.000009 0.000000 0.487203 2.680653 -29.100803 2.132117 0.000004 -0.000007 0.074785 1.530304 -6.724068 1.793219 0.000012 0.000000 -0.000003 -0.000001 0.000001 -4.224098 8.888414 -0.398196 -0.855008 5.246475 5.396786 22.093493 -2.727992 73.794723 -0.000020 32.516779 -0.000006 25.457271 8.380624 4.049675 -2.342537 -1.287619 1.805307 12.593951 -8.153694 -17.222421 -1.998870 -1.154047 1.154042 6.064830 -5.313234 -13.324095 -2.115646 -1.221473 1.221462 -13.753601 7.447206 9.069843 -1.745166 -1.007569 1.007566 -0.000001 -0.000011 -0.000001 -7.289624 -0.160562 1.788520 -0.934042 0.803122 10.773192 -2.816291 -0.000008 -0.000007 0.637324 -3.394051 26.746406 -2.639583 -0.000007 0.000007 -0.167847 -0.590567 17.433254 -2.241501 -0.000006 0.000014 0.000002 0.000002 0.000000 -7.060412 0.000008 0.000006 0.839964 -8.113515 23.112375 -3.340207 0.000003 0.000000 1.181246 -4.370036 38.023544 -3.056704 -0.000003 -0.000003 0.821945 -3.075371 31.081739 -2.639474 0.000000 -0.000009 -0.000001 0.000002 0.000000 -6.774590 0.049798 -1.636027 1.275984 -8.669401 41.005676 -2.923900 -0.000001 0.000013 0.713385 -2.594916 23.801116 -2.718001 -0.000011 0.000003 -0.130790 -0.209827 20.215118 -2.379610 0.000000 0.000009 -0.000000 -0.000001 0.000001 -6.148537 -0.175708 -3.130186 2.500283 -10.281923 45.253060 -2.627893 -0.000005 -0.000008 1.612578 -4.332255 49.089683 -2.122490 0.000017 -0.000005 -0.378858 -2.603567 43.266790 -1.792002 0.000002 0.000002 0.000001 -0.000002 -0.000001 7.556999 -4.826313 0.300478 -28.471184 -0.342211 1.304119 0.315534 -24.058294 0.537043 67.064323 2.618833 7.077238 -0.315537 -33.061478 0.084927 4.493386 0.182786 -0.860744 0.092046 -7.483318 10.511632 -5.994857 0.425113 -5.474219 0.082184 -0.046741 6.420124 -0.000001 -0.000000 0.000000 -7.557003 -4.826306 0.300484 -4.101856 -12.101552 9.621857 -0.315557 -24.058256 0.712181 12.317594 1.831905 -1.835713 0.315562 -33.061462 0.096916 -7.148552 -5.093193 -4.973681 -0.092060 -7.483411 10.296527 -2.773197 -0.000002 -0.000001 -0.082208 -0.046777 6.411405 -0.000000 -0.000000 -0.000000 
0.219347 68.685059 110.724838 -0.285095 9.949105 -3.536945 -0.000001 3.962386 -0.274314 2.603319 -0.672811 2.332733 0.000001 14.122135 -0.320022 1.656092 -2.278673 0.845950 0.000000 11.399152 -0.365733 -2.923703 -2.285056 0.251910 0.000000 9.938174 -0.411431 -3.367573 -1.151239 -0.983951 -0.000000 8.579116 0.114201 -1.349393 -3.841517 0.310223 0.000000 25.089088 0.333908 -0.000000 0.000000 -0.000000 4.224101 8.888440 -0.424614 8.280039 -20.929231 3.137780 1.625316 4.497742 -76.980269 0.000011 -36.305099 0.000006 19.884209 -19.957143 5.430811 2.354134 -1.272457 1.802822 28.897513 8.894104 20.768607 1.999429 -1.154373 1.154374 -8.690638 18.041873 -12.337710 2.113314 -1.220119 1.220122 7.946593 -11.221933 1.406953 1.744290 -1.007034 1.007056 -0.000001 -0.000000 -0.000003 7.198479 -0.169237 1.742685 0.321249 3.500377 3.987061 2.844903 -0.000006 -0.000001 0.265683 2.465269 -16.816388 2.665505 -0.000019 0.000002 -0.020309 0.178482 -3.850820 2.297409 -0.000006 -0.000012 0.000000 0.000001 0.000000 6.876539 -0.000006 -0.000005 0.605069 7.624338 -16.487696 3.256827 0.000016 -0.000001 0.612746 3.443009 -27.102869 3.177892 -0.000010 -0.000002 0.271804 1.846630 -15.987009 2.695116 -0.000016 -0.000006 0.000000 0.000002 0.000003 6.623896 -0.059441 -1.696965 0.876768 8.006425 -34.399681 2.957999 -0.000007 0.000004 0.422035 2.000717 -17.172535 2.756902 0.000009 0.000002 0.298778 1.211759 -12.585002 2.334610 0.000011 0.000001 -0.000001 -0.000001 -0.000000 6.046968 -0.139187 -3.244340 3.587798 13.517598 -31.386116 2.623707 0.000009 0.000000 0.487203 2.680653 -29.100803 2.132117 0.000004 -0.000007 0.074785 1.530304 -6.724068 1.793219 0.000012 0.000000 -0.000003 -0.000001 0.000001 -4.224098 8.888414 -0.398196 -0.855008 5.246475 5.396786 22.093493 -2.727992 73.794723 -0.000020 32.516779 -0.000006 25.457271 8.380624 4.049675 -2.342537 -1.287619 1.805307 12.593951 -8.153694 -17.222421 -1.998870 -1.154047 1.154042 6.064830 -5.313234 -13.324095 -2.115646 -1.221473 1.221462 -13.753601 7.447206 9.069843 -1.745166 -1.007569 1.007566 -0.000001 -0.000011 -0.000001 -7.289624 -0.160562 1.788520 -0.934042 0.803122 10.773192 -2.816291 -0.000008 -0.000007 0.637324 -3.394051 26.746406 -2.639583 -0.000007 0.000007 -0.167847 -0.590567 17.433254 -2.241501 -0.000006 0.000014 0.000002 0.000002 0.000000 -7.060412 0.000008 0.000006 0.839964 -8.113515 23.112375 -3.340207 0.000003 0.000000 1.181246 -4.370036 38.023544 -3.056704 -0.000003 -0.000003 0.821945 -3.075371 31.081739 -2.639474 0.000000 -0.000009 -0.000001 0.000002 0.000000 -6.774590 0.049798 -1.636027 1.275984 -8.669401 41.005676 -2.923900 -0.000001 0.000013 0.713385 -2.594916 23.801116 -2.718001 -0.000011 0.000003 -0.130790 -0.209827 20.215118 -2.379610 0.000000 0.000009 -0.000000 -0.000001 0.000001 -6.148537 -0.175708 -3.130186 2.500283 -10.281923 45.253060 -2.627893 -0.000005 -0.000008 1.612578 -4.332255 49.089683 -2.122490 0.000017 -0.000005 -0.378858 -2.603567 43.266790 -1.792002 0.000002 0.000002 0.000001 -0.000002 -0.000001 7.556999 -4.826313 0.300478 -28.471184 -0.342211 1.304119 0.315534 -24.058294 0.537043 67.064323 2.618833 7.077238 -0.315537 -33.061478 0.084927 4.493386 0.182786 -0.860744 0.092046 -7.483318 10.511632 -5.994857 0.425113 -5.474219 0.082184 -0.046741 6.420124 -0.000001 -0.000000 0.000000 -7.557003 -4.826306 0.300484 -4.101856 -12.101552 9.621857 -0.315557 -24.058256 0.712181 12.317594 1.831905 -1.835713 0.315562 -33.061462 0.096916 -7.148552 -5.093193 -4.973681 -0.092060 -7.483411 10.296527 -2.773197 -0.000002 -0.000001 -0.082208 -0.046777 6.411405 -0.000000 -0.000000 -0.000000 
0.219347 68.685059 110.724838 -0.285095 9.949105 -3.536945 -0.000001 3.962386 -0.274314 2.603319 -0.672811 2.332733 0.000001 14.122135 -0.320022 1.656092 -2.278673 0.845950 0.000000 11.399152 -0.365733 -2.923703 -2.285056 0.251910 0.000000 9.938174 -0.411431 -3.367573 -1.151239 -0.983951 -0.000000 8.579116 0.114201 -1.349393 -3.841517 0.310223 0.000000 25.089088 0.333908 -0.000000 0.000000 -0.000000 4.224101 8.888440 -0.424614 8.280039 -20.929231 3.137780 1.625316 4.497742 -76.980269 0.000011 -36.305099 0.000006 19.884209 -19.957143 5.430811 2.354134 -1.272457 1.802822 28.897513 8.894104 20.768607 1.999429 -1.154373 1.154374 -8.690638 18.041873 -12.337710 2.113314 -1.220119 1.220122 7.946593 -11.221933 1.406953 1.744290 -1.007034 1.007056 -0.000001 -0.000000 -0.000003 7.198479 -0.169237 1.742685 0.321249 3.500377 3.987061 2.844903 -0.000006 -0.000001 0.265683 2.465269 -16.816388 2.665505 -0.000019 0.000002 -0.020309 0.178482 -3.850820 2.297409 -0.000006 -0.000012 0.000000 0.000001 0.000000 6.876539 -0.000006 -0.000005 0.605069 7.624338 -16.487696 3.256827 0.000016 -0.000001 0.612746 3.443009 -27.102869 3.177892 -0.000010 -0.000002 0.271804 1.846630 -15.987009 2.695116 -0.000016 -0.000006 0.000000 0.000002 0.000003 6.623896 -0.059441 -1.696965 0.876768 8.006425 -34.399681 2.957999 -0.000007 0.000004 0.422035 2.000717 -17.172535 2.756902 0.000009 0.000002 0.298778 1.211759 -12.585002 2.334610 0.000011 0.000001 -0.000001 -0.000001 -0.000000 6.046968 -0.139187 -3.244340 3.587798 13.517598 -31.386116 2.623707 0.000009 0.000000 0.487203 2.680653 -29.100803 2.132117 0.000004 -0.000007 0.074785 1.530304 -6.724068 1.793219 0.000012 0.000000 -0.000003 -0.000001 0.000001 -4.224098 8.888414 -0.398196 -0.855008 5.246475 5.396786 22.093493 -2.727992 73.794723 -0.000020 32.516779 -0.000006 25.457271 8.380624 4.049675 -2.342537 -1.287619 1.805307 12.593951 -8.153694 -17.222421 -1.998870 -1.154047 1.154042 6.064830 -5.313234 -13.324095 -2.115646 -1.221473 1.221462 -13.753601 7.447206 9.069843 -1.745166 -1.007569 1.007566 -0.000001 -0.000011 -0.000001 -7.289624 -0.160562 1.788520 -0.934042 0.803122 10.773192 -2.816291 -0.000008 -0.000007 0.637324 -3.394051 26.746406 -2.639583 -0.000007 0.000007 -0.167847 -0.590567 17.433254 -2.241501 -0.000006 0.000014 0.000002 0.000002 0.000000 -7.060412 0.000008 0.000006 0.839964 -8.113515 23.112375 -3.340207 0.000003 0.000000 1.181246 -4.370036 38.023544 -3.056704 -0.000003 -0.000003 0.821945 -3.075371 31.081739 -2.639474 0.000000 -0.000009 -0.000001 0.000002 0.000000 -6.774590 0.049798 -1.636027 1.275984 -8.669401 41.005676 -2.923900 -0.000001 0.000013 0.713385 -2.594916 23.801116 -2.718001 -0.000011 0.000003 -0.130790 -0.209827 20.215118 -2.379610 0.000000 0.000009 -0.000000 -0.000001 0.000001 -6.148537 -0.175708 -3.130186 2.500283 -10.281923 45.253060 -2.627893 -0.000005 -0.000008 1.612578 -4.332255 49.089683 -2.122490 0.000017 -0.000005 -0.378858 -2.603567 43.266790 -1.792002 0.000002 0.000002 0.000001 -0.000002 -0.000001 7.556999 -4.826313 0.300478 -28.471184 -0.342211 1.304119 0.315534 -24.058294 0.537043 67.064323 2.618833 7.077238 -0.315537 -33.061478 0.084927 4.493386 0.182786 -0.860744 0.092046 -7.483318 10.511632 -5.994857 0.425113 -5.474219 0.082184 -0.046741 6.420124 -0.000001 -0.000000 0.000000 -7.557003 -4.826306 0.300484 -4.101856 -12.101552 9.621857 -0.315557 -24.058256 0.712181 12.317594 1.831905 -1.835713 0.315562 -33.061462 0.096916 -7.148552 -5.093193 -4.973681 -0.092060 -7.483411 10.296527 -2.773197 -0.000002 -0.000001 -0.082208 -0.046777 6.411405 -0.000000 -0.000000 -0.000000 
0.219347 68.685059 110.724838 -0.285095 9.949105 -3.536945 -0.000001 3.962386 -0.274314 2.603319 -0.672811 2.332733 0.000001 14.122135 -0.320022 1.656092 -2.278673 0.845950 0.000000 11.399152 -0.365733 -2.923703 -2.285056 0.251910 0.000000 9.938174 -0.411431 -3.367573 -1.151239 -0.983951 -0.000000 8.579116 0.114201 -1.349393 -3.841517 0.310223 0.000000 25.089088 0.333908 -0.000000 0.000000 -0.000000 4.224101 8.888440 -0.424614 8.280039 -20.929231 3.137780 1.625316 4.497742 -76.980269 0.000011 -36.305099 0.000006 19.884209 -19.957143 5.430811 2.354134 -1.272457 1.802822 28.897513 8.894104 20.768607 1.999429 -1.154373 1.154374 -8.690638 18.041873 -12.337710 2.113314 -1.220119 1.220122 7.946593 -11.221933 1.406953 1.744290 -1.007034 1.007056 -0.000001 -0.000000 -0.000003 7.198479 -0.169237 1.742685 0.321249 3.500377 3.987061 2.844903 -0.000006 -0.000001 0.265683 2.465269 -16.816388 2.665505 -0.000019 0.000002 -0.020309 0.178482 -3.850820 2.297409 -0.000006 -0.000012 0.000000 0.000001 0.000000 6.876539 -0.000006 -0.000005 0.605069 7.624338 -16.487696 3.256827 0.000016 -0.000001 0.612746 3.443009 -27.102869 3.177892 -0.000010 -0.000002 0.271804 1.846630 -15.987009 2.695116 -0.000016 -0.000006 0.000000 0.000002 0.000003 6.623896 -0.059441 -1.696965 0.876768 8.006425 -34.399681 2.957999 -0.000007 0.000004 0.422035 2.000717 -17.172535 2.756902 0.000009 0.000002 0.298778 1.211759 -12.585002 2.334610 0.000011 0.000001 -0.000001 -0.000001 -0.000000 6.046968 -0.139187 -3.244340 3.587798 13.517598 -31.386116 2.623707 0.000009 0.000000 0.487203 2.680653 -29.100803 2.132117 0.000004 -0.000007 0.074785 1.530304 -6.724068 1.793219 0.000012 0.000000 -0.000003 -0.000001 0.000001 -4.224098 8.888414 -0.398196 -0.855008 5.246475 5.396786 22.093493 -2.727992 73.794723 -0.000020 32.516779 -0.000006 25.457271 8.380624 4.049675 -2.342537 -1.287619 1.805307 12.593951 -8.153694 -17.222421 -1.998870 -1.154047 1.154042 6.064830 -5.313234 -13.324095 -2.115646 -1.221473 1.221462 -13.753601 7.447206 9.069843 -1.745166 -1.007569 1.007566 -0.000001 -0.000011 -0.000001 -7.289624 -0.160562 1.788520 -0.934042 0.803122 10.773192 -2.816291 -0.000008 -0.000007 0.637324 -3.394051 26.746406 -2.639583 -0.000007 0.000007 -0.167847 -0.590567 17.433254 -2.241501 -0.000006 0.000014 0.000002 0.000002 0.000000 -7.060412 0.000008 0.000006 0.839964 -8.113515 23.112375 -3.340207 0.000003 0.000000 1.181246 -4.370036 38.023544 -3.056704 -0.000003 -0.000003 0.821945 -3.075371 31.081739 -2.639474 0.000000 -0.000009 -0.000001 0.000002 0.000000 -6.774590 0.049798 -1.636027 1.275984 -8.669401 41.005676 -2.923900 -0.000001 0.000013 0.713385 -2.594916 23.801116 -2.718001 -0.000011 0.000003 -0.130790 -0.209827 20.215118 -2.379610 0.000000 0.000009 -0.000000 -0.000001 0.000001 -6.148537 -0.175708 -3.130186 2.500283 -10.281923 45.253060 -2.627893 -0.000005 -0.000008 1.612578 -4.332255 49.089683 -2.122490 0.000017 -0.000005 -0.378858 -2.603567 43.266790 -1.792002 0.000002 0.000002 0.000001 -0.000002 -0.000001 7.556999 -4.826313 0.300478 -28.471184 -0.342211 1.304119 0.315534 -24.058294 0.537043 67.064323 2.618833 7.077238 -0.315537 -33.061478 0.084927 4.493386 0.182786 -0.860744 0.092046 -7.483318 10.511632 -5.994857 0.425113 -5.474219 0.082184 -0.046741 6.420124 -0.000001 -0.000000 0.000000 -7.557003 -4.826306 0.300484 -4.101856 -12.101552 9.621857 -0.315557 -24.058256 0.712181 12.317594 1.831905 -1.835713 0.315562 -33.061462 0.096916 -7.148552 -5.093193 -4.973681 -0.092060 -7.483411 10.296527 -2.773197 -0.000002 -0.000001 -0.082208 -0.046777 6.411405 -0.000000 -0.000000 -0.000000 
0.219347 68.685059 110.724838 -0.285095 9.949105 -3.536945 -0.000001 3.962386 -0.274314 2.603319 -0.672811 2.332733 0.000001 14.122135 -0.320022 1.656092 -2.278673 0.845950 0.000000 11.399152 -0.365733 -2.923703 -2.285056 0.251910 0.000000 9.938174 -0.411431 -3.367573 -1.151239 -0.983951 -0.000000 8.579116 0.114201 -1.349393 -3.841517 0.310223 0.000000 25.089088 0.333908 -0.000000 0.000000 -0.000000 4.224101 8.888440 -0.424614 8.280039 -20.929231 3.137780 1.625316 4.497742 -76.980269 0.000011 -36.305099 0.000006 19.884209 -19.957143 5.430811 2.354134 -1.272457 1.802822 28.897513 8.894104 20.768607 1.999429 -1.154373 1.154374 -8.690638 18.041873 -12.337710 2.113314 -1.220119 1.220122 7.946593 -11.221933 1.406953 1.744290 -1.007034 1.007056 -0.000001 -0.000000 -0.000003 7.198479 -0.169237 1.742685 0.321249 3.500377 3.987061 2.844903 -0.000006 -0.000001 0.265683 2.465269 -16.816388 2.665505 -0.000019 0.000002 -0.020309 0.178482 -3.850820 2.297409 -0.000006 -0.000012 0.000000 0.000001 0.000000 6.876539 -0.000006 -0.000005 0.605069 7.624338 -16.487696 3.256827 0.000016 -0.000001 0.612746 3.443009 -27.102869 3.177892 -0.000010 -0.000002 0.271804 1.846630 -15.987009 2.695116 -0.000016 -0.000006 0.000000 0.000002 0.000003 6.623896 -0.059441 -1.696965 0.876768 8.006425 -34.399681 2.957999 -0.000007 0.000004 0.422035 2.000717 -17.172535 2.756902 0.000009 0.000002 0.298778 1.211759 -12.585002 2.334610 0.000011 0.000001 -0.000001 -0.000001 -0.000000 6.046968 -0.139187 -3.244340 3.587798 13.517598 -31.386116 2.623707 0.000009 0.000000 0.487203 2.680653 -29.100803 2.132117 0.000004 -0.000007 0.074785 1.530304 -6.724068 1.793219 0.000012 0.000000 -0.000003 -0.000001 0.000001 -4.224098 8.888414 -0.398196 -0.855008 5.246475 5.396786 22.093493 -2.727992 73.794723 -0.000020 32.516779 -0.000006 25.457271 8.380624 4.049675 -2.342537 -1.287619 1.805307 12.593951 -8.153694 -17.222421 -1.998870 -1.154047 1.154042 6.064830 -5.313234 -13.324095 -2.115646 -1.221473 1.221462 -13.753601 7.447206 9.069843 -1.745166 -1.007569 1.007566 -0.000001 -0.000011 -0.000001 -7.289624 -0.160562 1.788520 -0.934042 0.803122 10.773192 -2.816291 -0.000008 -0.000007 0.637324 -3.394051 26.746406 -2.639583 -0.000007 0.000007 -0.167847 -0.590567 17.433254 -2.241501 -0.000006 0.000014 0.000002 0.000002 0.000000 -7.060412 0.000008 0.000006 0.839964 -8.113515 23.112375 -3.340207 0.000003 0.000000 1.181246 -4.370036 38.023544 -3.056704 -0.000003 -0.000003 0.821945 -3.075371 31.081739 -2.639474 0.000000 -0.000009 -0.000001 0.000002 0.000000 -6.774590 0.049798 -1.636027 1.275984 -8.669401 41.005676 -2.923900 -0.000001 0.000013 0.713385 -2.594916 23.801116 -2.718001 -0.000011 0.000003 -0.130790 -0.209827 20.215118 -2.379610 0.000000 0.000009 -0.000000 -0.000001 0.000001 -6.148537 -0.175708 -3.130186 2.500283 -10.281923 45.253060 -2.627893 -0.000005 -0.000008 1.612578 -4.332255 49.089683 -2.122490 0.000017 -0.000005 -0.378858 -2.603567 43.266790 -1.792002 0.000002 0.000002 0.000001 -0.000002 -0.000001 7.556999 -4.826313 0.300478 -28.471184 -0.342211 1.304119 0.315534 -24.058294 0.537043 67.064323 2.618833 7.077238 -0.315537 -33.061478 0.084927 4.493386 0.182786 -0.860744 0.092046 -7.483318 10.511632 -5.994857 0.425113 -5.474219 0.082184 -0.046741 6.420124 -0.000001 -0.000000 0.000000 -7.557003 -4.826306 0.300484 -4.101856 -12.101552 9.621857 -0.315557 -24.058256 0.712181 12.317594 1.831905 -1.835713 0.315562 -33.061462 0.096916 -7.148552 -5.093193 -4.973681 -0.092060 -7.483411 10.296527 -2.773197 -0.000002 -0.000001 -0.082208 -0.046777 6.411405 -0.000000 -0.000000 -0.000000 
0.219347 68.685059 110.724838 -0.285095 9.949105 -3.536945 -0.000001 3.962386 -0.274314 2.603319 -0.672811 2.332733 0.000001 14.122135 -0.320022 1.656092 -2.278673 0.845950 0.000000 11.399152 -0.365733 -2.923703 -2.285056 0.251910 0.000000 9.938174 -0.411431 -3.367573 -1.151239 -0.983951 -0.000000 8.579116 0.114201 -1.349393 -3.841517 0.310223 0.000000 25.089088 0.333908 -0.000000 0.000000 -0.000000 4.224101 8.888440 -0.424614 8.280039 -20.929231 3.137780 1.625316 4.497742 -76.980269 0.000011 -36.305099 0.000006 19.884209 -19.957143 5.430811 2.354134 -1.272457 1.802822 28.897513 8.894104 20.768607 1.999429 -1.154373 1.154374 -8.690638 18.041873 -12.337710 2.113314 -1.220119 1.220122 7.946593 -11.221933 1.406953 1.744290 -1.007034 1.007056 -0.000001 -0.000000 -0.000003 7.198479 -0.169237 1.742685 0.321249 3.500377 3.987061 2.844903 -0.000006 -0.000001 0.265683 2.465269 -16.816388 2.665505 -0.000019 0.000002 -0.020309 0.178482 -3.850820 2.297409 -0.000006 -0.000012 0.000000 0.000001 0.000000 6.876539 -0.000006 -0.000005 0.605069 7.624338 -16.487696 3.256827 0.000016 -0.000001 0.612746 3.443009 -27.102869 3.177892 -0.000010 -0.000002 0.271804 1.846630 -15.987009 2.695116 -0.000016 -0.000006 0.000000 0.000002 0.000003 6.623896 -0.059441 -1.696965 0.876768 8.006425 -34.399681 2.957999 -0.000007 0.000004 0.422035 2.000717 -17.172535 2.756902 0.000009 0.000002 0.298778 1.211759 -12.585002 2.334610 0.000011 0.000001 -0.000001 -0.000001 -0.000000 6.046968 -0.139187 -3.244340 3.587798 13.517598 -31.386116 2.623707 0.000009 0.000000 0.487203 2.680653 -29.100803 2.132117 0.000004 -0.000007 0.074785 1.530304 -6.724068 1.793219 0.000012 0.000000 -0.000003 -0.000001 0.000001 -4.224098 8.888414 -0.398196 -0.855008 5.246475 5.396786 22.093493 -2.727992 73.794723 -0.000020 32.516779 -0.000006 25.457271 8.380624 4.049675 -2.342537 -1.287619 1.805307 12.593951 -8.153694 -17.222421 -1.998870 -1.154047 1.154042 6.064830 -5.313234 -13.324095 -2.115646 -1.221473 1.221462 -13.753601 7.447206 9.069843 -1.745166 -1.007569 1.007566 -0.000001 -0.000011 -0.000001 -7.289624 -0.160562 1.788520 -0.934042 0.803122 10.773192 -2.816291 -0.000008 -0.000007 0.637324 -3.394051 26.746406 -2.639583 -0.000007 0.000007 -0.167847 -0.590567 17.433254 -2.241501 -0.000006 0.000014 0.000002 0.000002 0.000000 -7.060412 0.000008 0.000006 0.839964 -8.113515 23.112375 -3.340207 0.000003 0.000000 1.181246 -4.370036 38.023544 -3.056704 -0.000003 -0.000003 0.821945 -3.075371 31.081739 -2.639474 0.000000 -0.000009 -0.000001 0.000002 0.000000 -6.774590 0.049798 -1.636027 1.275984 -8.669401 41.005676 -2.923900 -0.000001 0.000013 0.713385 -2.594916 23.801116 -2.718001 -0.000011 0.000003 -0.130790 -0.209827 20.215118 -2.379610 0.000000 0.000009 -0.000000 -0.000001 0.000001 -6.148537 -0.175708 -3.130186 2.500283 -10.281923 45.253060 -2.627893 -0.000005 -0.000008 1.612578 -4.332255 49.089683 -2.122490 0.000017 -0.000005 -0.378858 -2.603567 43.266790 -1.792002 0.000002 0.000002 0.000001 -0.000002 -0.000001 7.556999 -4.826313 0.300478 -28.471184 -0.342211 1.304119 0.315534 -24.058294 0.537043 67.064323 2.618833 7.077238 -0.315537 -33.061478 0.084927 4.493386 0.182786 -0.860744 0.092046 -7.483318 10.511632 -5.994857 0.425113 -5.474219 0.082184 -0.046741 6.420124 -0.000001 -0.000000 0.000000 -7.557003 -4.826306 0.300484 -4.101856 -12.101552 9.621857 -0.315557 -24.058256 0.712181 12.317594 1.831905 -1.835713 0.315562 -33.061462 0.096916 -7.148552 -5.093193 -4.973681 -0.092060 -7.483411 10.296527 -2.773197 -0.000002 -0.000001 -0.082208 -0.046777 6.411405 -0.000000 -0.000000 -0.000000 
0.219347 68.685059 110.724838 -0.285095 9.949105 -3.536945 -0.000001 3.962386 -0.274314 2.603319 -0.672811 2.332733 0.000001 14.122135 -0.320022 1.656092 -2.278673 0.845950 0.000000 11.399152 -0.365733 -2.923703 -2.285056 0.251910 0.000000 9.938174 -0.411431 -3.367573 -1.151239 -0.983951 -0.000000 8.579116 0.114201 -1.349393 -3.841517 0.310223 0.000000 25.089088 0.333908 -0.000000 0.000000 -0.000000 4.224101 8.888440 -0.424614 8.280039 -20.929231 3.137780 1.625316 4.497742 -76.980269 0.000011 -36.305099 0.000006 19.884209 -19.957143 5.430811 2.354134 -1.272457 1.802822 28.897513 8.894104 20.768607 1.999429 -1.154373 1.154374 -8.690638 18.041873 -12.337710 2.113314 -1.220119 1.220122 7.946593 -11.221933 1.406953 1.744290 -1.007034 1.007056 -0.000001 -0.000000 -0.000003 7.198479 -0.169237 1.742685 0.321249 3.500377 3.987061 2.844903 -0.000006 -0.000001 0.265683 2.465269 -16.816388 2.665505 -0.000019 0.000002 -0.020309 0.178482 -3.850820 2.297409 -0.000006 -0.000012 0.000000 0.000001 0.000000 6.876539 -0.000006 -0.000005 0.605069 7.624338 -16.487696 3.256827 0.000016 -0.000001 0.612746 3.443009 -27.102869 3.177892 -0.000010 -0.000002 0.271804 1.846630 -15.987009 2.695116 -0.000016 -0.000006 0.000000 0.000002 0.000003 6.623896 -0.059441 -1.696965 0.876768 8.006425 -34.399681 2.957999 -0.000007 0.000004 0.422035 2.000717 -17.172535 2.756902 0.000009 0.000002 0.298778 1.211759 -12.585002 2.334610 0.000011 0.000001 -0.000001 -0.000001 -0.000000 6.046968 -0.139187 -3.244340 3.587798 13.517598 -31.386116 2.623707 0.000009 0.000000 0.487203 2.680653 -29.100803 2.132117 0.000004 -0.000007 0.074785 1.530304 -6.724068 1.793219 0.000012 0.000000 -0.000003 -0.000001 0.000001 -4.224098 8.888414 -0.398196 -0.855008 5.246475 5.396786 22.093493 -2.727992 73.794723 -0.000020 32.516779 -0.000006 25.457271 8.380624 4.049675 -2.342537 -1.287619 1.805307 12.593951 -8.153694 -17.222421 -1.998870 -1.154047 1.154042 6.064830 -5.313234 -13.324095 -2.115646 -1.221473 1.221462 -13.753601 7.447206 9.069843 -1.745166 -1.007569 1.007566 -0.000001 -0.000011 -0.000001 -7.289624 -0.160562 1.788520 -0.934042 0.803122 10.773192 -2.816291 -0.000008 -0.000007 0.637324 -3.394051 26.746406 -2.639583 -0.000007 0.000007 -0.167847 -0.590567 17.433254 -2.241501 -0.000006 0.000014 0.000002 0.000002 0.000000 -7.060412 0.000008 0.000006 0.839964 -8.113515 23.112375 -3.340207 0.000003 0.000000 1.181246 -4.370036 38.023544 -3.056704 -0.000003 -0.000003 0.821945 -3.075371 31.081739 -2.639474 0.000000 -0.000009 -0.000001 0.000002 0.000000 -6.774590 0.049798 -1.636027 1.275984 -8.669401 41.005676 -2.923900 -0.000001 0.000013 0.713385 -2.594916 23.801116 -2.718001 -0.000011 0.000003 -0.130790 -0.209827 20.215118 -2.379610 0.000000 0.000009 -0.000000 -0.000001 0.000001 -6.148537 -0.175708 -3.130186 2.500283 -10.281923 45.253060 -2.627893 -0.000005 -0.000008 1.612578 -4.332255 49.089683 -2.122490 0.000017 -0.000005 -0.378858 -2.603567 43.266790 -1.792002 0.000002 0.000002 0.000001 -0.000002 -0.000001 7.556999 -4.826313 0.300478 -28.471184 -0.342211 1.304119 0.315534 -24.058294 0.537043 67.064323 2.618833 7.077238 -0.315537 -33.061478 0.084927 4.493386 0.182786 -0.860744 0.092046 -7.483318 10.511632 -5.994857 0.425113 -5.474219 0.082184 -0.046741 6.420124 -0.000001 -0.000000 0.000000 -7.557003 -4.826306 0.300484 -4.101856 -12.101552 9.621857 -0.315557 -24.058256 0.712181 12.317594 1.831905 -1.835713 0.315562 -33.061462 0.096916 -7.148552 -5.093193 -4.973681 -0.092060 -7.483411 10.296527 -2.773197 -0.000002 -0.000001 -0.082208 -0.046777 6.411405 -0.000000 -0.000000 -0.000000 
0.219347 68.685059 110.724838 -0.285095 9.949105 -3.536945 -0.000001 3.962386 -0.274314 2.603319 -0.672811 2.332733 0.000001 14.122135 -0.320022 1.656092 -2.278673 0.845950 0.000000 11.399152 -0.365733 -2.923703 -2.285056 0.251910 0.000000 9.938174 -0.411431 -3.367573 -1.151239 -0.983951 -0.000000 8.579116 0.114201 -1.349393 -3.841517 0.310223 0.000000 25.089088 0.333908 -0.000000 0.000000 -0.000000 4.224101 8.888440 -0.424614 8.280039 -20.929231 3.137780 1.625316 4.497742 -76.980269 0.000011 -36.305099 0.000006 19.884209 -19.957143 5.430811 2.354134 -1.272457 1.802822 28.897513 8.894104 20.768607 1.999429 -1.154373 1.154374 -8.690638 18.041873 -12.337710 2.113314 -1.220119 1.220122 7.946593 -11.221933 1.406953 1.744290 -1.007034 1.007056 -0.000001 -0.000000 -0.000003 7.198479 -0.169237 1.742685 0.321249 3.500377 3.987061 2.844903 -0.000006 -0.000001 0.265683 2.465269 -16.816388 2.665505 -0.000019 0.000002 -0.020309 0.178482 -3.850820 2.297409 -0.000006 -0.000012 0.000000 0.000001 0.000000 6.876539 -0.000006 -0.000005 0.605069 7.624338 -16.487696 3.256827 0.000016 -0.000001 0.612746 3.443009 -27.102869 3.177892 -0.000010 -0.000002 0.271804 1.846630 -15.987009 2.695116 -0.000016 -0.000006 0.000000 0.000002 0.000003 6.623896 -0.059441 -1.696965 0.876768 8.006425 -34.399681 2.957999 -0.000007 0.000004 0.422035 2.000717 -17.172535 2.756902 0.000009 0.000002 0.298778 1.211759 -12.585002 2.334610 0.000011 0.000001 -0.000001 -0.000001 -0.000000 6.046968 -0.139187 -3.244340 3.587798 13.517598 -31.386116 2.623707 0.000009 0.000000 0.487203 2.680653 -29.100803 2.132117 0.000004 -0.000007 0.074785 1.530304 -6.724068 1.793219 0.000012 0.000000 -0.000003 -0.000001 0.000001 -4.224098 8.888414 -0.398196 -0.855008 5.246475 5.396786 22.093493 -2.727992 73.794723 -0.000020 32.516779 -0.000006 25.457271 8.380624 4.049675 -2.342537 -1.287619 1.805307 12.593951 -8.153694 -17.222421 -1.998870 -1.154047 1.154042 6.064830 -5.313234 -13.324095 -2.115646 -1.221473 1.221462 -13.753601 7.447206 9.069843 -1.745166 -1.007569 1.007566 -0.000001 -0.000011 -0.000001 -7.289624 -0.160562 1.788520 -0.934042 0.803122 10.773192 -2.816291 -0.000008 -0.000007 0.637324 -3.394051 26.746406 -2.639583 -0.000007 0.000007 -0.167847 -0.590567 17.433254 -2.241501 -0.000006 0.000014 0.000002 0.000002 0.000000 -7.060412 0.000008 0.000006 0.839964 -8.113515 23.112375 -3.340207 0.000003 0.000000 1.181246 -4.370036 38.023544 -3.056704 -0.000003 -0.000003 0.821945 -3.075371 31.081739 -2.639474 0.000000 -0.000009 -0.000001 0.000002 0.000000 -6.774590 0.049798 -1.636027 1.275984 -8.669401 41.005676 -2.923900 -0.000001 0.000013 0.713385 -2.594916 23.801116 -2.718001 -0.000011 0.000003 -0.130790 -0.209827 20.215118 -2.379610 0.000000 0.000009 -0.000000 -0.000001 0.000001 -6.148537 -0.175708 -3.130186 2.500283 -10.281923 45.253060 -2.627893 -0.000005 -0.000008 1.612578 -4.332255 49.089683 -2.122490 0.000017 -0.000005 -0.378858 -2.603567 43.266790 -1.792002 0.000002 0.000002 0.000001 -0.000002 -0.000001 7.556999 -4.826313 0.300478 -28.471184 -0.342211 1.304119 0.315534 -24.058294 0.537043 67.064323 2.618833 7.077238 -0.315537 -33.061478 0.084927 4.493386 0.182786 -0.860744 0.092046 -7.483318 10.511632 -5.994857 0.425113 -5.474219 0.082184 -0.046741 6.420124 -0.000001 -0.000000 0.000000 -7.557003 -4.826306 0.300484 -4.101856 -12.101552 9.621857 -0.315557 -24.058256 0.712181 12.317594 1.831905 -1.835713 0.315562 -33.061462 0.096916 -7.148552 -5.093193 -4.973681 -0.092060 -7.483411 10.296527 -2.773197 -0.000002 -0.000001 -0.082208 -0.046777 6.411405 -0.000000 -0.000000 -0.000000 
0.219347 68.685059 110.724838 -0.285095 9.949105 -3.536945 -0.000001 3.962386 -0.274314 2.603319 -0.672811 2.332733 0.000001 14.122135 -0.320022 1.656092 -2.278673 0.845950 0.000000 11.399152 -0.365733 -2.923703 -2.285056 0.251910 0.000000 9.938174 -0.411431 -3.367573 -1.151239 -0.983951 -0.000000 8.579116 0.114201 -1.349393 -3.841517 0.310223 0.000000 25.089088 0.333908 -0.000000 0.000000 -0.000000 4.224101 8.888440 -0.424614 8.280039 -20.929231 3.137780 1.625316 4.497742 -76.980269 0.000011 -36.305099 0.000006 19.884209 -19.957143 5.430811 2.354134 -1.272457 1.802822 28.897513 8.894104 20.768607 1.999429 -1.154373 1.154374 -8.690638 18.041873 -12.337710 2.113314 -1.220119 1.220122 7.946593 -11.221933 1.406953 1.744290 -1.007034 1.007056 -0.000001 -0.000000 -0.000003 7.198479 -0.169237 1.742685 0.321249 3.500377 3.987061 2.844903 -0.000006 -0.000001 0.265683 2.465269 -16.816388 2.665505 -0.000019 0.000002 -0.020309 0.178482 -3.850820 2.297409 -0.000006 -0.000012 0.000000 0.000001 0.000000 6.876539 -0.000006 -0.000005 0.605069 7.624338 -16.487696 3.256827 0.000016 -0.000001 0.612746 3.443009 -27.102869 3.177892 -0.000010 -0.000002 0.271804 1.846630 -15.987009 2.695116 -0.000016 -0.000006 0.000000 0.000002 0.000003 6.623896 -0.059441 -1.696965 0.876768 8.006425 -34.399681 2.957999 -0.000007 0.000004 0.422035 2.000717 -17.172535 2.756902 0.000009 0.000002 0.298778 1.211759 -12.585002 2.334610 0.000011 0.000001 -0.000001 -0.000001 -0.000000 6.046968 -0.139187 -3.244340 3.587798 13.517598 -31.386116 2.623707 0.000009 0.000000 0.487203 2.680653 -29.100803 2.132117 0.000004 -0.000007 0.074785 1.530304 -6.724068 1.793219 0.000012 0.000000 -0.000003 -0.000001 0.000001 -4.224098 8.888414 -0.398196 -0.855008 5.246475 5.396786 22.093493 -2.727992 73.794723 -0.000020 32.516779 -0.000006 25.457271 8.380624 4.049675 -2.342537 -1.287619 1.805307 12.593951 -8.153694 -17.222421 -1.998870 -1.154047 1.154042 6.064830 -5.313234 -13.324095 -2.115646 -1.221473 1.221462 -13.753601 7.447206 9.069843 -1.745166 -1.007569 1.007566 -0.000001 -0.000011 -0.000001 -7.289624 -0.160562 1.788520 -0.934042 0.803122 10.773192 -2.816291 -0.000008 -0.000007 0.637324 -3.394051 26.746406 -2.639583 -0.000007 0.000007 -0.167847 -0.590567 17.433254 -2.241501 -0.000006 0.000014 0.000002 0.000002 0.000000 -7.060412 0.000008 0.000006 0.839964 -8.113515 23.112375 -3.340207 0.000003 0.000000 1.181246 -4.370036 38.023544 -3.056704 -0.000003 -0.000003 0.821945 -3.075371 31.081739 -2.639474 0.000000 -0.000009 -0.000001 0.000002 0.000000 -6.774590 0.049798 -1.636027 1.275984 -8.669401 41.005676 -2.923900 -0.000001 0.000013 0.713385 -2.594916 23.801116 -2.718001 -0.000011 0.000003 -0.130790 -0.209827 20.215118 -2.379610 0.000000 0.000009 -0.000000 -0.000001 0.000001 -6.148537 -0.175708 -3.130186 2.500283 -10.281923 45.253060 -2.627893 -0.000005 -0.000008 1.612578 -4.332255 49.089683 -2.122490 0.000017 -0.000005 -0.378858 -2.603567 43.266790 -1.792002 0.000002 0.000002 0.000001 -0.000002 -0.000001 7.556999 -4.826313 0.300478 -28.471184 -0.342211 1.304119 0.315534 -24.058294 0.537043 67.064323 2.618833 7.077238 -0.315537 -33.061478 0.084927 4.493386 0.182786 -0.860744 0.092046 -7.483318 10.511632 -5.994857 0.425113 -5.474219 0.082184 -0.046741 6.420124 -0.000001 -0.000000 0.000000 -7.557003 -4.826306 0.300484 -4.101856 -12.101552 9.621857 -0.315557 -24.058256 0.712181 12.317594 1.831905 -1.835713 0.315562 -33.061462 0.096916 -7.148552 -5.093193 -4.973681 -0.092060 -7.483411 10.296527 -2.773197 -0.000002 -0.000001 -0.082208 -0.046777 6.411405 -0.000000 -0.000000 -0.000000 
0.219347 68.685059 110.724838 -0.285095 9.949105 -3.536945 -0.000001 3.962386 -0.274314 2.603319 -0.672811 2.332733 0.000001 14.122135 -0.320022 1.656092 -2.278673 0.845950 0.000000 11.399152 -0.365733 -2.923703 -2.285056 0.251910 0.000000 9.938174 -0.411431 -3.367573 -1.151239 -0.983951 -0.000000 8.579116 0.114201 -1.349393 -3.841517 0.310223 0.000000 25.089088 0.333908 -0.000000 0.000000 -0.000000 4.224101 8.888440 -0.424614 8.280039 -20.929231 3.137780 1.625316 4.497742 -76.980269 0.000011 -36.305099 0.000006 19.884209 -19.957143 5.430811 2.354134 -1.272457 1.802822 28.897513 8.894104 20.768607 1.999429 -1.154373 1.154374 -8.690638 18.041873 -12.337710 2.113314 -1.220119 1.220122 7.946593 -11.221933 1.406953 1.744290 -1.007034 1.007056 -0.000001 -0.000000 -0.000003 7.198479 -0.169237 1.742685 0.321249 3.500377 3.987061 2.844903 -0.000006 -0.000001 0.265683 2.465269 -16.816388 2.665505 -0.000019 0.000002 -0.020309 0.178482 -3.850820 2.297409 -0.000006 -0.000012 0.000000 0.000001 0.000000 6.876539 -0.000006 -0.000005 0.605069 7.624338 -16.487696 3.256827 0.000016 -0.000001 0.612746 3.443009 -27.102869 3.177892 -0.000010 -0.000002 0.271804 1.846630 -15.987009 2.695116 -0.000016 -0.000006 0.000000 0.000002 0.000003 6.623896 -0.059441 -1.696965 0.876768 8.006425 -34.399681 2.957999 -0.000007 0.000004 0.422035 2.000717 -17.172535 2.756902 0.000009 0.000002 0.298778 1.211759 -12.585002 2.334610 0.000011 0.000001 -0.000001 -0.000001 -0.000000 6.046968 -0.139187 -3.244340 3.587798 13.517598 -31.386116 2.623707 0.000009 0.000000 0.487203 2.680653 -29.100803 2.132117 0.000004 -0.000007 0.074785 1.530304 -6.724068 1.793219 0.000012 0.000000 -0.000003 -0.000001 0.000001 -4.224098 8.888414 -0.398196 -0.855008 5.246475 5.396786 22.093493 -2.727992 73.794723 -0.000020 32.516779 -0.000006 25.457271 8.380624 4.049675 -2.342537 -1.287619 1.805307 12.593951 -8.153694 -17.222421 -1.998870 -1.154047 1.154042 6.064830 -5.313234 -13.324095 -2.115646 -1.221473 1.221462 -13.753601 7.447206 9.069843 -1.745166 -1.007569 1.007566 -0.000001 -0.000011 -0.000001 -7.289624 -0.160562 1.788520 -0.934042 0.803122 10.773192 -2.816291 -0.000008 -0.000007 0.637324 -3.394051 26.746406 -2.639583 -0.000007 0.000007 -0.167847 -0.590567 17.433254 -2.241501 -0.000006 0.000014 0.000002 0.000002 0.000000 -7.060412 0.000008 0.000006 0.839964 -8.113515 23.112375 -3.340207 0.000003 0.000000 1.181246 -4.370036 38.023544 -3.056704 -0.000003 -0.000003 0.821945 -3.075371 31.081739 -2.639474 0.000000 -0.000009 -0.000001 0.000002 0.000000 -6.774590 0.049798 -1.636027 1.275984 -8.669401 41.005676 -2.923900 -0.000001 0.000013 0.713385 -2.594916 23.801116 -2.718001 -0.000011 0.000003 -0.130790 -0.209827 20.215118 -2.379610 0.000000 0.000009 -0.000000 -0.000001 0.000001 -6.148537 -0.175708 -3.130186 2.500283 -10.281923 45.253060 -2.627893 -0.000005 -0.000008 1.612578 -4.332255 49.089683 -2.122490 0.000017 -0.000005 -0.378858 -2.603567 43.266790 -1.792002 0.000002 0.000002 0.000001 -0.000002 -0.000001 7.556999 -4.826313 0.300478 -28.471184 -0.342211 1.304119 0.315534 -24.058294 0.537043 67.064323 2.618833 7.077238 -0.315537 -33.061478 0.084927 4.493386 0.182786 -0.860744 0.092046 -7.483318 10.511632 -5.994857 0.425113 -5.474219 0.082184 -0.046741 6.420124 -0.000001 -0.000000 0.000000 -7.557003 -4.826306 0.300484 -4.101856 -12.101552 9.621857 -0.315557 -24.058256 0.712181 12.317594 1.831905 -1.835713 0.315562 -33.061462 0.096916 -7.148552 -5.093193 -4.973681 -0.092060 -7.483411 10.296527 -2.773197 -0.000002 -0.000001 -0.082208 -0.046777 6.411405 -0.000000 -0.000000 -0.000000 
0.219347 68.685059 110.724838 -0.285095 9.949105 -3.536945 -0.000001 3.962386 -0.274314 2.603319 -0.672811 2.332733 0.000001 14.122135 -0.320022 1.656092 -2.278673 0.845950 0.000000 11.399152 -0.365733 -2.923703 -2.285056 0.251910 0.000000 9.938174 -0.411431 -3.367573 -1.151239 -0.983951 -0.000000 8.579116 0.114201 -1.349393 -3.841517 0.310223 0.000000 25.089088 0.333908 -0.000000 0.000000 -0.000000 4.224101 8.888440 -0.424614 8.280039 -20.929231 3.137780 1.625316 4.497742 -76.980269 0.000011 -36.305099 0.000006 19.884209 -19.957143 5.430811 2.354134 -1.272457 1.802822 28.897513 8.894104 20.768607 1.999429 -1.154373 1.154374 -8.690638 18.041873 -12.337710 2.113314 -1.220119 1.220122 7.946593 -11.221933 1.406953 1.744290 -1.007034 1.007056 -0.000001 -0.000000 -0.000003 7.198479 -0.169237 1.742685 0.321249 3.500377 3.987061 2.844903 -0.000006 -0.000001 0.265683 2.465269 -16.816388 2.665505 -0.000019 0.000002 -0.020309 0.178482 -3.850820 2.297409 -0.000006 -0.000012 0.000000 0.000001 0.000000 6.876539 -0.000006 -0.000005 0.605069 7.624338 -16.487696 3.256827 0.000016 -0.000001 0.612746 3.443009 -27.102869 3.177892 -0.000010 -0.000002 0.271804 1.846630 -15.987009 2.695116 -0.000016 -0.000006 0.000000 0.000002 0.000003 6.623896 -0.059441 -1.696965 0.876768 8.006425 -34.399681 2.957999 -0.000007 0.000004 0.422035 2.000717 -17.172535 2.756902 0.000009 0.000002 0.298778 1.211759 -12.585002 2.334610 0.000011 0.000001 -0.000001 -0.000001 -0.000000 6.046968 -0.139187 -3.244340 3.587798 13.517598 -31.386116 2.623707 0.000009 0.000000 0.487203 2.680653 -29.100803 2.132117 0.000004 -0.000007 0.074785 1.530304 -6.724068 1.793219 0.000012 0.000000 -0.000003 -0.000001 0.000001 -4.224098 8.888414 -0.398196 -0.855008 5.246475 5.396786 22.093493 -2.727992 73.794723 -0.000020 32.516779 -0.000006 25.457271 8.380624 4.049675 -2.342537 -1.287619 1.805307 12.593951 -8.153694 -17.222421 -1.998870 -1.154047 1.154042 6.064830 -5.313234 -13.324095 -2.115646 -1.221473 1.221462 -13.753601 7.447206 9.069843 -1.745166 -1.007569 1.007566 -0.000001 -0.000011 -0.000001 -7.289624 -0.160562 1.788520 -0.934042 0.803122 10.773192 -2.816291 -0.000008 -0.000007 0.637324 -3.394051 26.746406 -2.639583 -0.000007 0.000007 -0.167847 -0.590567 17.433254 -2.241501 -0.000006 0.000014 0.000002 0.000002 0.000000 -7.060412 0.000008 0.000006 0.839964 -8.113515 23.112375 -3.340207 0.000003 0.000000 1.181246 -4.370036 38.023544 -3.056704 -0.000003 -0.000003 0.821945 -3.075371 31.081739 -2.639474 0.000000 -0.000009 -0.000001 0.000002 0.000000 -6.774590 0.049798 -1.636027 1.275984 -8.669401 41.005676 -2.923900 -0.000001 0.000013 0.713385 -2.594916 23.801116 -2.718001 -0.000011 0.000003 -0.130790 -0.209827 20.215118 -2.379610 0.000000 0.000009 -0.000000 -0.000001 0.000001 -6.148537 -0.175708 -3.130186 2.500283 -10.281923 45.253060 -2.627893 -0.000005 -0.000008 1.612578 -4.332255 49.089683 -2.122490 0.000017 -0.000005 -0.378858 -2.603567 43.266790 -1.792002 0.000002 0.000002 0.000001 -0.000002 -0.000001 7.556999 -4.826313 0.300478 -28.471184 -0.342211 1.304119 0.315534 -24.058294 0.537043 67.064323 2.618833 7.077238 -0.315537 -33.061478 0.084927 4.493386 0.182786 -0.860744 0.092046 -7.483318 10.511632 -5.994857 0.425113 -5.474219 0.082184 -0.046741 6.420124 -0.000001 -0.000000 0.000000 -7.557003 -4.826306 0.300484 -4.101856 -12.101552 9.621857 -0.315557 -24.058256 0.712181 12.317594 1.831905 -1.835713 0.315562 -33.061462 0.096916 -7.148552 -5.093193 -4.973681 -0.092060 -7.483411 10.296527 -2.773197 -0.000002 -0.000001 -0.082208 -0.046777 6.411405 -0.000000 -0.000000 -0.000000 
0.219347 68.685059 110.724838 -0.285095 9.949105 -3.536945 -0.000001 3.962386 -0.274314 2.603319 -0.672811 2.332733 0.000001 14.122135 -0.320022 1.656092 -2.278673 0.845950 0.000000 11.399152 -0.365733 -2.923703 -2.285056 0.251910 0.000000 9.938174 -0.411431 -3.367573 -1.151239 -0.983951 -0.000000 8.579116 0.114201 -1.349393 -3.841517 0.310223 0.000000 25.089088 0.333908 -0.000000 0.000000 -0.000000 4.224101 8.888440 -0.424614 8.280039 -20.929231 3.137780 1.625316 4.497742 -76.980269 0.000011 -36.305099 0.000006 19.884209 -19.957143 5.430811 2.354134 -1.272457 1.802822 28.897513 8.894104 20.768607 1.999429 -1.154373 1.154374 -8.690638 18.041873 -12.337710 2.113314 -1.220119 1.220122 7.946593 -11.221933 1.406953 1.744290 -1.007034 1.007056 -0.000001 -0.000000 -0.000003 7.198479 -0.169237 1.742685 0.321249 3.500377 3.987061 2.844903 -0.000006 -0.000001 0.265683 2.465269 -16.816388 2.665505 -0.000019 0.000002 -0.020309 0.178482 -3.850820 2.297409 -0.000006 -0.000012 0.000000 0.000001 0.000000 6.876539 -0.000006 -0.000005 0.605069 7.624338 -16.487696 3.256827 0.000016 -0.000001 0.612746 3.443009 -27.102869 3.177892 -0.000010 -0.000002 0.271804 1.846630 -15.987009 2.695116 -0.000016 -0.000006 0.000000 0.000002 0.000003 6.623896 -0.059441 -1.696965 0.876768 8.006425 -34.399681 2.957999 -0.000007 0.000004 0.422035 2.000717 -17.172535 2.756902 0.000009 0.000002 0.298778 1.211759 -12.585002 2.334610 0.000011 0.000001 -0.000001 -0.000001 -0.000000 6.046968 -0.139187 -3.244340 3.587798 13.517598 -31.386116 2.623707 0.000009 0.000000 0.487203 2.680653 -29.100803 2.132117 0.000004 -0.000007 0.074785 1.530304 -6.724068 1.793219 0.000012 0.000000 -0.000003 -0.000001 0.000001 -4.224098 8.888414 -0.398196 -0.855008 5.246475 5.396786 22.093493 -2.727992 73.794723 -0.000020 32.516779 -0.000006 25.457271 8.380624 4.049675 -2.342537 -1.287619 1.805307 12.593951 -8.153694 -17.222421 -1.998870 -1.154047 1.154042 6.064830 -5.313234 -13.324095 -2.115646 -1.221473 1.221462 -13.753601 7.447206 9.069843 -1.745166 -1.007569 1.007566 -0.000001 -0.000011 -0.000001 -7.289624 -0.160562 1.788520 -0.934042 0.803122 10.773192 -2.816291 -0.000008 -0.000007 0.637324 -3.394051 26.746406 -2.639583 -0.000007 0.000007 -0.167847 -0.590567 17.433254 -2.241501 -0.000006 0.000014 0.000002 0.000002 0.000000 -7.060412 0.000008 0.000006 0.839964 -8.113515 23.112375 -3.340207 0.000003 0.000000 1.181246 -4.370036 38.023544 -3.056704 -0.000003 -0.000003 0.821945 -3.075371 31.081739 -2.639474 0.000000 -0.000009 -0.000001 0.000002 0.000000 -6.774590 0.049798 -1.636027 1.275984 -8.669401 41.005676 -2.923900 -0.000001 0.000013 0.713385 -2.594916 23.801116 -2.718001 -0.000011 0.000003 -0.130790 -0.209827 20.215118 -2.379610 0.000000 0.000009 -0.000000 -0.000001 0.000001 -6.148537 -0.175708 -3.130186 2.500283 -10.281923 45.253060 -2.627893 -0.000005 -0.000008 1.612578 -4.332255 49.089683 -2.122490 0.000017 -0.000005 -0.378858 -2.603567 43.266790 -1.792002 0.000002 0.000002 0.000001 -0.000002 -0.000001 7.556999 -4.826313 0.300478 -28.471184 -0.342211 1.304119 0.315534 -24.058294 0.537043 67.064323 2.618833 7.077238 -0.315537 -33.061478 0.084927 4.493386 0.182786 -0.860744 0.092046 -7.483318 10.511632 -5.994857 0.425113 -5.474219 0.082184 -0.046741 6.420124 -0.000001 -0.000000 0.000000 -7.557003 -4.826306 0.300484 -4.101856 -12.101552 9.621857 -0.315557 -24.058256 0.712181 12.317594 1.831905 -1.835713 0.315562 -33.061462 0.096916 -7.148552 -5.093193 -4.973681 -0.092060 -7.483411 10.296527 -2.773197 -0.000002 -0.000001 -0.082208 -0.046777 6.411405 -0.000000 -0.000000 -0.000000 
0.219347 68.685059 110.724838 -0.285095 9.949105 -3.536945 -0.000001 3.962386 -0.274314 2.603319 -0.672811 2.332733 0.000001 14.122135 -0.320022 1.656092 -2.278673 0.845950 0.000000 11.399152 -0.365733 -2.923703 -2.285056 0.251910 0.000000 9.938174 -0.411431 -3.367573 -1.151239 -0.983951 -0.000000 8.579116 0.114201 -1.349393 -3.841517 0.310223 0.000000 25.089088 0.333908 -0.000000 0.000000 -0.000000 4.224101 8.888440 -0.424614 8.280039 -20.929231 3.137780 1.625316 4.497742 -76.980269 0.000011 -36.305099 0.000006 19.884209 -19.957143 5.430811 2.354134 -1.272457 1.802822 28.897513 8.894104 20.768607 1.999429 -1.154373 1.154374 -8.690638 18.041873 -12.337710 2.113314 -1.220119 1.220122 7.946593 -11.221933 1.406953 1.744290 -1.007034 1.007056 -0.000001 -0.000000 -0.000003 7.198479 -0.169237 1.742685 0.321249 3.500377 3.987061 2.844903 -0.000006 -0.000001 0.265683 2.465269 -16.816388 2.665505 -0.000019 0.000002 -0.020309 0.178482 -3.850820 2.297409 -0.000006 -0.000012 0.000000 0.000001 0.000000 6.876539 -0.000006 -0.000005 0.605069 7.624338 -16.487696 3.256827 0.000016 -0.000001 0.612746 3.443009 -27.102869 3.177892 -0.000010 -0.000002 0.271804 1.846630 -15.987009 2.695116 -0.000016 -0.000006 0.000000 0.000002 0.000003 6.623896 -0.059441 -1.696965 0.876768 8.006425 -34.399681 2.957999 -0.000007 0.000004 0.422035 2.000717 -17.172535 2.756902 0.000009 0.000002 0.298778 1.211759 -12.585002 2.334610 0.000011 0.000001 -0.000001 -0.000001 -0.000000 6.046968 -0.139187 -3.244340 3.587798 13.517598 -31.386116 2.623707 0.000009 0.000000 0.487203 2.680653 -29.100803 2.132117 0.000004 -0.000007 0.074785 1.530304 -6.724068 1.793219 0.000012 0.000000 -0.000003 -0.000001 0.000001 -4.224098 8.888414 -0.398196 -0.855008 5.246475 5.396786 22.093493 -2.727992 73.794723 -0.000020 32.516779 -0.000006 25.457271 8.380624 4.049675 -2.342537 -1.287619 1.805307 12.593951 -8.153694 -17.222421 -1.998870 -1.154047 1.154042 6.064830 -5.313234 -13.324095 -2.115646 -1.221473 1.221462 -13.753601 7.447206 9.069843 -1.745166 -1.007569 1.007566 -0.000001 -0.000011 -0.000001 -7.289624 -0.160562 1.788520 -0.934042 0.803122 10.773192 -2.816291 -0.000008 -0.000007 0.637324 -3.394051 26.746406 -2.639583 -0.000007 0.000007 -0.167847 -0.590567 17.433254 -2.241501 -0.000006 0.000014 0.000002 0.000002 0.000000 -7.060412 0.000008 0.000006 0.839964 -8.113515 23.112375 -3.340207 0.000003 0.000000 1.181246 -4.370036 38.023544 -3.056704 -0.000003 -0.000003 0.821945 -3.075371 31.081739 -2.639474 0.000000 -0.000009 -0.000001 0.000002 0.000000 -6.774590 0.049798 -1.636027 1.275984 -8.669401 41.005676 -2.923900 -0.000001 0.000013 0.713385 -2.594916 23.801116 -2.718001 -0.000011 0.000003 -0.130790 -0.209827 20.215118 -2.379610 0.000000 0.000009 -0.000000 -0.000001 0.000001 -6.148537 -0.175708 -3.130186 2.500283 -10.281923 45.253060 -2.627893 -0.000005 -0.000008 1.612578 -4.332255 49.089683 -2.122490 0.000017 -0.000005 -0.378858 -2.603567 43.266790 -1.792002 0.000002 0.000002 0.000001 -0.000002 -0.000001 7.556999 -4.826313 0.300478 -28.471184 -0.342211 1.304119 0.315534 -24.058294 0.537043 67.064323 2.618833 7.077238 -0.315537 -33.061478 0.084927 4.493386 0.182786 -0.860744 0.092046 -7.483318 10.511632 -5.994857 0.425113 -5.474219 0.082184 -0.046741 6.420124 -0.000001 -0.000000 0.000000 -7.557003 -4.826306 0.300484 -4.101856 -12.101552 9.621857 -0.315557 -24.058256 0.712181 12.317594 1.831905 -1.835713 0.315562 -33.061462 0.096916 -7.148552 -5.093193 -4.973681 -0.092060 -7.483411 10.296527 -2.773197 -0.000002 -0.000001 -0.082208 -0.046777 6.411405 -0.000000 -0.000000 -0.000000 
0.219347 68.685059 110.724838 -0.285095 9.949105 -3.536945 -0.000001 3.962386 -0.274314 2.603319 -0.672811 2.332733 0.000001 14.122135 -0.320022 1.656092 -2.278673 0.845950 0.000000 11.399152 -0.365733 -2.923703 -2.285056 0.251910 0.000000 9.938174 -0.411431 -3.367573 -1.151239 -0.983951 -0.000000 8.579116 0.114201 -1.349393 -3.841517 0.310223 0.000000 25.089088 0.333908 -0.000000 0.000000 -0.000000 4.224101 8.888440 -0.424614 8.280039 -20.929231 3.137780 1.625316 4.497742 -76.980269 0.000011 -36.305099 0.000006 19.884209 -19.957143 5.430811 2.354134 -1.272457 1.802822 28.897513 8.894104 20.768607 1.999429 -1.154373 1.154374 -8.690638 18.041873 -12.337710 2.113314 -1.220119 1.220122 7.946593 -11.221933 1.406953 1.744290 -1.007034 1.007056 -0.000001 -0.000000 -0.000003 7.198479 -0.169237 1.742685 0.321249 3.500377 3.987061 2.844903 -0.000006 -0.000001 0.265683 2.465269 -16.816388 2.665505 -0.000019 0.000002 -0.020309 0.178482 -3.850820 2.297409 -0.000006 -0.000012 0.000000 0.000001 0.000000 6.876539 -0.000006 -0.000005 0.605069 7.624338 -16.487696 3.256827 0.000016 -0.000001 0.612746 3.443009 -27.102869 3.177892 -0.000010 -0.000002 0.271804 1.846630 -15.987009 2.695116 -0.000016 -0.000006 0.000000 0.000002 0.000003 6.623896 -0.059441 -1.696965 0.876768 8.006425 -34.399681 2.957999 -0.000007 0.000004 0.422035 2.000717 -17.172535 2.756902 0.000009 0.000002 0.298778 1.211759 -12.585002 2.334610 0.000011 0.000001 -0.000001 -0.000001 -0.000000 6.046968 -0.139187 -3.244340 3.587798 13.517598 -31.386116 2.623707 0.000009 0.000000 0.487203 2.680653 -29.100803 2.132117 0.000004 -0.000007 0.074785 1.530304 -6.724068 1.793219 0.000012 0.000000 -0.000003 -0.000001 0.000001 -4.224098 8.888414 -0.398196 -0.855008 5.246475 5.396786 22.093493 -2.727992 73.794723 -0.000020 32.516779 -0.000006 25.457271 8.380624 4.049675 -2.342537 -1.287619 1.805307 12.593951 -8.153694 -17.222421 -1.998870 -1.154047 1.154042 6.064830 -5.313234 -13.324095 -2.115646 -1.221473 1.221462 -13.753601 7.447206 9.069843 -1.745166 -1.007569 1.007566 -0.000001 -0.000011 -0.000001 -7.289624 -0.160562 1.788520 -0.934042 0.803122 10.773192 -2.816291 -0.000008 -0.000007 0.637324 -3.394051 26.746406 -2.639583 -0.000007 0.000007 -0.167847 -0.590567 17.433254 -2.241501 -0.000006 0.000014 0.000002 0.000002 0.000000 -7.060412 0.000008 0.000006 0.839964 -8.113515 23.112375 -3.340207 0.000003 0.000000 1.181246 -4.370036 38.023544 -3.056704 -0.000003 -0.000003 0.821945 -3.075371 31.081739 -2.639474 0.000000 -0.000009 -0.000001 0.000002 0.000000 -6.774590 0.049798 -1.636027 1.275984 -8.669401 41.005676 -2.923900 -0.000001 0.000013 0.713385 -2.594916 23.801116 -2.718001 -0.000011 0.000003 -0.130790 -0.209827 20.215118 -2.379610 0.000000 0.000009 -0.000000 -0.000001 0.000001 -6.148537 -0.175708 -3.130186 2.500283 -10.281923 45.253060 -2.627893 -0.000005 -0.000008 1.612578 -4.332255 49.089683 -2.122490 0.000017 -0.000005 -0.378858 -2.603567 43.266790 -1.792002 0.000002 0.000002 0.000001 -0.000002 -0.000001 7.556999 -4.826313 0.300478 -28.471184 -0.342211 1.304119 0.315534 -24.058294 0.537043 67.064323 2.618833 7.077238 -0.315537 -33.061478 0.084927 4.493386 0.182786 -0.860744 0.092046 -7.483318 10.511632 -5.994857 0.425113 -5.474219 0.082184 -0.046741 6.420124 -0.000001 -0.000000 0.000000 -7.557003 -4.826306 0.300484 -4.101856 -12.101552 9.621857 -0.315557 -24.058256 0.712181 12.317594 1.831905 -1.835713 0.315562 -33.061462 0.096916 -7.148552 -5.093193 -4.973681 -0.092060 -7.483411 10.296527 -2.773197 -0.000002 -0.000001 -0.082208 -0.046777 6.411405 -0.000000 -0.000000 -0.000000 
0.219347 68.685059 110.724838 -0.285095 9.949105 -3.536945 -0.000001 3.962386 -0.274314 2.603319 -0.672811 2.332733 0.000001 14.122135 -0.320022 1.656092 -2.278673 0.845950 0.000000 11.399152 -0.365733 -2.923703 -2.285056 0.251910 0.000000 9.938174 -0.411431 -3.367573 -1.151239 -0.983951 -0.000000 8.579116 0.114201 -1.349393 -3.841517 0.310223 0.000000 25.089088 0.333908 -0.000000 0.000000 -0.000000 4.224101 8.888440 -0.424614 8.280039 -20.929231 3.137780 1.625316 4.497742 -76.980269 0.000011 -36.305099 0.000006 19.884209 -19.957143 5.430811 2.354134 -1.272457 1.802822 28.897513 8.894104 20.768607 1.999429 -1.154373 1.154374 -8.690638 18.041873 -12.337710 2.113314 -1.220119 1.220122 7.946593 -11.221933 1.406953 1.744290 -1.007034 1.007056 -0.000001 -0.000000 -0.000003 7.198479 -0.169237 1.742685 0.321249 3.500377 3.987061 2.844903 -0.000006 -0.000001 0.265683 2.465269 -16.816388 2.665505 -0.000019 0.000002 -0.020309 0.178482 -3.850820 2.297409 -0.000006 -0.000012 0.000000 0.000001 0.000000 6.876539 -0.000006 -0.000005 0.605069 7.624338 -16.487696 3.256827 0.000016 -0.000001 0.612746 3.443009 -27.102869 3.177892 -0.000010 -0.000002 0.271804 1.846630 -15.987009 2.695116 -0.000016 -0.000006 0.000000 0.000002 0.000003 6.623896 -0.059441 -1.696965 0.876768 8.006425 -34.399681 2.957999 -0.000007 0.000004 0.422035 2.000717 -17.172535 2.756902 0.000009 0.000002 0.298778 1.211759 -12.585002 2.334610 0.000011 0.000001 -0.000001 -0.000001 -0.000000 6.046968 -0.139187 -3.244340 3.587798 13.517598 -31.386116 2.623707 0.000009 0.000000 0.487203 2.680653 -29.100803 2.132117 0.000004 -0.000007 0.074785 1.530304 -6.724068 1.793219 0.000012 0.000000 -0.000003 -0.000001 0.000001 -4.224098 8.888414 -0.398196 -0.855008 5.246475 5.396786 22.093493 -2.727992 73.794723 -0.000020 32.516779 -0.000006 25.457271 8.380624 4.049675 -2.342537 -1.287619 1.805307 12.593951 -8.153694 -17.222421 -1.998870 -1.154047 1.154042 6.064830 -5.313234 -13.324095 -2.115646 -1.221473 1.221462 -13.753601 7.447206 9.069843 -1.745166 -1.007569 1.007566 -0.000001 -0.000011 -0.000001 -7.289624 -0.160562 1.788520 -0.934042 0.803122 10.773192 -2.816291 -0.000008 -0.000007 0.637324 -3.394051 26.746406 -2.639583 -0.000007 0.000007 -0.167847 -0.590567 17.433254 -2.241501 -0.000006 0.000014 0.000002 0.000002 0.000000 -7.060412 0.000008 0.000006 0.839964 -8.113515 23.112375 -3.340207 0.000003 0.000000 1.181246 -4.370036 38.023544 -3.056704 -0.000003 -0.000003 0.821945 -3.075371 31.081739 -2.639474 0.000000 -0.000009 -0.000001 0.000002 0.000000 -6.774590 0.049798 -1.636027 1.275984 -8.669401 41.005676 -2.923900 -0.000001 0.000013 0.713385 -2.594916 23.801116 -2.718001 -0.000011 0.000003 -0.130790 -0.209827 20.215118 -2.379610 0.000000 0.000009 -0.000000 -0.000001 0.000001 -6.148537 -0.175708 -3.130186 2.500283 -10.281923 45.253060 -2.627893 -0.000005 -0.000008 1.612578 -4.332255 49.089683 -2.122490 0.000017 -0.000005 -0.378858 -2.603567 43.266790 -1.792002 0.000002 0.000002 0.000001 -0.000002 -0.000001 7.556999 -4.826313 0.300478 -28.471184 -0.342211 1.304119 0.315534 -24.058294 0.537043 67.064323 2.618833 7.077238 -0.315537 -33.061478 0.084927 4.493386 0.182786 -0.860744 0.092046 -7.483318 10.511632 -5.994857 0.425113 -5.474219 0.082184 -0.046741 6.420124 -0.000001 -0.000000 0.000000 -7.557003 -4.826306 0.300484 -4.101856 -12.101552 9.621857 -0.315557 -24.058256 0.712181 12.317594 1.831905 -1.835713 0.315562 -33.061462 0.096916 -7.148552 -5.093193 -4.973681 -0.092060 -7.483411 10.296527 -2.773197 -0.000002 -0.000001 -0.082208 -0.046777 6.411405 -0.000000 -0.000000 -0.000000 
0.219347 68.685059 110.724838 -0.285095 9.949105 -3.536945 -0.000001 3.962386 -0.274314 2.603319 -0.672811 2.332733 0.000001 14.122135 -0.320022 1.656092 -2.278673 0.845950 0.000000 11.399152 -0.365733 -2.923703 -2.285056 0.251910 0.000000 9.938174 -0.411431 -3.367573 -1.151239 -0.983951 -0.000000 8.579116 0.114201 -1.349393 -3.841517 0.310223 0.000000 25.089088 0.333908 -0.000000 0.000000 -0.000000 4.224101 8.888440 -0.424614 8.280039 -20.929231 3.137780 1.625316 4.497742 -76.980269 0.000011 -36.305099 0.000006 19.884209 -19.957143 5.430811 2.354134 -1.272457 1.802822 28.897513 8.894104 20.768607 1.999429 -1.154373 1.154374 -8.690638 18.041873 -12.337710 2.113314 -1.220119 1.220122 7.946593 -11.221933 1.406953 1.744290 -1.007034 1.007056 -0.000001 -0.000000 -0.000003 7.198479 -0.169237 1.742685 0.321249 3.500377 3.987061 2.844903 -0.000006 -0.000001 0.265683 2.465269 -16.816388 2.665505 -0.000019 0.000002 -0.020309 0.178482 -3.850820 2.297409 -0.000006 -0.000012 0.000000 0.000001 0.000000 6.876539 -0.000006 -0.000005 0.605069 7.624338 -16.487696 3.256827 0.000016 -0.000001 0.612746 3.443009 -27.102869 3.177892 -0.000010 -0.000002 0.271804 1.846630 -15.987009 2.695116 -0.000016 -0.000006 0.000000 0.000002 0.000003 6.623896 -0.059441 -1.696965 0.876768 8.006425 -34.399681 2.957999 -0.000007 0.000004 0.422035 2.000717 -17.172535 2.756902 0.000009 0.000002 0.298778 1.211759 -12.585002 2.334610 0.000011 0.000001 -0.000001 -0.000001 -0.000000 6.046968 -0.139187 -3.244340 3.587798 13.517598 -31.386116 2.623707 0.000009 0.000000 0.487203 2.680653 -29.100803 2.132117 0.000004 -0.000007 0.074785 1.530304 -6.724068 1.793219 0.000012 0.000000 -0.000003 -0.000001 0.000001 -4.224098 8.888414 -0.398196 -0.855008 5.246475 5.396786 22.093493 -2.727992 73.794723 -0.000020 32.516779 -0.000006 25.457271 8.380624 4.049675 -2.342537 -1.287619 1.805307 12.593951 -8.153694 -17.222421 -1.998870 -1.154047 1.154042 6.064830 -5.313234 -13.324095 -2.115646 -1.221473 1.221462 -13.753601 7.447206 9.069843 -1.745166 -1.007569 1.007566 -0.000001 -0.000011 -0.000001 -7.289624 -0.160562 1.788520 -0.934042 0.803122 10.773192 -2.816291 -0.000008 -0.000007 0.637324 -3.394051 26.746406 -2.639583 -0.000007 0.000007 -0.167847 -0.590567 17.433254 -2.241501 -0.000006 0.000014 0.000002 0.000002 0.000000 -7.060412 0.000008 0.000006 0.839964 -8.113515 23.112375 -3.340207 0.000003 0.000000 1.181246 -4.370036 38.023544 -3.056704 -0.000003 -0.000003 0.821945 -3.075371 31.081739 -2.639474 0.000000 -0.000009 -0.000001 0.000002 0.000000 -6.774590 0.049798 -1.636027 1.275984 -8.669401 41.005676 -2.923900 -0.000001 0.000013 0.713385 -2.594916 23.801116 -2.718001 -0.000011 0.000003 -0.130790 -0.209827 20.215118 -2.379610 0.000000 0.000009 -0.000000 -0.000001 0.000001 -6.148537 -0.175708 -3.130186 2.500283 -10.281923 45.253060 -2.627893 -0.000005 -0.000008 1.612578 -4.332255 49.089683 -2.122490 0.000017 -0.000005 -0.378858 -2.603567 43.266790 -1.792002 0.000002 0.000002 0.000001 -0.000002 -0.000001 7.556999 -4.826313 0.300478 -28.471184 -0.342211 1.304119 0.315534 -24.058294 0.537043 67.064323 2.618833 7.077238 -0.315537 -33.061478 0.084927 4.493386 0.182786 -0.860744 0.092046 -7.483318 10.511632 -5.994857 0.425113 -5.474219 0.082184 -0.046741 6.420124 -0.000001 -0.000000 0.000000 -7.557003 -4.826306 0.300484 -4.101856 -12.101552 9.621857 -0.315557 -24.058256 0.712181 12.317594 1.831905 -1.835713 0.315562 -33.061462 0.096916 -7.148552 -5.093193 -4.973681 -0.092060 -7.483411 10.296527 -2.773197 -0.000002 -0.000001 -0.082208 -0.046777 6.411405 -0.000000 -0.000000 -0.000000 
0.219347 68.685059 110.724838 -0.285095 9.949105 -3.536945 -0.000001 3.962386 -0.274314 2.603319 -0.672811 2.332733 0.000001 14.122135 -0.320022 1.656092 -2.278673 0.845950 0.000000 11.399152 -0.365733 -2.923703 -2.285056 0.251910 0.000000 9.938174 -0.411431 -3.367573 -1.151239 -0.983951 -0.000000 8.579116 0.114201 -1.349393 -3.841517 0.310223 0.000000 25.089088 0.333908 -0.000000 0.000000 -0.000000 4.224101 8.888440 -0.424614 8.280039 -20.929231 3.137780 1.625316 4.497742 -76.980269 0.000011 -36.305099 0.000006 19.884209 -19.957143 5.430811 2.354134 -1.272457 1.802822 28.897513 8.894104 20.768607 1.999429 -1.154373 1.154374 -8.690638 18.041873 -12.337710 2.113314 -1.220119 1.220122 7.946593 -11.221933 1.406953 1.744290 -1.007034 1.007056 -0.000001 -0.000000 -0.000003 7.198479 -0.169237 1.742685 0.321249 3.500377 3.987061 2.844903 -0.000006 -0.000001 0.265683 2.465269 -16.816388 2.665505 -0.000019 0.000002 -0.020309 0.178482 -3.850820 2.297409 -0.000006 -0.000012 0.000000 0.000001 0.000000 6.876539 -0.000006 -0.000005 0.605069 7.624338 -16.487696 3.256827 0.000016 -0.000001 0.612746 3.443009 -27.102869 3.177892 -0.000010 -0.000002 0.271804 1.846630 -15.987009 2.695116 -0.000016 -0.000006 0.000000 0.000002 0.000003 6.623896 -0.059441 -1.696965 0.876768 8.006425 -34.399681 2.957999 -0.000007 0.000004 0.422035 2.000717 -17.172535 2.756902 0.000009 0.000002 0.298778 1.211759 -12.585002 2.334610 0.000011 0.000001 -0.000001 -0.000001 -0.000000 6.046968 -0.139187 -3.244340 3.587798 13.517598 -31.386116 2.623707 0.000009 0.000000 0.487203 2.680653 -29.100803 2.132117 0.000004 -0.000007 0.074785 1.530304 -6.724068 1.793219 0.000012 0.000000 -0.000003 -0.000001 0.000001 -4.224098 8.888414 -0.398196 -0.855008 5.246475 5.396786 22.093493 -2.727992 73.794723 -0.000020 32.516779 -0.000006 25.457271 8.380624 4.049675 -2.342537 -1.287619 1.805307 12.593951 -8.153694 -17.222421 -1.998870 -1.154047 1.154042 6.064830 -5.313234 -13.324095 -2.115646 -1.221473 1.221462 -13.753601 7.447206 9.069843 -1.745166 -1.007569 1.007566 -0.000001 -0.000011 -0.000001 -7.289624 -0.160562 1.788520 -0.934042 0.803122 10.773192 -2.816291 -0.000008 -0.000007 0.637324 -3.394051 26.746406 -2.639583 -0.000007 0.000007 -0.167847 -0.590567 17.433254 -2.241501 -0.000006 0.000014 0.000002 0.000002 0.000000 -7.060412 0.000008 0.000006 0.839964 -8.113515 23.112375 -3.340207 0.000003 0.000000 1.181246 -4.370036 38.023544 -3.056704 -0.000003 -0.000003 0.821945 -3.075371 31.081739 -2.639474 0.000000 -0.000009 -0.000001 0.000002 0.000000 -6.774590 0.049798 -1.636027 1.275984 -8.669401 41.005676 -2.923900 -0.000001 0.000013 0.713385 -2.594916 23.801116 -2.718001 -0.000011 0.000003 -0.130790 -0.209827 20.215118 -2.379610 0.000000 0.000009 -0.000000 -0.000001 0.000001 -6.148537 -0.175708 -3.130186 2.500283 -10.281923 45.253060 -2.627893 -0.000005 -0.000008 1.612578 -4.332255 49.089683 -2.122490 0.000017 -0.000005 -0.378858 -2.603567 43.266790 -1.792002 0.000002 0.000002 0.000001 -0.000002 -0.000001 7.556999 -4.826313 0.300478 -28.471184 -0.342211 1.304119 0.315534 -24.058294 0.537043 67.064323 2.618833 7.077238 -0.315537 -33.061478 0.084927 4.493386 0.182786 -0.860744 0.092046 -7.483318 10.511632 -5.994857 0.425113 -5.474219 0.082184 -0.046741 6.420124 -0.000001 -0.000000 0.000000 -7.557003 -4.826306 0.300484 -4.101856 -12.101552 9.621857 -0.315557 -24.058256 0.712181 12.317594 1.831905 -1.835713 0.315562 -33.061462 0.096916 -7.148552 -5.093193 -4.973681 -0.092060 -7.483411 10.296527 -2.773197 -0.000002 -0.000001 -0.082208 -0.046777 6.411405 -0.000000 -0.000000 -0.000000 
0.219347 68.685059 110.724838 -0.285095 9.949105 -3.536945 -0.000001 3.962386 -0.274314 2.603319 -0.672811 2.332733 0.000001 14.122135 -0.320022 1.656092 -2.278673 0.845950 0.000000 11.399152 -0.365733 -2.923703 -2.285056 0.251910 0.000000 9.938174 -0.411431 -3.367573 -1.151239 -0.983951 -0.000000 8.579116 0.114201 -1.349393 -3.841517 0.310223 0.000000 25.089088 0.333908 -0.000000 0.000000 -0.000000 4.224101 8.888440 -0.424614 8.280039 -20.929231 3.137780 1.625316 4.497742 -76.980269 0.000011 -36.305099 0.000006 19.884209 -19.957143 5.430811 2.354134 -1.272457 1.802822 28.897513 8.894104 20.768607 1.999429 -1.154373 1.154374 -8.690638 18.041873 -12.337710 2.113314 -1.220119 1.220122 7.946593 -11.221933 1.406953 1.744290 -1.007034 1.007056 -0.000001 -0.000000 -0.000003 7.198479 -0.169237 1.742685 0.321249 3.500377 3.987061 2.844903 -0.000006 -0.000001 0.265683 2.465269 -16.816388 2.665505 -0.000019 0.000002 -0.020309 0.178482 -3.850820 2.297409 -0.000006 -0.000012 0.000000 0.000001 0.000000 6.876539 -0.000006 -0.000005 0.605069 7.624338 -16.487696 3.256827 0.000016 -0.000001 0.612746 3.443009 -27.102869 3.177892 -0.000010 -0.000002 0.271804 1.846630 -15.987009 2.695116 -0.000016 -0.000006 0.000000 0.000002 0.000003 6.623896 -0.059441 -1.696965 0.876768 8.006425 -34.399681 2.957999 -0.000007 0.000004 0.422035 2.000717 -17.172535 2.756902 0.000009 0.000002 0.298778 1.211759 -12.585002 2.334610 0.000011 0.000001 -0.000001 -0.000001 -0.000000 6.046968 -0.139187 -3.244340 3.587798 13.517598 -31.386116 2.623707 0.000009 0.000000 0.487203 2.680653 -29.100803 2.132117 0.000004 -0.000007 0.074785 1.530304 -6.724068 1.793219 0.000012 0.000000 -0.000003 -0.000001 0.000001 -4.224098 8.888414 -0.398196 -0.855008 5.246475 5.396786 22.093493 -2.727992 73.794723 -0.000020 32.516779 -0.000006 25.457271 8.380624 4.049675 -2.342537 -1.287619 1.805307 12.593951 -8.153694 -17.222421 -1.998870 -1.154047 1.154042 6.064830 -5.313234 -13.324095 -2.115646 -1.221473 1.221462 -13.753601 7.447206 9.069843 -1.745166 -1.007569 1.007566 -0.000001 -0.000011 -0.000001 -7.289624 -0.160562 1.788520 -0.934042 0.803122 10.773192 -2.816291 -0.000008 -0.000007 0.637324 -3.394051 26.746406 -2.639583 -0.000007 0.000007 -0.167847 -0.590567 17.433254 -2.241501 -0.000006 0.000014 0.000002 0.000002 0.000000 -7.060412 0.000008 0.000006 0.839964 -8.113515 23.112375 -3.340207 0.000003 0.000000 1.181246 -4.370036 38.023544 -3.056704 -0.000003 -0.000003 0.821945 -3.075371 31.081739 -2.639474 0.000000 -0.000009 -0.000001 0.000002 0.000000 -6.774590 0.049798 -1.636027 1.275984 -8.669401 41.005676 -2.923900 -0.000001 0.000013 0.713385 -2.594916 23.801116 -2.718001 -0.000011 0.000003 -0.130790 -0.209827 20.215118 -2.379610 0.000000 0.000009 -0.000000 -0.000001 0.000001 -6.148537 -0.175708 -3.130186 2.500283 -10.281923 45.253060 -2.627893 -0.000005 -0.000008 1.612578 -4.332255 49.089683 -2.122490 0.000017 -0.000005 -0.378858 -2.603567 43.266790 -1.792002 0.000002 0.000002 0.000001 -0.000002 -0.000001 7.556999 -4.826313 0.300478 -28.471184 -0.342211 1.304119 0.315534 -24.058294 0.537043 67.064323 2.618833 7.077238 -0.315537 -33.061478 0.084927 4.493386 0.182786 -0.860744 0.092046 -7.483318 10.511632 -5.994857 0.425113 -5.474219 0.082184 -0.046741 6.420124 -0.000001 -0.000000 0.000000 -7.557003 -4.826306 0.300484 -4.101856 -12.101552 9.621857 -0.315557 -24.058256 0.712181 12.317594 1.831905 -1.835713 0.315562 -33.061462 0.096916 -7.148552 -5.093193 -4.973681 -0.092060 -7.483411 10.296527 -2.773197 -0.000002 -0.000001 -0.082208 -0.046777 6.411405 -0.000000 -0.000000 -0.000000 
0.219347 68.685059 110.724838 -0.285095 9.949105 -3.536945 -0.000001 3.962386 -0.274314 2.603319 -0.672811 2.332733 0.000001 14.122135 -0.320022 1.656092 -2.278673 0.845950 0.000000 11.399152 -0.365733 -2.923703 -2.285056 0.251910 0.000000 9.938174 -0.411431 -3.367573 -1.151239 -0.983951 -0.000000 8.579116 0.114201 -1.349393 -3.841517 0.310223 0.000000 25.089088 0.333908 -0.000000 0.000000 -0.000000 4.224101 8.888440 -0.424614 8.280039 -20.929231 3.137780 1.625316 4.497742 -76.980269 0.000011 -36.305099 0.000006 19.884209 -19.957143 5.430811 2.354134 -1.272457 1.802822 28.897513 8.894104 20.768607 1.999429 -1.154373 1.154374 -8.690638 18.041873 -12.337710 2.113314 -1.220119 1.220122 7.946593 -11.221933 1.406953 1.744290 -1.007034 1.007056 -0.000001 -0.000000 -0.000003 7.198479 -0.169237 1.742685 0.321249 3.500377 3.987061 2.844903 -0.000006 -0.000001 0.265683 2.465269 -16.816388 2.665505 -0.000019 0.000002 -0.020309 0.178482 -3.850820 2.297409 -0.000006 -0.000012 0.000000 0.000001 0.000000 6.876539 -0.000006 -0.000005 0.605069 7.624338 -16.487696 3.256827 0.000016 -0.000001 0.612746 3.443009 -27.102869 3.177892 -0.000010 -0.000002 0.271804 1.846630 -15.987009 2.695116 -0.000016 -0.000006 0.000000 0.000002 0.000003 6.623896 -0.059441 -1.696965 0.876768 8.006425 -34.399681 2.957999 -0.000007 0.000004 0.422035 2.000717 -17.172535 2.756902 0.000009 0.000002 0.298778 1.211759 -12.585002 2.334610 0.000011 0.000001 -0.000001 -0.000001 -0.000000 6.046968 -0.139187 -3.244340 3.587798 13.517598 -31.386116 2.623707 0.000009 0.000000 0.487203 2.680653 -29.100803 2.132117 0.000004 -0.000007 0.074785 1.530304 -6.724068 1.793219 0.000012 0.000000 -0.000003 -0.000001 0.000001 -4.224098 8.888414 -0.398196 -0.855008 5.246475 5.396786 22.093493 -2.727992 73.794723 -0.000020 32.516779 -0.000006 25.457271 8.380624 4.049675 -2.342537 -1.287619 1.805307 12.593951 -8.153694 -17.222421 -1.998870 -1.154047 1.154042 6.064830 -5.313234 -13.324095 -2.115646 -1.221473 1.221462 -13.753601 7.447206 9.069843 -1.745166 -1.007569 1.007566 -0.000001 -0.000011 -0.000001 -7.289624 -0.160562 1.788520 -0.934042 0.803122 10.773192 -2.816291 -0.000008 -0.000007 0.637324 -3.394051 26.746406 -2.639583 -0.000007 0.000007 -0.167847 -0.590567 17.433254 -2.241501 -0.000006 0.000014 0.000002 0.000002 0.000000 -7.060412 0.000008 0.000006 0.839964 -8.113515 23.112375 -3.340207 0.000003 0.000000 1.181246 -4.370036 38.023544 -3.056704 -0.000003 -0.000003 0.821945 -3.075371 31.081739 -2.639474 0.000000 -0.000009 -0.000001 0.000002 0.000000 -6.774590 0.049798 -1.636027 1.275984 -8.669401 41.005676 -2.923900 -0.000001 0.000013 0.713385 -2.594916 23.801116 -2.718001 -0.000011 0.000003 -0.130790 -0.209827 20.215118 -2.379610 0.000000 0.000009 -0.000000 -0.000001 0.000001 -6.148537 -0.175708 -3.130186 2.500283 -10.281923 45.253060 -2.627893 -0.000005 -0.000008 1.612578 -4.332255 49.089683 -2.122490 0.000017 -0.000005 -0.378858 -2.603567 43.266790 -1.792002 0.000002 0.000002 0.000001 -0.000002 -0.000001 7.556999 -4.826313 0.300478 -28.471184 -0.342211 1.304119 0.315534 -24.058294 0.537043 67.064323 2.618833 7.077238 -0.315537 -33.061478 0.084927 4.493386 0.182786 -0.860744 0.092046 -7.483318 10.511632 -5.994857 0.425113 -5.474219 0.082184 -0.046741 6.420124 -0.000001 -0.000000 0.000000 -7.557003 -4.826306 0.300484 -4.101856 -12.101552 9.621857 -0.315557 -24.058256 0.712181 12.317594 1.831905 -1.835713 0.315562 -33.061462 0.096916 -7.148552 -5.093193 -4.973681 -0.092060 -7.483411 10.296527 -2.773197 -0.000002 -0.000001 -0.082208 -0.046777 6.411405 -0.000000 -0.000000 -0.000000 
0.219347 68.685059 110.724838 -0.285095 9.949105 -3.536945 -0.000001 3.962386 -0.274314 2.603319 -0.672811 2.332733 0.000001 14.122135 -0.320022 1.656092 -2.278673 0.845950 0.000000 11.399152 -0.365733 -2.923703 -2.285056 0.251910 0.000000 9.938174 -0.411431 -3.367573 -1.151239 -0.983951 -0.000000 8.579116 0.114201 -1.349393 -3.841517 0.310223 0.000000 25.089088 0.333908 -0.000000 0.000000 -0.000000 4.224101 8.888440 -0.424614 8.280039 -20.929231 3.137780 1.625316 4.497742 -76.980269 0.000011 -36.305099 0.000006 19.884209 -19.957143 5.430811 2.354134 -1.272457 1.802822 28.897513 8.894104 20.768607 1.999429 -1.154373 1.154374 -8.690638 18.041873 -12.337710 2.113314 -1.220119 1.220122 7.946593 -11.221933 1.406953 1.744290 -1.007034 1.007056 -0.000001 -0.000000 -0.000003 7.198479 -0.169237 1.742685 0.321249 3.500377 3.987061 2.844903 -0.000006 -0.000001 0.265683 2.465269 -16.816388 2.665505 -0.000019 0.000002 -0.020309 0.178482 -3.850820 2.297409 -0.000006 -0.000012 0.000000 0.000001 0.000000 6.876539 -0.000006 -0.000005 0.605069 7.624338 -16.487696 3.256827 0.000016 -0.000001 0.612746 3.443009 -27.102869 3.177892 -0.000010 -0.000002 0.271804 1.846630 -15.987009 2.695116 -0.000016 -0.000006 0.000000 0.000002 0.000003 6.623896 -0.059441 -1.696965 0.876768 8.006425 -34.399681 2.957999 -0.000007 0.000004 0.422035 2.000717 -17.172535 2.756902 0.000009 0.000002 0.298778 1.211759 -12.585002 2.334610 0.000011 0.000001 -0.000001 -0.000001 -0.000000 6.046968 -0.139187 -3.244340 3.587798 13.517598 -31.386116 2.623707 0.000009 0.000000 0.487203 2.680653 -29.100803 2.132117 0.000004 -0.000007 0.074785 1.530304 -6.724068 1.793219 0.000012 0.000000 -0.000003 -0.000001 0.000001 -4.224098 8.888414 -0.398196 -0.855008 5.246475 5.396786 22.093493 -2.727992 73.794723 -0.000020 32.516779 -0.000006 25.457271 8.380624 4.049675 -2.342537 -1.287619 1.805307 12.593951 -8.153694 -17.222421 -1.998870 -1.154047 1.154042 6.064830 -5.313234 -13.324095 -2.115646 -1.221473 1.221462 -13.753601 7.447206 9.069843 -1.745166 -1.007569 1.007566 -0.000001 -0.000011 -0.000001 -7.289624 -0.160562 1.788520 -0.934042 0.803122 10.773192 -2.816291 -0.000008 -0.000007 0.637324 -3.394051 26.746406 -2.639583 -0.000007 0.000007 -0.167847 -0.590567 17.433254 -2.241501 -0.000006 0.000014 0.000002 0.000002 0.000000 -7.060412 0.000008 0.000006 0.839964 -8.113515 23.112375 -3.340207 0.000003 0.000000 1.181246 -4.370036 38.023544 -3.056704 -0.000003 -0.000003 0.821945 -3.075371 31.081739 -2.639474 0.000000 -0.000009 -0.000001 0.000002 0.000000 -6.774590 0.049798 -1.636027 1.275984 -8.669401 41.005676 -2.923900 -0.000001 0.000013 0.713385 -2.594916 23.801116 -2.718001 -0.000011 0.000003 -0.130790 -0.209827 20.215118 -2.379610 0.000000 0.000009 -0.000000 -0.000001 0.000001 -6.148537 -0.175708 -3.130186 2.500283 -10.281923 45.253060 -2.627893 -0.000005 -0.000008 1.612578 -4.332255 49.089683 -2.122490 0.000017 -0.000005 -0.378858 -2.603567 43.266790 -1.792002 0.000002 0.000002 0.000001 -0.000002 -0.000001 7.556999 -4.826313 0.300478 -28.471184 -0.342211 1.304119 0.315534 -24.058294 0.537043 67.064323 2.618833 7.077238 -0.315537 -33.061478 0.084927 4.493386 0.182786 -0.860744 0.092046 -7.483318 10.511632 -5.994857 0.425113 -5.474219 0.082184 -0.046741 6.420124 -0.000001 -0.000000 0.000000 -7.557003 -4.826306 0.300484 -4.101856 -12.101552 9.621857 -0.315557 -24.058256 0.712181 12.317594 1.831905 -1.835713 0.315562 -33.061462 0.096916 -7.148552 -5.093193 -4.973681 -0.092060 -7.483411 10.296527 -2.773197 -0.000002 -0.000001 -0.082208 -0.046777 6.411405 -0.000000 -0.000000 -0.000000 
0.219347 68.685059 110.724838 -0.285095 9.949105 -3.536945 -0.000001 3.962386 -0.274314 2.603319 -0.672811 2.332733 0.000001 14.122135 -0.320022 1.656092 -2.278673 0.845950 0.000000 11.399152 -0.365733 -2.923703 -2.285056 0.251910 0.000000 9.938174 -0.411431 -3.367573 -1.151239 -0.983951 -0.000000 8.579116 0.114201 -1.349393 -3.841517 0.310223 0.000000 25.089088 0.333908 -0.000000 0.000000 -0.000000 4.224101 8.888440 -0.424614 8.280039 -20.929231 3.137780 1.625316 4.497742 -76.980269 0.000011 -36.305099 0.000006 19.884209 -19.957143 5.430811 2.354134 -1.272457 1.802822 28.897513 8.894104 20.768607 1.999429 -1.154373 1.154374 -8.690638 18.041873 -12.337710 2.113314 -1.220119 1.220122 7.946593 -11.221933 1.406953 1.744290 -1.007034 1.007056 -0.000001 -0.000000 -0.000003 7.198479 -0.169237 1.742685 0.321249 3.500377 3.987061 2.844903 -0.000006 -0.000001 0.265683 2.465269 -16.816388 2.665505 -0.000019 0.000002 -0.020309 0.178482 -3.850820 2.297409 -0.000006 -0.000012 0.000000 0.000001 0.000000 6.876539 -0.000006 -0.000005 0.605069 7.624338 -16.487696 3.256827 0.000016 -0.000001 0.612746 3.443009 -27.102869 3.177892 -0.000010 -0.000002 0.271804 1.846630 -15.987009 2.695116 -0.000016 -0.000006 0.000000 0.000002 0.000003 6.623896 -0.059441 -1.696965 0.876768 8.006425 -34.399681 2.957999 -0.000007 0.000004 0.422035 2.000717 -17.172535 2.756902 0.000009 0.000002 0.298778 1.211759 -12.585002 2.334610 0.000011 0.000001 -0.000001 -0.000001 -0.000000 6.046968 -0.139187 -3.244340 3.587798 13.517598 -31.386116 2.623707 0.000009 0.000000 0.487203 2.680653 -29.100803 2.132117 0.000004 -0.000007 0.074785 1.530304 -6.724068 1.793219 0.000012 0.000000 -0.000003 -0.000001 0.000001 -4.224098 8.888414 -0.398196 -0.855008 5.246475 5.396786 22.093493 -2.727992 73.794723 -0.000020 32.516779 -0.000006 25.457271 8.380624 4.049675 -2.342537 -1.287619 1.805307 12.593951 -8.153694 -17.222421 -1.998870 -1.154047 1.154042 6.064830 -5.313234 -13.324095 -2.115646 -1.221473 1.221462 -13.753601 7.447206 9.069843 -1.745166 -1.007569 1.007566 -0.000001 -0.000011 -0.000001 -7.289624 -0.160562 1.788520 -0.934042 0.803122 10.773192 -2.816291 -0.000008 -0.000007 0.637324 -3.394051 26.746406 -2.639583 -0.000007 0.000007 -0.167847 -0.590567 17.433254 -2.241501 -0.000006 0.000014 0.000002 0.000002 0.000000 -7.060412 0.000008 0.000006 0.839964 -8.113515 23.112375 -3.340207 0.000003 0.000000 1.181246 -4.370036 38.023544 -3.056704 -0.000003 -0.000003 0.821945 -3.075371 31.081739 -2.639474 0.000000 -0.000009 -0.000001 0.000002 0.000000 -6.774590 0.049798 -1.636027 1.275984 -8.669401 41.005676 -2.923900 -0.000001 0.000013 0.713385 -2.594916 23.801116 -2.718001 -0.000011 0.000003 -0.130790 -0.209827 20.215118 -2.379610 0.000000 0.000009 -0.000000 -0.000001 0.000001 -6.148537 -0.175708 -3.130186 2.500283 -10.281923 45.253060 -2.627893 -0.000005 -0.000008 1.612578 -4.332255 49.089683 -2.122490 0.000017 -0.000005 -0.378858 -2.603567 43.266790 -1.792002 0.000002 0.000002 0.000001 -0.000002 -0.000001 7.556999 -4.826313 0.300478 -28.471184 -0.342211 1.304119 0.315534 -24.058294 0.537043 67.064323 2.618833 7.077238 -0.315537 -33.061478 0.084927 4.493386 0.182786 -0.860744 0.092046 -7.483318 10.511632 -5.994857 0.425113 -5.474219 0.082184 -0.046741 6.420124 -0.000001 -0.000000 0.000000 -7.557003 -4.826306 0.300484 -4.101856 -12.101552 9.621857 -0.315557 -24.058256 0.712181 12.317594 1.831905 -1.835713 0.315562 -33.061462 0.096916 -7.148552 -5.093193 -4.973681 -0.092060 -7.483411 10.296527 -2.773197 -0.000002 -0.000001 -0.082208 -0.046777 6.411405 -0.000000 -0.000000 -0.000000 
0.219347 68.685059 110.724838 -0.285095 9.949105 -3.536945 -0.000001 3.962386 -0.274314 2.603319 -0.672811 2.332733 0.000001 14.122135 -0.320022 1.656092 -2.278673 0.845950 0.000000 11.399152 -0.365733 -2.923703 -2.285056 0.251910 0.000000 9.938174 -0.411431 -3.367573 -1.151239 -0.983951 -0.000000 8.579116 0.114201 -1.349393 -3.841517 0.310223 0.000000 25.089088 0.333908 -0.000000 0.000000 -0.000000 4.224101 8.888440 -0.424614 8.280039 -20.929231 3.137780 1.625316 4.497742 -76.980269 0.000011 -36.305099 0.000006 19.884209 -19.957143 5.430811 2.354134 -1.272457 1.802822 28.897513 8.894104 20.768607 1.999429 -1.154373 1.154374 -8.690638 18.041873 -12.337710 2.113314 -1.220119 1.220122 7.946593 -11.221933 1.406953 1.744290 -1.007034 1.007056 -0.000001 -0.000000 -0.000003 7.198479 -0.169237 1.742685 0.321249 3.500377 3.987061 2.844903 -0.000006 -0.000001 0.265683 2.465269 -16.816388 2.665505 -0.000019 0.000002 -0.020309 0.178482 -3.850820 2.297409 -0.000006 -0.000012 0.000000 0.000001 0.000000 6.876539 -0.000006 -0.000005 0.605069 7.624338 -16.487696 3.256827 0.000016 -0.000001 0.612746 3.443009 -27.102869 3.177892 -0.000010 -0.000002 0.271804 1.846630 -15.987009 2.695116 -0.000016 -0.000006 0.000000 0.000002 0.000003 6.623896 -0.059441 -1.696965 0.876768 8.006425 -34.399681 2.957999 -0.000007 0.000004 0.422035 2.000717 -17.172535 2.756902 0.000009 0.000002 0.298778 1.211759 -12.585002 2.334610 0.000011 0.000001 -0.000001 -0.000001 -0.000000 6.046968 -0.139187 -3.244340 3.587798 13.517598 -31.386116 2.623707 0.000009 0.000000 0.487203 2.680653 -29.100803 2.132117 0.000004 -0.000007 0.074785 1.530304 -6.724068 1.793219 0.000012 0.000000 -0.000003 -0.000001 0.000001 -4.224098 8.888414 -0.398196 -0.855008 5.246475 5.396786 22.093493 -2.727992 73.794723 -0.000020 32.516779 -0.000006 25.457271 8.380624 4.049675 -2.342537 -1.287619 1.805307 12.593951 -8.153694 -17.222421 -1.998870 -1.154047 1.154042 6.064830 -5.313234 -13.324095 -2.115646 -1.221473 1.221462 -13.753601 7.447206 9.069843 -1.745166 -1.007569 1.007566 -0.000001 -0.000011 -0.000001 -7.289624 -0.160562 1.788520 -0.934042 0.803122 10.773192 -2.816291 -0.000008 -0.000007 0.637324 -3.394051 26.746406 -2.639583 -0.000007 0.000007 -0.167847 -0.590567 17.433254 -2.241501 -0.000006 0.000014 0.000002 0.000002 0.000000 -7.060412 0.000008 0.000006 0.839964 -8.113515 23.112375 -3.340207 0.000003 0.000000 1.181246 -4.370036 38.023544 -3.056704 -0.000003 -0.000003 0.821945 -3.075371 31.081739 -2.639474 0.000000 -0.000009 -0.000001 0.000002 0.000000 -6.774590 0.049798 -1.636027 1.275984 -8.669401 41.005676 -2.923900 -0.000001 0.000013 0.713385 -2.594916 23.801116 -2.718001 -0.000011 0.000003 -0.130790 -0.209827 20.215118 -2.379610 0.000000 0.000009 -0.000000 -0.000001 0.000001 -6.148537 -0.175708 -3.130186 2.500283 -10.281923 45.253060 -2.627893 -0.000005 -0.000008 1.612578 -4.332255 49.089683 -2.122490 0.000017 -0.000005 -0.378858 -2.603567 43.266790 -1.792002 0.000002 0.000002 0.000001 -0.000002 -0.000001 7.556999 -4.826313 0.300478 -28.471184 -0.342211 1.304119 0.315534 -24.058294 0.537043 67.064323 2.618833 7.077238 -0.315537 -33.061478 0.084927 4.493386 0.182786 -0.860744 0.092046 -7.483318 10.511632 -5.994857 0.425113 -5.474219 0.082184 -0.046741 6.420124 -0.000001 -0.000000 0.000000 -7.557003 -4.826306 0.300484 -4.101856 -12.101552 9.621857 -0.315557 -24.058256 0.712181 12.317594 1.831905 -1.835713 0.315562 -33.061462 0.096916 -7.148552 -5.093193 -4.973681 -0.092060 -7.483411 10.296527 -2.773197 -0.000002 -0.000001 -0.082208 -0.046777 6.411405 -0.000000 -0.000000 -0.000000 
0.219347 68.685059 110.724838 -0.285095 9.949105 -3.536945 -0.000001 3.962386 -0.274314 2.603319 -0.672811 2.332733 0.000001 14.122135 -0.320022 1.656092 -2.278673 0.845950 0.000000 11.399152 -0.365733 -2.923703 -2.285056 0.251910 0.000000 9.938174 -0.411431 -3.367573 -1.151239 -0.983951 -0.000000 8.579116 0.114201 -1.349393 -3.841517 0.310223 0.000000 25.089088 0.333908 -0.000000 0.000000 -0.000000 4.224101 8.888440 -0.424614 8.280039 -20.929231 3.137780 1.625316 4.497742 -76.980269 0.000011 -36.305099 0.000006 19.884209 -19.957143 5.430811 2.354134 -1.272457 1.802822 28.897513 8.894104 20.768607 1.999429 -1.154373 1.154374 -8.690638 18.041873 -12.337710 2.113314 -1.220119 1.220122 7.946593 -11.221933 1.406953 1.744290 -1.007034 1.007056 -0.000001 -0.000000 -0.000003 7.198479 -0.169237 1.742685 0.321249 3.500377 3.987061 2.844903 -0.000006 -0.000001 0.265683 2.465269 -16.816388 2.665505 -0.000019 0.000002 -0.020309 0.178482 -3.850820 2.297409 -0.000006 -0.000012 0.000000 0.000001 0.000000 6.876539 -0.000006 -0.000005 0.605069 7.624338 -16.487696 3.256827 0.000016 -0.000001 0.612746 3.443009 -27.102869 3.177892 -0.000010 -0.000002 0.271804 1.846630 -15.987009 2.695116 -0.000016 -0.000006 0.000000 0.000002 0.000003 6.623896 -0.059441 -1.696965 0.876768 8.006425 -34.399681 2.957999 -0.000007 0.000004 0.422035 2.000717 -17.172535 2.756902 0.000009 0.000002 0.298778 1.211759 -12.585002 2.334610 0.000011 0.000001 -0.000001 -0.000001 -0.000000 6.046968 -0.139187 -3.244340 3.587798 13.517598 -31.386116 2.623707 0.000009 0.000000 0.487203 2.680653 -29.100803 2.132117 0.000004 -0.000007 0.074785 1.530304 -6.724068 1.793219 0.000012 0.000000 -0.000003 -0.000001 0.000001 -4.224098 8.888414 -0.398196 -0.855008 5.246475 5.396786 22.093493 -2.727992 73.794723 -0.000020 32.516779 -0.000006 25.457271 8.380624 4.049675 -2.342537 -1.287619 1.805307 12.593951 -8.153694 -17.222421 -1.998870 -1.154047 1.154042 6.064830 -5.313234 -13.324095 -2.115646 -1.221473 1.221462 -13.753601 7.447206 9.069843 -1.745166 -1.007569 1.007566 -0.000001 -0.000011 -0.000001 -7.289624 -0.160562 1.788520 -0.934042 0.803122 10.773192 -2.816291 -0.000008 -0.000007 0.637324 -3.394051 26.746406 -2.639583 -0.000007 0.000007 -0.167847 -0.590567 17.433254 -2.241501 -0.000006 0.000014 0.000002 0.000002 0.000000 -7.060412 0.000008 0.000006 0.839964 -8.113515 23.112375 -3.340207 0.000003 0.000000 1.181246 -4.370036 38.023544 -3.056704 -0.000003 -0.000003 0.821945 -3.075371 31.081739 -2.639474 0.000000 -0.000009 -0.000001 0.000002 0.000000 -6.774590 0.049798 -1.636027 1.275984 -8.669401 41.005676 -2.923900 -0.000001 0.000013 0.713385 -2.594916 23.801116 -2.718001 -0.000011 0.000003 -0.130790 -0.209827 20.215118 -2.379610 0.000000 0.000009 -0.000000 -0.000001 0.000001 -6.148537 -0.175708 -3.130186 2.500283 -10.281923 45.253060 -2.627893 -0.000005 -0.000008 1.612578 -4.332255 49.089683 -2.122490 0.000017 -0.000005 -0.378858 -2.603567 43.266790 -1.792002 0.000002 0.000002 0.000001 -0.000002 -0.000001 7.556999 -4.826313 0.300478 -28.471184 -0.342211 1.304119 0.315534 -24.058294 0.537043 67.064323 2.618833 7.077238 -0.315537 -33.061478 0.084927 4.493386 0.182786 -0.860744 0.092046 -7.483318 10.511632 -5.994857 0.425113 -5.474219 0.082184 -0.046741 6.420124 -0.000001 -0.000000 0.000000 -7.557003 -4.826306 0.300484 -4.101856 -12.101552 9.621857 -0.315557 -24.058256 0.712181 12.317594 1.831905 -1.835713 0.315562 -33.061462 0.096916 -7.148552 -5.093193 -4.973681 -0.092060 -7.483411 10.296527 -2.773197 -0.000002 -0.000001 -0.082208 -0.046777 6.411405 -0.000000 -0.000000 -0.000000 
0.219347 68.685059 110.724838 -0.285095 9.949105 -3.536945 -0.000001 3.962386 -0.274314 2.603319 -0.672811 2.332733 0.000001 14.122135 -0.320022 1.656092 -2.278673 0.845950 0.000000 11.399152 -0.365733 -2.923703 -2.285056 0.251910 0.000000 9.938174 -0.411431 -3.367573 -1.151239 -0.983951 -0.000000 8.579116 0.114201 -1.349393 -3.841517 0.310223 0.000000 25.089088 0.333908 -0.000000 0.000000 -0.000000 4.224101 8.888440 -0.424614 8.280039 -20.929231 3.137780 1.625316 4.497742 -76.980269 0.000011 -36.305099 0.000006 19.884209 -19.957143 5.430811 2.354134 -1.272457 1.802822 28.897513 8.894104 20.768607 1.999429 -1.154373 1.154374 -8.690638 18.041873 -12.337710 2.113314 -1.220119 1.220122 7.946593 -11.221933 1.406953 1.744290 -1.007034 1.007056 -0.000001 -0.000000 -0.000003 7.198479 -0.169237 1.742685 0.321249 3.500377 3.987061 2.844903 -0.000006 -0.000001 0.265683 2.465269 -16.816388 2.665505 -0.000019 0.000002 -0.020309 0.178482 -3.850820 2.297409 -0.000006 -0.000012 0.000000 0.000001 0.000000 6.876539 -0.000006 -0.000005 0.605069 7.624338 -16.487696 3.256827 0.000016 -0.000001 0.612746 3.443009 -27.102869 3.177892 -0.000010 -0.000002 0.271804 1.846630 -15.987009 2.695116 -0.000016 -0.000006 0.000000 0.000002 0.000003 6.623896 -0.059441 -1.696965 0.876768 8.006425 -34.399681 2.957999 -0.000007 0.000004 0.422035 2.000717 -17.172535 2.756902 0.000009 0.000002 0.298778 1.211759 -12.585002 2.334610 0.000011 0.000001 -0.000001 -0.000001 -0.000000 6.046968 -0.139187 -3.244340 3.587798 13.517598 -31.386116 2.623707 0.000009 0.000000 0.487203 2.680653 -29.100803 2.132117 0.000004 -0.000007 0.074785 1.530304 -6.724068 1.793219 0.000012 0.000000 -0.000003 -0.000001 0.000001 -4.224098 8.888414 -0.398196 -0.855008 5.246475 5.396786 22.093493 -2.727992 73.794723 -0.000020 32.516779 -0.000006 25.457271 8.380624 4.049675 -2.342537 -1.287619 1.805307 12.593951 -8.153694 -17.222421 -1.998870 -1.154047 1.154042 6.064830 -5.313234 -13.324095 -2.115646 -1.221473 1.221462 -13.753601 7.447206 9.069843 -1.745166 -1.007569 1.007566 -0.000001 -0.000011 -0.000001 -7.289624 -0.160562 1.788520 -0.934042 0.803122 10.773192 -2.816291 -0.000008 -0.000007 0.637324 -3.394051 26.746406 -2.639583 -0.000007 0.000007 -0.167847 -0.590567 17.433254 -2.241501 -0.000006 0.000014 0.000002 0.000002 0.000000 -7.060412 0.000008 0.000006 0.839964 -8.113515 23.112375 -3.340207 0.000003 0.000000 1.181246 -4.370036 38.023544 -3.056704 -0.000003 -0.000003 0.821945 -3.075371 31.081739 -2.639474 0.000000 -0.000009 -0.000001 0.000002 0.000000 -6.774590 0.049798 -1.636027 1.275984 -8.669401 41.005676 -2.923900 -0.000001 0.000013 0.713385 -2.594916 23.801116 -2.718001 -0.000011 0.000003 -0.130790 -0.209827 20.215118 -2.379610 0.000000 0.000009 -0.000000 -0.000001 0.000001 -6.148537 -0.175708 -3.130186 2.500283 -10.281923 45.253060 -2.627893 -0.000005 -0.000008 1.612578 -4.332255 49.089683 -2.122490 0.000017 -0.000005 -0.378858 -2.603567 43.266790 -1.792002 0.000002 0.000002 0.000001 -0.000002 -0.000001 7.556999 -4.826313 0.300478 -28.471184 -0.342211 1.304119 0.315534 -24.058294 0.537043 67.064323 2.618833 7.077238 -0.315537 -33.061478 0.084927 4.493386 0.182786 -0.860744 0.092046 -7.483318 10.511632 -5.994857 0.425113 -5.474219 0.082184 -0.046741 6.420124 -0.000001 -0.000000 0.000000 -7.557003 -4.826306 0.300484 -4.101856 -12.101552 9.621857 -0.315557 -24.058256 0.712181 12.317594 1.831905 -1.835713 0.315562 -33.061462 0.096916 -7.148552 -5.093193 -4.973681 -0.092060 -7.483411 10.296527 -2.773197 -0.000002 -0.000001 -0.082208 -0.046777 6.411405 -0.000000 -0.000000 -0.000000 
0.219347 68.685059 110.724838 -0.285095 9.949105 -3.536945 -0.000001 3.962386 -0.274314 2.603319 -0.672811 2.332733 0.000001 14.122135 -0.320022 1.656092 -2.278673 0.845950 0.000000 11.399152 -0.365733 -2.923703 -2.285056 0.251910 0.000000 9.938174 -0.411431 -3.367573 -1.151239 -0.983951 -0.000000 8.579116 0.114201 -1.349393 -3.841517 0.310223 0.000000 25.089088 0.333908 -0.000000 0.000000 -0.000000 4.224101 8.888440 -0.424614 8.280039 -20.929231 3.137780 1.625316 4.497742 -76.980269 0.000011 -36.305099 0.000006 19.884209 -19.957143 5.430811 2.354134 -1.272457 1.802822 28.897513 8.894104 20.768607 1.999429 -1.154373 1.154374 -8.690638 18.041873 -12.337710 2.113314 -1.220119 1.220122 7.946593 -11.221933 1.406953 1.744290 -1.007034 1.007056 -0.000001 -0.000000 -0.000003 7.198479 -0.169237 1.742685 0.321249 3.500377 3.987061 2.844903 -0.000006 -0.000001 0.265683 2.465269 -16.816388 2.665505 -0.000019 0.000002 -0.020309 0.178482 -3.850820 2.297409 -0.000006 -0.000012 0.000000 0.000001 0.000000 6.876539 -0.000006 -0.000005 0.605069 7.624338 -16.487696 3.256827 0.000016 -0.000001 0.612746 3.443009 -27.102869 3.177892 -0.000010 -0.000002 0.271804 1.846630 -15.987009 2.695116 -0.000016 -0.000006 0.000000 0.000002 0.000003 6.623896 -0.059441 -1.696965 0.876768 8.006425 -34.399681 2.957999 -0.000007 0.000004 0.422035 2.000717 -17.172535 2.756902 0.000009 0.000002 0.298778 1.211759 -12.585002 2.334610 0.000011 0.000001 -0.000001 -0.000001 -0.000000 6.046968 -0.139187 -3.244340 3.587798 13.517598 -31.386116 2.623707 0.000009 0.000000 0.487203 2.680653 -29.100803 2.132117 0.000004 -0.000007 0.074785 1.530304 -6.724068 1.793219 0.000012 0.000000 -0.000003 -0.000001 0.000001 -4.224098 8.888414 -0.398196 -0.855008 5.246475 5.396786 22.093493 -2.727992 73.794723 -0.000020 32.516779 -0.000006 25.457271 8.380624 4.049675 -2.342537 -1.287619 1.805307 12.593951 -8.153694 -17.222421 -1.998870 -1.154047 1.154042 6.064830 -5.313234 -13.324095 -2.115646 -1.221473 1.221462 -13.753601 7.447206 9.069843 -1.745166 -1.007569 1.007566 -0.000001 -0.000011 -0.000001 -7.289624 -0.160562 1.788520 -0.934042 0.803122 10.773192 -2.816291 -0.000008 -0.000007 0.637324 -3.394051 26.746406 -2.639583 -0.000007 0.000007 -0.167847 -0.590567 17.433254 -2.241501 -0.000006 0.000014 0.000002 0.000002 0.000000 -7.060412 0.000008 0.000006 0.839964 -8.113515 23.112375 -3.340207 0.000003 0.000000 1.181246 -4.370036 38.023544 -3.056704 -0.000003 -0.000003 0.821945 -3.075371 31.081739 -2.639474 0.000000 -0.000009 -0.000001 0.000002 0.000000 -6.774590 0.049798 -1.636027 1.275984 -8.669401 41.005676 -2.923900 -0.000001 0.000013 0.713385 -2.594916 23.801116 -2.718001 -0.000011 0.000003 -0.130790 -0.209827 20.215118 -2.379610 0.000000 0.000009 -0.000000 -0.000001 0.000001 -6.148537 -0.175708 -3.130186 2.500283 -10.281923 45.253060 -2.627893 -0.000005 -0.000008 1.612578 -4.332255 49.089683 -2.122490 0.000017 -0.000005 -0.378858 -2.603567 43.266790 -1.792002 0.000002 0.000002 0.000001 -0.000002 -0.000001 7.556999 -4.826313 0.300478 -28.471184 -0.342211 1.304119 0.315534 -24.058294 0.537043 67.064323 2.618833 7.077238 -0.315537 -33.061478 0.084927 4.493386 0.182786 -0.860744 0.092046 -7.483318 10.511632 -5.994857 0.425113 -5.474219 0.082184 -0.046741 6.420124 -0.000001 -0.000000 0.000000 -7.557003 -4.826306 0.300484 -4.101856 -12.101552 9.621857 -0.315557 -24.058256 0.712181 12.317594 1.831905 -1.835713 0.315562 -33.061462 0.096916 -7.148552 -5.093193 -4.973681 -0.092060 -7.483411 10.296527 -2.773197 -0.000002 -0.000001 -0.082208 -0.046777 6.411405 -0.000000 -0.000000 -0.000000 
0.219347 68.685059 110.724838 -0.285095 9.949105 -3.536945 -0.000001 3.962386 -0.274314 2.603319 -0.672811 2.332733 0.000001 14.122135 -0.320022 1.656092 -2.278673 0.845950 0.000000 11.399152 -0.365733 -2.923703 -2.285056 0.251910 0.000000 9.938174 -0.411431 -3.367573 -1.151239 -0.983951 -0.000000 8.579116 0.114201 -1.349393 -3.841517 0.310223 0.000000 25.089088 0.333908 -0.000000 0.000000 -0.000000 4.224101 8.888440 -0.424614 8.280039 -20.929231 3.137780 1.625316 4.497742 -76.980269 0.000011 -36.305099 0.000006 19.884209 -19.957143 5.430811 2.354134 -1.272457 1.802822 28.897513 8.894104 20.768607 1.999429 -1.154373 1.154374 -8.690638 18.041873 -12.337710 2.113314 -1.220119 1.220122 7.946593 -11.221933 1.406953 1.744290 -1.007034 1.007056 -0.000001 -0.000000 -0.000003 7.198479 -0.169237 1.742685 0.321249 3.500377 3.987061 2.844903 -0.000006 -0.000001 0.265683 2.465269 -16.816388 2.665505 -0.000019 0.000002 -0.020309 0.178482 -3.850820 2.297409 -0.000006 -0.000012 0.000000 0.000001 0.000000 6.876539 -0.000006 -0.000005 0.605069 7.624338 -16.487696 3.256827 0.000016 -0.000001 0.612746 3.443009 -27.102869 3.177892 -0.000010 -0.000002 0.271804 1.846630 -15.987009 2.695116 -0.000016 -0.000006 0.000000 0.000002 0.000003 6.623896 -0.059441 -1.696965 0.876768 8.006425 -34.399681 2.957999 -0.000007 0.000004 0.422035 2.000717 -17.172535 2.756902 0.000009 0.000002 0.298778 1.211759 -12.585002 2.334610 0.000011 0.000001 -0.000001 -0.000001 -0.000000 6.046968 -0.139187 -3.244340 3.587798 13.517598 -31.386116 2.623707 0.000009 0.000000 0.487203 2.680653 -29.100803 2.132117 0.000004 -0.000007 0.074785 1.530304 -6.724068 1.793219 0.000012 0.000000 -0.000003 -0.000001 0.000001 -4.224098 8.888414 -0.398196 -0.855008 5.246475 5.396786 22.093493 -2.727992 73.794723 -0.000020 32.516779 -0.000006 25.457271 8.380624 4.049675 -2.342537 -1.287619 1.805307 12.593951 -8.153694 -17.222421 -1.998870 -1.154047 1.154042 6.064830 -5.313234 -13.324095 -2.115646 -1.221473 1.221462 -13.753601 7.447206 9.069843 -1.745166 -1.007569 1.007566 -0.000001 -0.000011 -0.000001 -7.289624 -0.160562 1.788520 -0.934042 0.803122 10.773192 -2.816291 -0.000008 -0.000007 0.637324 -3.394051 26.746406 -2.639583 -0.000007 0.000007 -0.167847 -0.590567 17.433254 -2.241501 -0.000006 0.000014 0.000002 0.000002 0.000000 -7.060412 0.000008 0.000006 0.839964 -8.113515 23.112375 -3.340207 0.000003 0.000000 1.181246 -4.370036 38.023544 -3.056704 -0.000003 -0.000003 0.821945 -3.075371 31.081739 -2.639474 0.000000 -0.000009 -0.000001 0.000002 0.000000 -6.774590 0.049798 -1.636027 1.275984 -8.669401 41.005676 -2.923900 -0.000001 0.000013 0.713385 -2.594916 23.801116 -2.718001 -0.000011 0.000003 -0.130790 -0.209827 20.215118 -2.379610 0.000000 0.000009 -0.000000 -0.000001 0.000001 -6.148537 -0.175708 -3.130186 2.500283 -10.281923 45.253060 -2.627893 -0.000005 -0.000008 1.612578 -4.332255 49.089683 -2.122490 0.000017 -0.000005 -0.378858 -2.603567 43.266790 -1.792002 0.000002 0.000002 0.000001 -0.000002 -0.000001 7.556999 -4.826313 0.300478 -28.471184 -0.342211 1.304119 0.315534 -24.058294 0.537043 67.064323 2.618833 7.077238 -0.315537 -33.061478 0.084927 4.493386 0.182786 -0.860744 0.092046 -7.483318 10.511632 -5.994857 0.425113 -5.474219 0.082184 -0.046741 6.420124 -0.000001 -0.000000 0.000000 -7.557003 -4.826306 0.300484 -4.101856 -12.101552 9.621857 -0.315557 -24.058256 0.712181 12.317594 1.831905 -1.835713 0.315562 -33.061462 0.096916 -7.148552 -5.093193 -4.973681 -0.092060 -7.483411 10.296527 -2.773197 -0.000002 -0.000001 -0.082208 -0.046777 6.411405 -0.000000 -0.000000 -0.000000 
0.219347 68.685059 110.724838 -0.285095 9.949105 -3.536945 -0.000001 3.962386 -0.274314 2.603319 -0.672811 2.332733 0.000001 14.122135 -0.320022 1.656092 -2.278673 0.845950 0.000000 11.399152 -0.365733 -2.923703 -2.285056 0.251910 0.000000 9.938174 -0.411431 -3.367573 -1.151239 -0.983951 -0.000000 8.579116 0.114201 -1.349393 -3.841517 0.310223 0.000000 25.089088 0.333908 -0.000000 0.000000 -0.000000 4.224101 8.888440 -0.424614 8.280039 -20.929231 3.137780 1.625316 4.497742 -76.980269 0.000011 -36.305099 0.000006 19.884209 -19.957143 5.430811 2.354134 -1.272457 1.802822 28.897513 8.894104 20.768607 1.999429 -1.154373 1.154374 -8.690638 18.041873 -12.337710 2.113314 -1.220119 1.220122 7.946593 -11.221933 1.406953 1.744290 -1.007034 1.007056 -0.000001 -0.000000 -0.000003 7.198479 -0.169237 1.742685 0.321249 3.500377 3.987061 2.844903 -0.000006 -0.000001 0.265683 2.465269 -16.816388 2.665505 -0.000019 0.000002 -0.020309 0.178482 -3.850820 2.297409 -0.000006 -0.000012 0.000000 0.000001 0.000000 6.876539 -0.000006 -0.000005 0.605069 7.624338 -16.487696 3.256827 0.000016 -0.000001 0.612746 3.443009 -27.102869 3.177892 -0.000010 -0.000002 0.271804 1.846630 -15.987009 2.695116 -0.000016 -0.000006 0.000000 0.000002 0.000003 6.623896 -0.059441 -1.696965 0.876768 8.006425 -34.399681 2.957999 -0.000007 0.000004 0.422035 2.000717 -17.172535 2.756902 0.000009 0.000002 0.298778 1.211759 -12.585002 2.334610 0.000011 0.000001 -0.000001 -0.000001 -0.000000 6.046968 -0.139187 -3.244340 3.587798 13.517598 -31.386116 2.623707 0.000009 0.000000 0.487203 2.680653 -29.100803 2.132117 0.000004 -0.000007 0.074785 1.530304 -6.724068 1.793219 0.000012 0.000000 -0.000003 -0.000001 0.000001 -4.224098 8.888414 -0.398196 -0.855008 5.246475 5.396786 22.093493 -2.727992 73.794723 -0.000020 32.516779 -0.000006 25.457271 8.380624 4.049675 -2.342537 -1.287619 1.805307 12.593951 -8.153694 -17.222421 -1.998870 -1.154047 1.154042 6.064830 -5.313234 -13.324095 -2.115646 -1.221473 1.221462 -13.753601 7.447206 9.069843 -1.745166 -1.007569 1.007566 -0.000001 -0.000011 -0.000001 -7.289624 -0.160562 1.788520 -0.934042 0.803122 10.773192 -2.816291 -0.000008 -0.000007 0.637324 -3.394051 26.746406 -2.639583 -0.000007 0.000007 -0.167847 -0.590567 17.433254 -2.241501 -0.000006 0.000014 0.000002 0.000002 0.000000 -7.060412 0.000008 0.000006 0.839964 -8.113515 23.112375 -3.340207 0.000003 0.000000 1.181246 -4.370036 38.023544 -3.056704 -0.000003 -0.000003 0.821945 -3.075371 31.081739 -2.639474 0.000000 -0.000009 -0.000001 0.000002 0.000000 -6.774590 0.049798 -1.636027 1.275984 -8.669401 41.005676 -2.923900 -0.000001 0.000013 0.713385 -2.594916 23.801116 -2.718001 -0.000011 0.000003 -0.130790 -0.209827 20.215118 -2.379610 0.000000 0.000009 -0.000000 -0.000001 0.000001 -6.148537 -0.175708 -3.130186 2.500283 -10.281923 45.253060 -2.627893 -0.000005 -0.000008 1.612578 -4.332255 49.089683 -2.122490 0.000017 -0.000005 -0.378858 -2.603567 43.266790 -1.792002 0.000002 0.000002 0.000001 -0.000002 -0.000001 7.556999 -4.826313 0.300478 -28.471184 -0.342211 1.304119 0.315534 -24.058294 0.537043 67.064323 2.618833 7.077238 -0.315537 -33.061478 0.084927 4.493386 0.182786 -0.860744 0.092046 -7.483318 10.511632 -5.994857 0.425113 -5.474219 0.082184 -0.046741 6.420124 -0.000001 -0.000000 0.000000 -7.557003 -4.826306 0.300484 -4.101856 -12.101552 9.621857 -0.315557 -24.058256 0.712181 12.317594 1.831905 -1.835713 0.315562 -33.061462 0.096916 -7.148552 -5.093193 -4.973681 -0.092060 -7.483411 10.296527 -2.773197 -0.000002 -0.000001 -0.082208 -0.046777 6.411405 -0.000000 -0.000000 -0.000000 
0.219347 68.685059 110.724838 -0.285095 9.949105 -3.536945 -0.000001 3.962386 -0.274314 2.603319 -0.672811 2.332733 0.000001 14.122135 -0.320022 1.656092 -2.278673 0.845950 0.000000 11.399152 -0.365733 -2.923703 -2.285056 0.251910 0.000000 9.938174 -0.411431 -3.367573 -1.151239 -0.983951 -0.000000 8.579116 0.114201 -1.349393 -3.841517 0.310223 0.000000 25.089088 0.333908 -0.000000 0.000000 -0.000000 4.224101 8.888440 -0.424614 8.280039 -20.929231 3.137780 1.625316 4.497742 -76.980269 0.000011 -36.305099 0.000006 19.884209 -19.957143 5.430811 2.354134 -1.272457 1.802822 28.897513 8.894104 20.768607 1.999429 -1.154373 1.154374 -8.690638 18.041873 -12.337710 2.113314 -1.220119 1.220122 7.946593 -11.221933 1.406953 1.744290 -1.007034 1.007056 -0.000001 -0.000000 -0.000003 7.198479 -0.169237 1.742685 0.321249 3.500377 3.987061 2.844903 -0.000006 -0.000001 0.265683 2.465269 -16.816388 2.665505 -0.000019 0.000002 -0.020309 0.178482 -3.850820 2.297409 -0.000006 -0.000012 0.000000 0.000001 0.000000 6.876539 -0.000006 -0.000005 0.605069 7.624338 -16.487696 3.256827 0.000016 -0.000001 0.612746 3.443009 -27.102869 3.177892 -0.000010 -0.000002 0.271804 1.846630 -15.987009 2.695116 -0.000016 -0.000006 0.000000 0.000002 0.000003 6.623896 -0.059441 -1.696965 0.876768 8.006425 -34.399681 2.957999 -0.000007 0.000004 0.422035 2.000717 -17.172535 2.756902 0.000009 0.000002 0.298778 1.211759 -12.585002 2.334610 0.000011 0.000001 -0.000001 -0.000001 -0.000000 6.046968 -0.139187 -3.244340 3.587798 13.517598 -31.386116 2.623707 0.000009 0.000000 0.487203 2.680653 -29.100803 2.132117 0.000004 -0.000007 0.074785 1.530304 -6.724068 1.793219 0.000012 0.000000 -0.000003 -0.000001 0.000001 -4.224098 8.888414 -0.398196 -0.855008 5.246475 5.396786 22.093493 -2.727992 73.794723 -0.000020 32.516779 -0.000006 25.457271 8.380624 4.049675 -2.342537 -1.287619 1.805307 12.593951 -8.153694 -17.222421 -1.998870 -1.154047 1.154042 6.064830 -5.313234 -13.324095 -2.115646 -1.221473 1.221462 -13.753601 7.447206 9.069843 -1.745166 -1.007569 1.007566 -0.000001 -0.000011 -0.000001 -7.289624 -0.160562 1.788520 -0.934042 0.803122 10.773192 -2.816291 -0.000008 -0.000007 0.637324 -3.394051 26.746406 -2.639583 -0.000007 0.000007 -0.167847 -0.590567 17.433254 -2.241501 -0.000006 0.000014 0.000002 0.000002 0.000000 -7.060412 0.000008 0.000006 0.839964 -8.113515 23.112375 -3.340207 0.000003 0.000000 1.181246 -4.370036 38.023544 -3.056704 -0.000003 -0.000003 0.821945 -3.075371 31.081739 -2.639474 0.000000 -0.000009 -0.000001 0.000002 0.000000 -6.774590 0.049798 -1.636027 1.275984 -8.669401 41.005676 -2.923900 -0.000001 0.000013 0.713385 -2.594916 23.801116 -2.718001 -0.000011 0.000003 -0.130790 -0.209827 20.215118 -2.379610 0.000000 0.000009 -0.000000 -0.000001 0.000001 -6.148537 -0.175708 -3.130186 2.500283 -10.281923 45.253060 -2.627893 -0.000005 -0.000008 1.612578 -4.332255 49.089683 -2.122490 0.000017 -0.000005 -0.378858 -2.603567 43.266790 -1.792002 0.000002 0.000002 0.000001 -0.000002 -0.000001 7.556999 -4.826313 0.300478 -28.471184 -0.342211 1.304119 0.315534 -24.058294 0.537043 67.064323 2.618833 7.077238 -0.315537 -33.061478 0.084927 4.493386 0.182786 -0.860744 0.092046 -7.483318 10.511632 -5.994857 0.425113 -5.474219 0.082184 -0.046741 6.420124 -0.000001 -0.000000 0.000000 -7.557003 -4.826306 0.300484 -4.101856 -12.101552 9.621857 -0.315557 -24.058256 0.712181 12.317594 1.831905 -1.835713 0.315562 -33.061462 0.096916 -7.148552 -5.093193 -4.973681 -0.092060 -7.483411 10.296527 -2.773197 -0.000002 -0.000001 -0.082208 -0.046777 6.411405 -0.000000 -0.000000 -0.000000 
0.219347 68.685059 110.724838 -0.285095 9.949105 -3.536945 -0.000001 3.962386 -0.274314 2.603319 -0.672811 2.332733 0.000001 14.122135 -0.320022 1.656092 -2.278673 0.845950 0.000000 11.399152 -0.365733 -2.923703 -2.285056 0.251910 0.000000 9.938174 -0.411431 -3.367573 -1.151239 -0.983951 -0.000000 8.579116 0.114201 -1.349393 -3.841517 0.310223 0.000000 25.089088 0.333908 -0.000000 0.000000 -0.000000 4.224101 8.888440 -0.424614 8.280039 -20.929231 3.137780 1.625316 4.497742 -76.980269 0.000011 -36.305099 0.000006 19.884209 -19.957143 5.430811 2.354134 -1.272457 1.802822 28.897513 8.894104 20.768607 1.999429 -1.154373 1.154374 -8.690638 18.041873 -12.337710 2.113314 -1.220119 1.220122 7.946593 -11.221933 1.406953 1.744290 -1.007034 1.007056 -0.000001 -0.000000 -0.000003 7.198479 -0.169237 1.742685 0.321249 3.500377 3.987061 2.844903 -0.000006 -0.000001 0.265683 2.465269 -16.816388 2.665505 -0.000019 0.000002 -0.020309 0.178482 -3.850820 2.297409 -0.000006 -0.000012 0.000000 0.000001 0.000000 6.876539 -0.000006 -0.000005 0.605069 7.624338 -16.487696 3.256827 0.000016 -0.000001 0.612746 3.443009 -27.102869 3.177892 -0.000010 -0.000002 0.271804 1.846630 -15.987009 2.695116 -0.000016 -0.000006 0.000000 0.000002 0.000003 6.623896 -0.059441 -1.696965 0.876768 8.006425 -34.399681 2.957999 -0.000007 0.000004 0.422035 2.000717 -17.172535 2.756902 0.000009 0.000002 0.298778 1.211759 -12.585002 2.334610 0.000011 0.000001 -0.000001 -0.000001 -0.000000 6.046968 -0.139187 -3.244340 3.587798 13.517598 -31.386116 2.623707 0.000009 0.000000 0.487203 2.680653 -29.100803 2.132117 0.000004 -0.000007 0.074785 1.530304 -6.724068 1.793219 0.000012 0.000000 -0.000003 -0.000001 0.000001 -4.224098 8.888414 -0.398196 -0.855008 5.246475 5.396786 22.093493 -2.727992 73.794723 -0.000020 32.516779 -0.000006 25.457271 8.380624 4.049675 -2.342537 -1.287619 1.805307 12.593951 -8.153694 -17.222421 -1.998870 -1.154047 1.154042 6.064830 -5.313234 -13.324095 -2.115646 -1.221473 1.221462 -13.753601 7.447206 9.069843 -1.745166 -1.007569 1.007566 -0.000001 -0.000011 -0.000001 -7.289624 -0.160562 1.788520 -0.934042 0.803122 10.773192 -2.816291 -0.000008 -0.000007 0.637324 -3.394051 26.746406 -2.639583 -0.000007 0.000007 -0.167847 -0.590567 17.433254 -2.241501 -0.000006 0.000014 0.000002 0.000002 0.000000 -7.060412 0.000008 0.000006 0.839964 -8.113515 23.112375 -3.340207 0.000003 0.000000 1.181246 -4.370036 38.023544 -3.056704 -0.000003 -0.000003 0.821945 -3.075371 31.081739 -2.639474 0.000000 -0.000009 -0.000001 0.000002 0.000000 -6.774590 0.049798 -1.636027 1.275984 -8.669401 41.005676 -2.923900 -0.000001 0.000013 0.713385 -2.594916 23.801116 -2.718001 -0.000011 0.000003 -0.130790 -0.209827 20.215118 -2.379610 0.000000 0.000009 -0.000000 -0.000001 0.000001 -6.148537 -0.175708 -3.130186 2.500283 -10.281923 45.253060 -2.627893 -0.000005 -0.000008 1.612578 -4.332255 49.089683 -2.122490 0.000017 -0.000005 -0.378858 -2.603567 43.266790 -1.792002 0.000002 0.000002 0.000001 -0.000002 -0.000001 7.556999 -4.826313 0.300478 -28.471184 -0.342211 1.304119 0.315534 -24.058294 0.537043 67.064323 2.618833 7.077238 -0.315537 -33.061478 0.084927 4.493386 0.182786 -0.860744 0.092046 -7.483318 10.511632 -5.994857 0.425113 -5.474219 0.082184 -0.046741 6.420124 -0.000001 -0.000000 0.000000 -7.557003 -4.826306 0.300484 -4.101856 -12.101552 9.621857 -0.315557 -24.058256 0.712181 12.317594 1.831905 -1.835713 0.315562 -33.061462 0.096916 -7.148552 -5.093193 -4.973681 -0.092060 -7.483411 10.296527 -2.773197 -0.000002 -0.000001 -0.082208 -0.046777 6.411405 -0.000000 -0.000000 -0.000000 
0.219347 68.685059 110.724838 -0.285095 9.949105 -3.536945 -0.000001 3.962386 -0.274314 2.603319 -0.672811 2.332733 0.000001 14.122135 -0.320022 1.656092 -2.278673 0.845950 0.000000 11.399152 -0.365733 -2.923703 -2.285056 0.251910 0.000000 9.938174 -0.411431 -3.367573 -1.151239 -0.983951 -0.000000 8.579116 0.114201 -1.349393 -3.841517 0.310223 0.000000 25.089088 0.333908 -0.000000 0.000000 -0.000000 4.224101 8.888440 -0.424614 8.280039 -20.929231 3.137780 1.625316 4.497742 -76.980269 0.000011 -36.305099 0.000006 19.884209 -19.957143 5.430811 2.354134 -1.272457 1.802822 28.897513 8.894104 20.768607 1.999429 -1.154373 1.154374 -8.690638 18.041873 -12.337710 2.113314 -1.220119 1.220122 7.946593 -11.221933 1.406953 1.744290 -1.007034 1.007056 -0.000001 -0.000000 -0.000003 7.198479 -0.169237 1.742685 0.321249 3.500377 3.987061 2.844903 -0.000006 -0.000001 0.265683 2.465269 -16.816388 2.665505 -0.000019 0.000002 -0.020309 0.178482 -3.850820 2.297409 -0.000006 -0.000012 0.000000 0.000001 0.000000 6.876539 -0.000006 -0.000005 0.605069 7.624338 -16.487696 3.256827 0.000016 -0.000001 0.612746 3.443009 -27.102869 3.177892 -0.000010 -0.000002 0.271804 1.846630 -15.987009 2.695116 -0.000016 -0.000006 0.000000 0.000002 0.000003 6.623896 -0.059441 -1.696965 0.876768 8.006425 -34.399681 2.957999 -0.000007 0.000004 0.422035 2.000717 -17.172535 2.756902 0.000009 0.000002 0.298778 1.211759 -12.585002 2.334610 0.000011 0.000001 -0.000001 -0.000001 -0.000000 6.046968 -0.139187 -3.244340 3.587798 13.517598 -31.386116 2.623707 0.000009 0.000000 0.487203 2.680653 -29.100803 2.132117 0.000004 -0.000007 0.074785 1.530304 -6.724068 1.793219 0.000012 0.000000 -0.000003 -0.000001 0.000001 -4.224098 8.888414 -0.398196 -0.855008 5.246475 5.396786 22.093493 -2.727992 73.794723 -0.000020 32.516779 -0.000006 25.457271 8.380624 4.049675 -2.342537 -1.287619 1.805307 12.593951 -8.153694 -17.222421 -1.998870 -1.154047 1.154042 6.064830 -5.313234 -13.324095 -2.115646 -1.221473 1.221462 -13.753601 7.447206 9.069843 -1.745166 -1.007569 1.007566 -0.000001 -0.000011 -0.000001 -7.289624 -0.160562 1.788520 -0.934042 0.803122 10.773192 -2.816291 -0.000008 -0.000007 0.637324 -3.394051 26.746406 -2.639583 -0.000007 0.000007 -0.167847 -0.590567 17.433254 -2.241501 -0.000006 0.000014 0.000002 0.000002 0.000000 -7.060412 0.000008 0.000006 0.839964 -8.113515 23.112375 -3.340207 0.000003 0.000000 1.181246 -4.370036 38.023544 -3.056704 -0.000003 -0.000003 0.821945 -3.075371 31.081739 -2.639474 0.000000 -0.000009 -0.000001 0.000002 0.000000 -6.774590 0.049798 -1.636027 1.275984 -8.669401 41.005676 -2.923900 -0.000001 0.000013 0.713385 -2.594916 23.801116 -2.718001 -0.000011 0.000003 -0.130790 -0.209827 20.215118 -2.379610 0.000000 0.000009 -0.000000 -0.000001 0.000001 -6.148537 -0.175708 -3.130186 2.500283 -10.281923 45.253060 -2.627893 -0.000005 -0.000008 1.612578 -4.332255 49.089683 -2.122490 0.000017 -0.000005 -0.378858 -2.603567 43.266790 -1.792002 0.000002 0.000002 0.000001 -0.000002 -0.000001 7.556999 -4.826313 0.300478 -28.471184 -0.342211 1.304119 0.315534 -24.058294 0.537043 67.064323 2.618833 7.077238 -0.315537 -33.061478 0.084927 4.493386 0.182786 -0.860744 0.092046 -7.483318 10.511632 -5.994857 0.425113 -5.474219 0.082184 -0.046741 6.420124 -0.000001 -0.000000 0.000000 -7.557003 -4.826306 0.300484 -4.101856 -12.101552 9.621857 -0.315557 -24.058256 0.712181 12.317594 1.831905 -1.835713 0.315562 -33.061462 0.096916 -7.148552 -5.093193 -4.973681 -0.092060 -7.483411 10.296527 -2.773197 -0.000002 -0.000001 -0.082208 -0.046777 6.411405 -0.000000 -0.000000 -0.000000 
0.219347 68.685059 110.724838 -0.285095 9.949105 -3.536945 -0.000001 3.962386 -0.274314 2.603319 -0.672811 2.332733 0.000001 14.122135 -0.320022 1.656092 -2.278673 0.845950 0.000000 11.399152 -0.365733 -2.923703 -2.285056 0.251910 0.000000 9.938174 -0.411431 -3.367573 -1.151239 -0.983951 -0.000000 8.579116 0.114201 -1.349393 -3.841517 0.310223 0.000000 25.089088 0.333908 -0.000000 0.000000 -0.000000 4.224101 8.888440 -0.424614 8.280039 -20.929231 3.137780 1.625316 4.497742 -76.980269 0.000011 -36.305099 0.000006 19.884209 -19.957143 5.430811 2.354134 -1.272457 1.802822 28.897513 8.894104 20.768607 1.999429 -1.154373 1.154374 -8.690638 18.041873 -12.337710 2.113314 -1.220119 1.220122 7.946593 -11.221933 1.406953 1.744290 -1.007034 1.007056 -0.000001 -0.000000 -0.000003 7.198479 -0.169237 1.742685 0.321249 3.500377 3.987061 2.844903 -0.000006 -0.000001 0.265683 2.465269 -16.816388 2.665505 -0.000019 0.000002 -0.020309 0.178482 -3.850820 2.297409 -0.000006 -0.000012 0.000000 0.000001 0.000000 6.876539 -0.000006 -0.000005 0.605069 7.624338 -16.487696 3.256827 0.000016 -0.000001 0.612746 3.443009 -27.102869 3.177892 -0.000010 -0.000002 0.271804 1.846630 -15.987009 2.695116 -0.000016 -0.000006 0.000000 0.000002 0.000003 6.623896 -0.059441 -1.696965 0.876768 8.006425 -34.399681 2.957999 -0.000007 0.000004 0.422035 2.000717 -17.172535 2.756902 0.000009 0.000002 0.298778 1.211759 -12.585002 2.334610 0.000011 0.000001 -0.000001 -0.000001 -0.000000 6.046968 -0.139187 -3.244340 3.587798 13.517598 -31.386116 2.623707 0.000009 0.000000 0.487203 2.680653 -29.100803 2.132117 0.000004 -0.000007 0.074785 1.530304 -6.724068 1.793219 0.000012 0.000000 -0.000003 -0.000001 0.000001 -4.224098 8.888414 -0.398196 -0.855008 5.246475 5.396786 22.093493 -2.727992 73.794723 -0.000020 32.516779 -0.000006 25.457271 8.380624 4.049675 -2.342537 -1.287619 1.805307 12.593951 -8.153694 -17.222421 -1.998870 -1.154047 1.154042 6.064830 -5.313234 -13.324095 -2.115646 -1.221473 1.221462 -13.753601 7.447206 9.069843 -1.745166 -1.007569 1.007566 -0.000001 -0.000011 -0.000001 -7.289624 -0.160562 1.788520 -0.934042 0.803122 10.773192 -2.816291 -0.000008 -0.000007 0.637324 -3.394051 26.746406 -2.639583 -0.000007 0.000007 -0.167847 -0.590567 17.433254 -2.241501 -0.000006 0.000014 0.000002 0.000002 0.000000 -7.060412 0.000008 0.000006 0.839964 -8.113515 23.112375 -3.340207 0.000003 0.000000 1.181246 -4.370036 38.023544 -3.056704 -0.000003 -0.000003 0.821945 -3.075371 31.081739 -2.639474 0.000000 -0.000009 -0.000001 0.000002 0.000000 -6.774590 0.049798 -1.636027 1.275984 -8.669401 41.005676 -2.923900 -0.000001 0.000013 0.713385 -2.594916 23.801116 -2.718001 -0.000011 0.000003 -0.130790 -0.209827 20.215118 -2.379610 0.000000 0.000009 -0.000000 -0.000001 0.000001 -6.148537 -0.175708 -3.130186 2.500283 -10.281923 45.253060 -2.627893 -0.000005 -0.000008 1.612578 -4.332255 49.089683 -2.122490 0.000017 -0.000005 -0.378858 -2.603567 43.266790 -1.792002 0.000002 0.000002 0.000001 -0.000002 -0.000001 7.556999 -4.826313 0.300478 -28.471184 -0.342211 1.304119 0.315534 -24.058294 0.537043 67.064323 2.618833 7.077238 -0.315537 -33.061478 0.084927 4.493386 0.182786 -0.860744 0.092046 -7.483318 10.511632 -5.994857 0.425113 -5.474219 0.082184 -0.046741 6.420124 -0.000001 -0.000000 0.000000 -7.557003 -4.826306 0.300484 -4.101856 -12.101552 9.621857 -0.315557 -24.058256 0.712181 12.317594 1.831905 -1.835713 0.315562 -33.061462 0.096916 -7.148552 -5.093193 -4.973681 -0.092060 -7.483411 10.296527 -2.773197 -0.000002 -0.000001 -0.082208 -0.046777 6.411405 -0.000000 -0.000000 -0.000000 
0.219347 68.685059 110.724838 -0.285095 9.949105 -3.536945 -0.000001 3.962386 -0.274314 2.603319 -0.672811 2.332733 0.000001 14.122135 -0.320022 1.656092 -2.278673 0.845950 0.000000 11.399152 -0.365733 -2.923703 -2.285056 0.251910 0.000000 9.938174 -0.411431 -3.367573 -1.151239 -0.983951 -0.000000 8.579116 0.114201 -1.349393 -3.841517 0.310223 0.000000 25.089088 0.333908 -0.000000 0.000000 -0.000000 4.224101 8.888440 -0.424614 8.280039 -20.929231 3.137780 1.625316 4.497742 -76.980269 0.000011 -36.305099 0.000006 19.884209 -19.957143 5.430811 2.354134 -1.272457 1.802822 28.897513 8.894104 20.768607 1.999429 -1.154373 1.154374 -8.690638 18.041873 -12.337710 2.113314 -1.220119 1.220122 7.946593 -11.221933 1.406953 1.744290 -1.007034 1.007056 -0.000001 -0.000000 -0.000003 7.198479 -0.169237 1.742685 0.321249 3.500377 3.987061 2.844903 -0.000006 -0.000001 0.265683 2.465269 -16.816388 2.665505 -0.000019 0.000002 -0.020309 0.178482 -3.850820 2.297409 -0.000006 -0.000012 0.000000 0.000001 0.000000 6.876539 -0.000006 -0.000005 0.605069 7.624338 -16.487696 3.256827 0.000016 -0.000001 0.612746 3.443009 -27.102869 3.177892 -0.000010 -0.000002 0.271804 1.846630 -15.987009 2.695116 -0.000016 -0.000006 0.000000 0.000002 0.000003 6.623896 -0.059441 -1.696965 0.876768 8.006425 -34.399681 2.957999 -0.000007 0.000004 0.422035 2.000717 -17.172535 2.756902 0.000009 0.000002 0.298778 1.211759 -12.585002 2.334610 0.000011 0.000001 -0.000001 -0.000001 -0.000000 6.046968 -0.139187 -3.244340 3.587798 13.517598 -31.386116 2.623707 0.000009 0.000000 0.487203 2.680653 -29.100803 2.132117 0.000004 -0.000007 0.074785 1.530304 -6.724068 1.793219 0.000012 0.000000 -0.000003 -0.000001 0.000001 -4.224098 8.888414 -0.398196 -0.855008 5.246475 5.396786 22.093493 -2.727992 73.794723 -0.000020 32.516779 -0.000006 25.457271 8.380624 4.049675 -2.342537 -1.287619 1.805307 12.593951 -8.153694 -17.222421 -1.998870 -1.154047 1.154042 6.064830 -5.313234 -13.324095 -2.115646 -1.221473 1.221462 -13.753601 7.447206 9.069843 -1.745166 -1.007569 1.007566 -0.000001 -0.000011 -0.000001 -7.289624 -0.160562 1.788520 -0.934042 0.803122 10.773192 -2.816291 -0.000008 -0.000007 0.637324 -3.394051 26.746406 -2.639583 -0.000007 0.000007 -0.167847 -0.590567 17.433254 -2.241501 -0.000006 0.000014 0.000002 0.000002 0.000000 -7.060412 0.000008 0.000006 0.839964 -8.113515 23.112375 -3.340207 0.000003 0.000000 1.181246 -4.370036 38.023544 -3.056704 -0.000003 -0.000003 0.821945 -3.075371 31.081739 -2.639474 0.000000 -0.000009 -0.000001 0.000002 0.000000 -6.774590 0.049798 -1.636027 1.275984 -8.669401 41.005676 -2.923900 -0.000001 0.000013 0.713385 -2.594916 23.801116 -2.718001 -0.000011 0.000003 -0.130790 -0.209827 20.215118 -2.379610 0.000000 0.000009 -0.000000 -0.000001 0.000001 -6.148537 -0.175708 -3.130186 2.500283 -10.281923 45.253060 -2.627893 -0.000005 -0.000008 1.612578 -4.332255 49.089683 -2.122490 0.000017 -0.000005 -0.378858 -2.603567 43.266790 -1.792002 0.000002 0.000002 0.000001 -0.000002 -0.000001 7.556999 -4.826313 0.300478 -28.471184 -0.342211 1.304119 0.315534 -24.058294 0.537043 67.064323 2.618833 7.077238 -0.315537 -33.061478 0.084927 4.493386 0.182786 -0.860744 0.092046 -7.483318 10.511632 -5.994857 0.425113 -5.474219 0.082184 -0.046741 6.420124 -0.000001 -0.000000 0.000000 -7.557003 -4.826306 0.300484 -4.101856 -12.101552 9.621857 -0.315557 -24.058256 0.712181 12.317594 1.831905 -1.835713 0.315562 -33.061462 0.096916 -7.148552 -5.093193 -4.973681 -0.092060 -7.483411 10.296527 -2.773197 -0.000002 -0.000001 -0.082208 -0.046777 6.411405 -0.000000 -0.000000 -0.000000 
0.219347 68.685059 110.724838 -0.285095 9.949105 -3.536945 -0.000001 3.962386 -0.274314 2.603319 -0.672811 2.332733 0.000001 14.122135 -0.320022 1.656092 -2.278673 0.845950 0.000000 11.399152 -0.365733 -2.923703 -2.285056 0.251910 0.000000 9.938174 -0.411431 -3.367573 -1.151239 -0.983951 -0.000000 8.579116 0.114201 -1.349393 -3.841517 0.310223 0.000000 25.089088 0.333908 -0.000000 0.000000 -0.000000 4.224101 8.888440 -0.424614 8.280039 -20.929231 3.137780 1.625316 4.497742 -76.980269 0.000011 -36.305099 0.000006 19.884209 -19.957143 5.430811 2.354134 -1.272457 1.802822 28.897513 8.894104 20.768607 1.999429 -1.154373 1.154374 -8.690638 18.041873 -12.337710 2.113314 -1.220119 1.220122 7.946593 -11.221933 1.406953 1.744290 -1.007034 1.007056 -0.000001 -0.000000 -0.000003 7.198479 -0.169237 1.742685 0.321249 3.500377 3.987061 2.844903 -0.000006 -0.000001 0.265683 2.465269 -16.816388 2.665505 -0.000019 0.000002 -0.020309 0.178482 -3.850820 2.297409 -0.000006 -0.000012 0.000000 0.000001 0.000000 6.876539 -0.000006 -0.000005 0.605069 7.624338 -16.487696 3.256827 0.000016 -0.000001 0.612746 3.443009 -27.102869 3.177892 -0.000010 -0.000002 0.271804 1.846630 -15.987009 2.695116 -0.000016 -0.000006 0.000000 0.000002 0.000003 6.623896 -0.059441 -1.696965 0.876768 8.006425 -34.399681 2.957999 -0.000007 0.000004 0.422035 2.000717 -17.172535 2.756902 0.000009 0.000002 0.298778 1.211759 -12.585002 2.334610 0.000011 0.000001 -0.000001 -0.000001 -0.000000 6.046968 -0.139187 -3.244340 3.587798 13.517598 -31.386116 2.623707 0.000009 0.000000 0.487203 2.680653 -29.100803 2.132117 0.000004 -0.000007 0.074785 1.530304 -6.724068 1.793219 0.000012 0.000000 -0.000003 -0.000001 0.000001 -4.224098 8.888414 -0.398196 -0.855008 5.246475 5.396786 22.093493 -2.727992 73.794723 -0.000020 32.516779 -0.000006 25.457271 8.380624 4.049675 -2.342537 -1.287619 1.805307 12.593951 -8.153694 -17.222421 -1.998870 -1.154047 1.154042 6.064830 -5.313234 -13.324095 -2.115646 -1.221473 1.221462 -13.753601 7.447206 9.069843 -1.745166 -1.007569 1.007566 -0.000001 -0.000011 -0.000001 -7.289624 -0.160562 1.788520 -0.934042 0.803122 10.773192 -2.816291 -0.000008 -0.000007 0.637324 -3.394051 26.746406 -2.639583 -0.000007 0.000007 -0.167847 -0.590567 17.433254 -2.241501 -0.000006 0.000014 0.000002 0.000002 0.000000 -7.060412 0.000008 0.000006 0.839964 -8.113515 23.112375 -3.340207 0.000003 0.000000 1.181246 -4.370036 38.023544 -3.056704 -0.000003 -0.000003 0.821945 -3.075371 31.081739 -2.639474 0.000000 -0.000009 -0.000001 0.000002 0.000000 -6.774590 0.049798 -1.636027 1.275984 -8.669401 41.005676 -2.923900 -0.000001 0.000013 0.713385 -2.594916 23.801116 -2.718001 -0.000011 0.000003 -0.130790 -0.209827 20.215118 -2.379610 0.000000 0.000009 -0.000000 -0.000001 0.000001 -6.148537 -0.175708 -3.130186 2.500283 -10.281923 45.253060 -2.627893 -0.000005 -0.000008 1.612578 -4.332255 49.089683 -2.122490 0.000017 -0.000005 -0.378858 -2.603567 43.266790 -1.792002 0.000002 0.000002 0.000001 -0.000002 -0.000001 7.556999 -4.826313 0.300478 -28.471184 -0.342211 1.304119 0.315534 -24.058294 0.537043 67.064323 2.618833 7.077238 -0.315537 -33.061478 0.084927 4.493386 0.182786 -0.860744 0.092046 -7.483318 10.511632 -5.994857 0.425113 -5.474219 0.082184 -0.046741 6.420124 -0.000001 -0.000000 0.000000 -7.557003 -4.826306 0.300484 -4.101856 -12.101552 9.621857 -0.315557 -24.058256 0.712181 12.317594 1.831905 -1.835713 0.315562 -33.061462 0.096916 -7.148552 -5.093193 -4.973681 -0.092060 -7.483411 10.296527 -2.773197 -0.000002 -0.000001 -0.082208 -0.046777 6.411405 -0.000000 -0.000000 -0.000000 
0.219347 68.685059 110.724838 -0.285095 9.949105 -3.536945 -0.000001 3.962386 -0.274314 2.603319 -0.672811 2.332733 0.000001 14.122135 -0.320022 1.656092 -2.278673 0.845950 0.000000 11.399152 -0.365733 -2.923703 -2.285056 0.251910 0.000000 9.938174 -0.411431 -3.367573 -1.151239 -0.983951 -0.000000 8.579116 0.114201 -1.349393 -3.841517 0.310223 0.000000 25.089088 0.333908 -0.000000 0.000000 -0.000000 4.224101 8.888440 -0.424614 8.280039 -20.929231 3.137780 1.625316 4.497742 -76.980269 0.000011 -36.305099 0.000006 19.884209 -19.957143 5.430811 2.354134 -1.272457 1.802822 28.897513 8.894104 20.768607 1.999429 -1.154373 1.154374 -8.690638 18.041873 -12.337710 2.113314 -1.220119 1.220122 7.946593 -11.221933 1.406953 1.744290 -1.007034 1.007056 -0.000001 -0.000000 -0.000003 7.198479 -0.169237 1.742685 0.321249 3.500377 3.987061 2.844903 -0.000006 -0.000001 0.265683 2.465269 -16.816388 2.665505 -0.000019 0.000002 -0.020309 0.178482 -3.850820 2.297409 -0.000006 -0.000012 0.000000 0.000001 0.000000 6.876539 -0.000006 -0.000005 0.605069 7.624338 -16.487696 3.256827 0.000016 -0.000001 0.612746 3.443009 -27.102869 3.177892 -0.000010 -0.000002 0.271804 1.846630 -15.987009 2.695116 -0.000016 -0.000006 0.000000 0.000002 0.000003 6.623896 -0.059441 -1.696965 0.876768 8.006425 -34.399681 2.957999 -0.000007 0.000004 0.422035 2.000717 -17.172535 2.756902 0.000009 0.000002 0.298778 1.211759 -12.585002 2.334610 0.000011 0.000001 -0.000001 -0.000001 -0.000000 6.046968 -0.139187 -3.244340 3.587798 13.517598 -31.386116 2.623707 0.000009 0.000000 0.487203 2.680653 -29.100803 2.132117 0.000004 -0.000007 0.074785 1.530304 -6.724068 1.793219 0.000012 0.000000 -0.000003 -0.000001 0.000001 -4.224098 8.888414 -0.398196 -0.855008 5.246475 5.396786 22.093493 -2.727992 73.794723 -0.000020 32.516779 -0.000006 25.457271 8.380624 4.049675 -2.342537 -1.287619 1.805307 12.593951 -8.153694 -17.222421 -1.998870 -1.154047 1.154042 6.064830 -5.313234 -13.324095 -2.115646 -1.221473 1.221462 -13.753601 7.447206 9.069843 -1.745166 -1.007569 1.007566 -0.000001 -0.000011 -0.000001 -7.289624 -0.160562 1.788520 -0.934042 0.803122 10.773192 -2.816291 -0.000008 -0.000007 0.637324 -3.394051 26.746406 -2.639583 -0.000007 0.000007 -0.167847 -0.590567 17.433254 -2.241501 -0.000006 0.000014 0.000002 0.000002 0.000000 -7.060412 0.000008 0.000006 0.839964 -8.113515 23.112375 -3.340207 0.000003 0.000000 1.181246 -4.370036 38.023544 -3.056704 -0.000003 -0.000003 0.821945 -3.075371 31.081739 -2.639474 0.000000 -0.000009 -0.000001 0.000002 0.000000 -6.774590 0.049798 -1.636027 1.275984 -8.669401 41.005676 -2.923900 -0.000001 0.000013 0.713385 -2.594916 23.801116 -2.718001 -0.000011 0.000003 -0.130790 -0.209827 20.215118 -2.379610 0.000000 0.000009 -0.000000 -0.000001 0.000001 -6.148537 -0.175708 -3.130186 2.500283 -10.281923 45.253060 -2.627893 -0.000005 -0.000008 1.612578 -4.332255 49.089683 -2.122490 0.000017 -0.000005 -0.378858 -2.603567 43.266790 -1.792002 0.000002 0.000002 0.000001 -0.000002 -0.000001 7.556999 -4.826313 0.300478 -28.471184 -0.342211 1.304119 0.315534 -24.058294 0.537043 67.064323 2.618833 7.077238 -0.315537 -33.061478 0.084927 4.493386 0.182786 -0.860744 0.092046 -7.483318 10.511632 -5.994857 0.425113 -5.474219 0.082184 -0.046741 6.420124 -0.000001 -0.000000 0.000000 -7.557003 -4.826306 0.300484 -4.101856 -12.101552 9.621857 -0.315557 -24.058256 0.712181 12.317594 1.831905 -1.835713 0.315562 -33.061462 0.096916 -7.148552 -5.093193 -4.973681 -0.092060 -7.483411 10.296527 -2.773197 -0.000002 -0.000001 -0.082208 -0.046777 6.411405 -0.000000 -0.000000 -0.000000 
0.219347 68.685059 110.724838 -0.285095 9.949105 -3.536945 -0.000001 3.962386 -0.274314 2.603319 -0.672811 2.332733 0.000001 14.122135 -0.320022 1.656092 -2.278673 0.845950 0.000000 11.399152 -0.365733 -2.923703 -2.285056 0.251910 0.000000 9.938174 -0.411431 -3.367573 -1.151239 -0.983951 -0.000000 8.579116 0.114201 -1.349393 -3.841517 0.310223 0.000000 25.089088 0.333908 -0.000000 0.000000 -0.000000 4.224101 8.888440 -0.424614 8.280039 -20.929231 3.137780 1.625316 4.497742 -76.980269 0.000011 -36.305099 0.000006 19.884209 -19.957143 5.430811 2.354134 -1.272457 1.802822 28.897513 8.894104 20.768607 1.999429 -1.154373 1.154374 -8.690638 18.041873 -12.337710 2.113314 -1.220119 1.220122 7.946593 -11.221933 1.406953 1.744290 -1.007034 1.007056 -0.000001 -0.000000 -0.000003 7.198479 -0.169237 1.742685 0.321249 3.500377 3.987061 2.844903 -0.000006 -0.000001 0.265683 2.465269 -16.816388 2.665505 -0.000019 0.000002 -0.020309 0.178482 -3.850820 2.297409 -0.000006 -0.000012 0.000000 0.000001 0.000000 6.876539 -0.000006 -0.000005 0.605069 7.624338 -16.487696 3.256827 0.000016 -0.000001 0.612746 3.443009 -27.102869 3.177892 -0.000010 -0.000002 0.271804 1.846630 -15.987009 2.695116 -0.000016 -0.000006 0.000000 0.000002 0.000003 6.623896 -0.059441 -1.696965 0.876768 8.006425 -34.399681 2.957999 -0.000007 0.000004 0.422035 2.000717 -17.172535 2.756902 0.000009 0.000002 0.298778 1.211759 -12.585002 2.334610 0.000011 0.000001 -0.000001 -0.000001 -0.000000 6.046968 -0.139187 -3.244340 3.587798 13.517598 -31.386116 2.623707 0.000009 0.000000 0.487203 2.680653 -29.100803 2.132117 0.000004 -0.000007 0.074785 1.530304 -6.724068 1.793219 0.000012 0.000000 -0.000003 -0.000001 0.000001 -4.224098 8.888414 -0.398196 -0.855008 5.246475 5.396786 22.093493 -2.727992 73.794723 -0.000020 32.516779 -0.000006 25.457271 8.380624 4.049675 -2.342537 -1.287619 1.805307 12.593951 -8.153694 -17.222421 -1.998870 -1.154047 1.154042 6.064830 -5.313234 -13.324095 -2.115646 -1.221473 1.221462 -13.753601 7.447206 9.069843 -1.745166 -1.007569 1.007566 -0.000001 -0.000011 -0.000001 -7.289624 -0.160562 1.788520 -0.934042 0.803122 10.773192 -2.816291 -0.000008 -0.000007 0.637324 -3.394051 26.746406 -2.639583 -0.000007 0.000007 -0.167847 -0.590567 17.433254 -2.241501 -0.000006 0.000014 0.000002 0.000002 0.000000 -7.060412 0.000008 0.000006 0.839964 -8.113515 23.112375 -3.340207 0.000003 0.000000 1.181246 -4.370036 38.023544 -3.056704 -0.000003 -0.000003 0.821945 -3.075371 31.081739 -2.639474 0.000000 -0.000009 -0.000001 0.000002 0.000000 -6.774590 0.049798 -1.636027 1.275984 -8.669401 41.005676 -2.923900 -0.000001 0.000013 0.713385 -2.594916 23.801116 -2.718001 -0.000011 0.000003 -0.130790 -0.209827 20.215118 -2.379610 0.000000 0.000009 -0.000000 -0.000001 0.000001 -6.148537 -0.175708 -3.130186 2.500283 -10.281923 45.253060 -2.627893 -0.000005 -0.000008 1.612578 -4.332255 49.089683 -2.122490 0.000017 -0.000005 -0.378858 -2.603567 43.266790 -1.792002 0.000002 0.000002 0.000001 -0.000002 -0.000001 7.556999 -4.826313 0.300478 -28.471184 -0.342211 1.304119 0.315534 -24.058294 0.537043 67.064323 2.618833 7.077238 -0.315537 -33.061478 0.084927 4.493386 0.182786 -0.860744 0.092046 -7.483318 10.511632 -5.994857 0.425113 -5.474219 0.082184 -0.046741 6.420124 -0.000001 -0.000000 0.000000 -7.557003 -4.826306 0.300484 -4.101856 -12.101552 9.621857 -0.315557 -24.058256 0.712181 12.317594 1.831905 -1.835713 0.315562 -33.061462 0.096916 -7.148552 -5.093193 -4.973681 -0.092060 -7.483411 10.296527 -2.773197 -0.000002 -0.000001 -0.082208 -0.046777 6.411405 -0.000000 -0.000000 -0.000000 
0.219347 68.685059 110.724838 -0.285095 9.949105 -3.536945 -0.000001 3.962386 -0.274314 2.603319 -0.672811 2.332733 0.000001 14.122135 -0.320022 1.656092 -2.278673 0.845950 0.000000 11.399152 -0.365733 -2.923703 -2.285056 0.251910 0.000000 9.938174 -0.411431 -3.367573 -1.151239 -0.983951 -0.000000 8.579116 0.114201 -1.349393 -3.841517 0.310223 0.000000 25.089088 0.333908 -0.000000 0.000000 -0.000000 4.224101 8.888440 -0.424614 8.280039 -20.929231 3.137780 1.625316 4.497742 -76.980269 0.000011 -36.305099 0.000006 19.884209 -19.957143 5.430811 2.354134 -1.272457 1.802822 28.897513 8.894104 20.768607 1.999429 -1.154373 1.154374 -8.690638 18.041873 -12.337710 2.113314 -1.220119 1.220122 7.946593 -11.221933 1.406953 1.744290 -1.007034 1.007056 -0.000001 -0.000000 -0.000003 7.198479 -0.169237 1.742685 0.321249 3.500377 3.987061 2.844903 -0.000006 -0.000001 0.265683 2.465269 -16.816388 2.665505 -0.000019 0.000002 -0.020309 0.178482 -3.850820 2.297409 -0.000006 -0.000012 0.000000 0.000001 0.000000 6.876539 -0.000006 -0.000005 0.605069 7.624338 -16.487696 3.256827 0.000016 -0.000001 0.612746 3.443009 -27.102869 3.177892 -0.000010 -0.000002 0.271804 1.846630 -15.987009 2.695116 -0.000016 -0.000006 0.000000 0.000002 0.000003 6.623896 -0.059441 -1.696965 0.876768 8.006425 -34.399681 2.957999 -0.000007 0.000004 0.422035 2.000717 -17.172535 2.756902 0.000009 0.000002 0.298778 1.211759 -12.585002 2.334610 0.000011 0.000001 -0.000001 -0.000001 -0.000000 6.046968 -0.139187 -3.244340 3.587798 13.517598 -31.386116 2.623707 0.000009 0.000000 0.487203 2.680653 -29.100803 2.132117 0.000004 -0.000007 0.074785 1.530304 -6.724068 1.793219 0.000012 0.000000 -0.000003 -0.000001 0.000001 -4.224098 8.888414 -0.398196 -0.855008 5.246475 5.396786 22.093493 -2.727992 73.794723 -0.000020 32.516779 -0.000006 25.457271 8.380624 4.049675 -2.342537 -1.287619 1.805307 12.593951 -8.153694 -17.222421 -1.998870 -1.154047 1.154042 6.064830 -5.313234 -13.324095 -2.115646 -1.221473 1.221462 -13.753601 7.447206 9.069843 -1.745166 -1.007569 1.007566 -0.000001 -0.000011 -0.000001 -7.289624 -0.160562 1.788520 -0.934042 0.803122 10.773192 -2.816291 -0.000008 -0.000007 0.637324 -3.394051 26.746406 -2.639583 -0.000007 0.000007 -0.167847 -0.590567 17.433254 -2.241501 -0.000006 0.000014 0.000002 0.000002 0.000000 -7.060412 0.000008 0.000006 0.839964 -8.113515 23.112375 -3.340207 0.000003 0.000000 1.181246 -4.370036 38.023544 -3.056704 -0.000003 -0.000003 0.821945 -3.075371 31.081739 -2.639474 0.000000 -0.000009 -0.000001 0.000002 0.000000 -6.774590 0.049798 -1.636027 1.275984 -8.669401 41.005676 -2.923900 -0.000001 0.000013 0.713385 -2.594916 23.801116 -2.718001 -0.000011 0.000003 -0.130790 -0.209827 20.215118 -2.379610 0.000000 0.000009 -0.000000 -0.000001 0.000001 -6.148537 -0.175708 -3.130186 2.500283 -10.281923 45.253060 -2.627893 -0.000005 -0.000008 1.612578 -4.332255 49.089683 -2.122490 0.000017 -0.000005 -0.378858 -2.603567 43.266790 -1.792002 0.000002 0.000002 0.000001 -0.000002 -0.000001 7.556999 -4.826313 0.300478 -28.471184 -0.342211 1.304119 0.315534 -24.058294 0.537043 67.064323 2.618833 7.077238 -0.315537 -33.061478 0.084927 4.493386 0.182786 -0.860744 0.092046 -7.483318 10.511632 -5.994857 0.425113 -5.474219 0.082184 -0.046741 6.420124 -0.000001 -0.000000 0.000000 -7.557003 -4.826306 0.300484 -4.101856 -12.101552 9.621857 -0.315557 -24.058256 0.712181 12.317594 1.831905 -1.835713 0.315562 -33.061462 0.096916 -7.148552 -5.093193 -4.973681 -0.092060 -7.483411 10.296527 -2.773197 -0.000002 -0.000001 -0.082208 -0.046777 6.411405 -0.000000 -0.000000 -0.000000 
0.219347 68.685059 110.724838 -0.285095 9.949105 -3.536945 -0.000001 3.962386 -0.274314 2.603319 -0.672811 2.332733 0.000001 14.122135 -0.320022 1.656092 -2.278673 0.845950 0.000000 11.399152 -0.365733 -2.923703 -2.285056 0.251910 0.000000 9.938174 -0.411431 -3.367573 -1.151239 -0.983951 -0.000000 8.579116 0.114201 -1.349393 -3.841517 0.310223 0.000000 25.089088 0.333908 -0.000000 0.000000 -0.000000 4.224101 8.888440 -0.424614 8.280039 -20.929231 3.137780 1.625316 4.497742 -76.980269 0.000011 -36.305099 0.000006 19.884209 -19.957143 5.430811 2.354134 -1.272457 1.802822 28.897513 8.894104 20.768607 1.999429 -1.154373 1.154374 -8.690638 18.041873 -12.337710 2.113314 -1.220119 1.220122 7.946593 -11.221933 1.406953 1.744290 -1.007034 1.007056 -0.000001 -0.000000 -0.000003 7.198479 -0.169237 1.742685 0.321249 3.500377 3.987061 2.844903 -0.000006 -0.000001 0.265683 2.465269 -16.816388 2.665505 -0.000019 0.000002 -0.020309 0.178482 -3.850820 2.297409 -0.000006 -0.000012 0.000000 0.000001 0.000000 6.876539 -0.000006 -0.000005 0.605069 7.624338 -16.487696 3.256827 0.000016 -0.000001 0.612746 3.443009 -27.102869 3.177892 -0.000010 -0.000002 0.271804 1.846630 -15.987009 2.695116 -0.000016 -0.000006 0.000000 0.000002 0.000003 6.623896 -0.059441 -1.696965 0.876768 8.006425 -34.399681 2.957999 -0.000007 0.000004 0.422035 2.000717 -17.172535 2.756902 0.000009 0.000002 0.298778 1.211759 -12.585002 2.334610 0.000011 0.000001 -0.000001 -0.000001 -0.000000 6.046968 -0.139187 -3.244340 3.587798 13.517598 -31.386116 2.623707 0.000009 0.000000 0.487203 2.680653 -29.100803 2.132117 0.000004 -0.000007 0.074785 1.530304 -6.724068 1.793219 0.000012 0.000000 -0.000003 -0.000001 0.000001 -4.224098 8.888414 -0.398196 -0.855008 5.246475 5.396786 22.093493 -2.727992 73.794723 -0.000020 32.516779 -0.000006 25.457271 8.380624 4.049675 -2.342537 -1.287619 1.805307 12.593951 -8.153694 -17.222421 -1.998870 -1.154047 1.154042 6.064830 -5.313234 -13.324095 -2.115646 -1.221473 1.221462 -13.753601 7.447206 9.069843 -1.745166 -1.007569 1.007566 -0.000001 -0.000011 -0.000001 -7.289624 -0.160562 1.788520 -0.934042 0.803122 10.773192 -2.816291 -0.000008 -0.000007 0.637324 -3.394051 26.746406 -2.639583 -0.000007 0.000007 -0.167847 -0.590567 17.433254 -2.241501 -0.000006 0.000014 0.000002 0.000002 0.000000 -7.060412 0.000008 0.000006 0.839964 -8.113515 23.112375 -3.340207 0.000003 0.000000 1.181246 -4.370036 38.023544 -3.056704 -0.000003 -0.000003 0.821945 -3.075371 31.081739 -2.639474 0.000000 -0.000009 -0.000001 0.000002 0.000000 -6.774590 0.049798 -1.636027 1.275984 -8.669401 41.005676 -2.923900 -0.000001 0.000013 0.713385 -2.594916 23.801116 -2.718001 -0.000011 0.000003 -0.130790 -0.209827 20.215118 -2.379610 0.000000 0.000009 -0.000000 -0.000001 0.000001 -6.148537 -0.175708 -3.130186 2.500283 -10.281923 45.253060 -2.627893 -0.000005 -0.000008 1.612578 -4.332255 49.089683 -2.122490 0.000017 -0.000005 -0.378858 -2.603567 43.266790 -1.792002 0.000002 0.000002 0.000001 -0.000002 -0.000001 7.556999 -4.826313 0.300478 -28.471184 -0.342211 1.304119 0.315534 -24.058294 0.537043 67.064323 2.618833 7.077238 -0.315537 -33.061478 0.084927 4.493386 0.182786 -0.860744 0.092046 -7.483318 10.511632 -5.994857 0.425113 -5.474219 0.082184 -0.046741 6.420124 -0.000001 -0.000000 0.000000 -7.557003 -4.826306 0.300484 -4.101856 -12.101552 9.621857 -0.315557 -24.058256 0.712181 12.317594 1.831905 -1.835713 0.315562 -33.061462 0.096916 -7.148552 -5.093193 -4.973681 -0.092060 -7.483411 10.296527 -2.773197 -0.000002 -0.000001 -0.082208 -0.046777 6.411405 -0.000000 -0.000000 -0.000000 
0.219347 68.685059 110.724838 -0.285095 9.949105 -3.536945 -0.000001 3.962386 -0.274314 2.603319 -0.672811 2.332733 0.000001 14.122135 -0.320022 1.656092 -2.278673 0.845950 0.000000 11.399152 -0.365733 -2.923703 -2.285056 0.251910 0.000000 9.938174 -0.411431 -3.367573 -1.151239 -0.983951 -0.000000 8.579116 0.114201 -1.349393 -3.841517 0.310223 0.000000 25.089088 0.333908 -0.000000 0.000000 -0.000000 4.224101 8.888440 -0.424614 8.280039 -20.929231 3.137780 1.625316 4.497742 -76.980269 0.000011 -36.305099 0.000006 19.884209 -19.957143 5.430811 2.354134 -1.272457 1.802822 28.897513 8.894104 20.768607 1.999429 -1.154373 1.154374 -8.690638 18.041873 -12.337710 2.113314 -1.220119 1.220122 7.946593 -11.221933 1.406953 1.744290 -1.007034 1.007056 -0.000001 -0.000000 -0.000003 7.198479 -0.169237 1.742685 0.321249 3.500377 3.987061 2.844903 -0.000006 -0.000001 0.265683 2.465269 -16.816388 2.665505 -0.000019 0.000002 -0.020309 0.178482 -3.850820 2.297409 -0.000006 -0.000012 0.000000 0.000001 0.000000 6.876539 -0.000006 -0.000005 0.605069 7.624338 -16.487696 3.256827 0.000016 -0.000001 0.612746 3.443009 -27.102869 3.177892 -0.000010 -0.000002 0.271804 1.846630 -15.987009 2.695116 -0.000016 -0.000006 0.000000 0.000002 0.000003 6.623896 -0.059441 -1.696965 0.876768 8.006425 -34.399681 2.957999 -0.000007 0.000004 0.422035 2.000717 -17.172535 2.756902 0.000009 0.000002 0.298778 1.211759 -12.585002 2.334610 0.000011 0.000001 -0.000001 -0.000001 -0.000000 6.046968 -0.139187 -3.244340 3.587798 13.517598 -31.386116 2.623707 0.000009 0.000000 0.487203 2.680653 -29.100803 2.132117 0.000004 -0.000007 0.074785 1.530304 -6.724068 1.793219 0.000012 0.000000 -0.000003 -0.000001 0.000001 -4.224098 8.888414 -0.398196 -0.855008 5.246475 5.396786 22.093493 -2.727992 73.794723 -0.000020 32.516779 -0.000006 25.457271 8.380624 4.049675 -2.342537 -1.287619 1.805307 12.593951 -8.153694 -17.222421 -1.998870 -1.154047 1.154042 6.064830 -5.313234 -13.324095 -2.115646 -1.221473 1.221462 -13.753601 7.447206 9.069843 -1.745166 -1.007569 1.007566 -0.000001 -0.000011 -0.000001 -7.289624 -0.160562 1.788520 -0.934042 0.803122 10.773192 -2.816291 -0.000008 -0.000007 0.637324 -3.394051 26.746406 -2.639583 -0.000007 0.000007 -0.167847 -0.590567 17.433254 -2.241501 -0.000006 0.000014 0.000002 0.000002 0.000000 -7.060412 0.000008 0.000006 0.839964 -8.113515 23.112375 -3.340207 0.000003 0.000000 1.181246 -4.370036 38.023544 -3.056704 -0.000003 -0.000003 0.821945 -3.075371 31.081739 -2.639474 0.000000 -0.000009 -0.000001 0.000002 0.000000 -6.774590 0.049798 -1.636027 1.275984 -8.669401 41.005676 -2.923900 -0.000001 0.000013 0.713385 -2.594916 23.801116 -2.718001 -0.000011 0.000003 -0.130790 -0.209827 20.215118 -2.379610 0.000000 0.000009 -0.000000 -0.000001 0.000001 -6.148537 -0.175708 -3.130186 2.500283 -10.281923 45.253060 -2.627893 -0.000005 -0.000008 1.612578 -4.332255 49.089683 -2.122490 0.000017 -0.000005 -0.378858 -2.603567 43.266790 -1.792002 0.000002 0.000002 0.000001 -0.000002 -0.000001 7.556999 -4.826313 0.300478 -28.471184 -0.342211 1.304119 0.315534 -24.058294 0.537043 67.064323 2.618833 7.077238 -0.315537 -33.061478 0.084927 4.493386 0.182786 -0.860744 0.092046 -7.483318 10.511632 -5.994857 0.425113 -5.474219 0.082184 -0.046741 6.420124 -0.000001 -0.000000 0.000000 -7.557003 -4.826306 0.300484 -4.101856 -12.101552 9.621857 -0.315557 -24.058256 0.712181 12.317594 1.831905 -1.835713 0.315562 -33.061462 0.096916 -7.148552 -5.093193 -4.973681 -0.092060 -7.483411 10.296527 -2.773197 -0.000002 -0.000001 -0.082208 -0.046777 6.411405 -0.000000 -0.000000 -0.000000 
0.219347 68.685059 110.724838 -0.285095 9.949105 -3.536945 -0.000001 3.962386 -0.274314 2.603319 -0.672811 2.332733 0.000001 14.122135 -0.320022 1.656092 -2.278673 0.845950 0.000000 11.399152 -0.365733 -2.923703 -2.285056 0.251910 0.000000 9.938174 -0.411431 -3.367573 -1.151239 -0.983951 -0.000000 8.579116 0.114201 -1.349393 -3.841517 0.310223 0.000000 25.089088 0.333908 -0.000000 0.000000 -0.000000 4.224101 8.888440 -0.424614 8.280039 -20.929231 3.137780 1.625316 4.497742 -76.980269 0.000011 -36.305099 0.000006 19.884209 -19.957143 5.430811 2.354134 -1.272457 1.802822 28.897513 8.894104 20.768607 1.999429 -1.154373 1.154374 -8.690638 18.041873 -12.337710 2.113314 -1.220119 1.220122 7.946593 -11.221933 1.406953 1.744290 -1.007034 1.007056 -0.000001 -0.000000 -0.000003 7.198479 -0.169237 1.742685 0.321249 3.500377 3.987061 2.844903 -0.000006 -0.000001 0.265683 2.465269 -16.816388 2.665505 -0.000019 0.000002 -0.020309 0.178482 -3.850820 2.297409 -0.000006 -0.000012 0.000000 0.000001 0.000000 6.876539 -0.000006 -0.000005 0.605069 7.624338 -16.487696 3.256827 0.000016 -0.000001 0.612746 3.443009 -27.102869 3.177892 -0.000010 -0.000002 0.271804 1.846630 -15.987009 2.695116 -0.000016 -0.000006 0.000000 0.000002 0.000003 6.623896 -0.059441 -1.696965 0.876768 8.006425 -34.399681 2.957999 -0.000007 0.000004 0.422035 2.000717 -17.172535 2.756902 0.000009 0.000002 0.298778 1.211759 -12.585002 2.334610 0.000011 0.000001 -0.000001 -0.000001 -0.000000 6.046968 -0.139187 -3.244340 3.587798 13.517598 -31.386116 2.623707 0.000009 0.000000 0.487203 2.680653 -29.100803 2.132117 0.000004 -0.000007 0.074785 1.530304 -6.724068 1.793219 0.000012 0.000000 -0.000003 -0.000001 0.000001 -4.224098 8.888414 -0.398196 -0.855008 5.246475 5.396786 22.093493 -2.727992 73.794723 -0.000020 32.516779 -0.000006 25.457271 8.380624 4.049675 -2.342537 -1.287619 1.805307 12.593951 -8.153694 -17.222421 -1.998870 -1.154047 1.154042 6.064830 -5.313234 -13.324095 -2.115646 -1.221473 1.221462 -13.753601 7.447206 9.069843 -1.745166 -1.007569 1.007566 -0.000001 -0.000011 -0.000001 -7.289624 -0.160562 1.788520 -0.934042 0.803122 10.773192 -2.816291 -0.000008 -0.000007 0.637324 -3.394051 26.746406 -2.639583 -0.000007 0.000007 -0.167847 -0.590567 17.433254 -2.241501 -0.000006 0.000014 0.000002 0.000002 0.000000 -7.060412 0.000008 0.000006 0.839964 -8.113515 23.112375 -3.340207 0.000003 0.000000 1.181246 -4.370036 38.023544 -3.056704 -0.000003 -0.000003 0.821945 -3.075371 31.081739 -2.639474 0.000000 -0.000009 -0.000001 0.000002 0.000000 -6.774590 0.049798 -1.636027 1.275984 -8.669401 41.005676 -2.923900 -0.000001 0.000013 0.713385 -2.594916 23.801116 -2.718001 -0.000011 0.000003 -0.130790 -0.209827 20.215118 -2.379610 0.000000 0.000009 -0.000000 -0.000001 0.000001 -6.148537 -0.175708 -3.130186 2.500283 -10.281923 45.253060 -2.627893 -0.000005 -0.000008 1.612578 -4.332255 49.089683 -2.122490 0.000017 -0.000005 -0.378858 -2.603567 43.266790 -1.792002 0.000002 0.000002 0.000001 -0.000002 -0.000001 7.556999 -4.826313 0.300478 -28.471184 -0.342211 1.304119 0.315534 -24.058294 0.537043 67.064323 2.618833 7.077238 -0.315537 -33.061478 0.084927 4.493386 0.182786 -0.860744 0.092046 -7.483318 10.511632 -5.994857 0.425113 -5.474219 0.082184 -0.046741 6.420124 -0.000001 -0.000000 0.000000 -7.557003 -4.826306 0.300484 -4.101856 -12.101552 9.621857 -0.315557 -24.058256 0.712181 12.317594 1.831905 -1.835713 0.315562 -33.061462 0.096916 -7.148552 -5.093193 -4.973681 -0.092060 -7.483411 10.296527 -2.773197 -0.000002 -0.000001 -0.082208 -0.046777 6.411405 -0.000000 -0.000000 -0.000000 
0.219347 68.685059 110.724838 -0.285095 9.949105 -3.536945 -0.000001 3.962386 -0.274314 2.603319 -0.672811 2.332733 0.000001 14.122135 -0.320022 1.656092 -2.278673 0.845950 0.000000 11.399152 -0.365733 -2.923703 -2.285056 0.251910 0.000000 9.938174 -0.411431 -3.367573 -1.151239 -0.983951 -0.000000 8.579116 0.114201 -1.349393 -3.841517 0.310223 0.000000 25.089088 0.333908 -0.000000 0.000000 -0.000000 4.224101 8.888440 -0.424614 8.280039 -20.929231 3.137780 1.625316 4.497742 -76.980269 0.000011 -36.305099 0.000006 19.884209 -19.957143 5.430811 2.354134 -1.272457 1.802822 28.897513 8.894104 20.768607 1.999429 -1.154373 1.154374 -8.690638 18.041873 -12.337710 2.113314 -1.220119 1.220122 7.946593 -11.221933 1.406953 1.744290 -1.007034 1.007056 -0.000001 -0.000000 -0.000003 7.198479 -0.169237 1.742685 0.321249 3.500377 3.987061 2.844903 -0.000006 -0.000001 0.265683 2.465269 -16.816388 2.665505 -0.000019 0.000002 -0.020309 0.178482 -3.850820 2.297409 -0.000006 -0.000012 0.000000 0.000001 0.000000 6.876539 -0.000006 -0.000005 0.605069 7.624338 -16.487696 3.256827 0.000016 -0.000001 0.612746 3.443009 -27.102869 3.177892 -0.000010 -0.000002 0.271804 1.846630 -15.987009 2.695116 -0.000016 -0.000006 0.000000 0.000002 0.000003 6.623896 -0.059441 -1.696965 0.876768 8.006425 -34.399681 2.957999 -0.000007 0.000004 0.422035 2.000717 -17.172535 2.756902 0.000009 0.000002 0.298778 1.211759 -12.585002 2.334610 0.000011 0.000001 -0.000001 -0.000001 -0.000000 6.046968 -0.139187 -3.244340 3.587798 13.517598 -31.386116 2.623707 0.000009 0.000000 0.487203 2.680653 -29.100803 2.132117 0.000004 -0.000007 0.074785 1.530304 -6.724068 1.793219 0.000012 0.000000 -0.000003 -0.000001 0.000001 -4.224098 8.888414 -0.398196 -0.855008 5.246475 5.396786 22.093493 -2.727992 73.794723 -0.000020 32.516779 -0.000006 25.457271 8.380624 4.049675 -2.342537 -1.287619 1.805307 12.593951 -8.153694 -17.222421 -1.998870 -1.154047 1.154042 6.064830 -5.313234 -13.324095 -2.115646 -1.221473 1.221462 -13.753601 7.447206 9.069843 -1.745166 -1.007569 1.007566 -0.000001 -0.000011 -0.000001 -7.289624 -0.160562 1.788520 -0.934042 0.803122 10.773192 -2.816291 -0.000008 -0.000007 0.637324 -3.394051 26.746406 -2.639583 -0.000007 0.000007 -0.167847 -0.590567 17.433254 -2.241501 -0.000006 0.000014 0.000002 0.000002 0.000000 -7.060412 0.000008 0.000006 0.839964 -8.113515 23.112375 -3.340207 0.000003 0.000000 1.181246 -4.370036 38.023544 -3.056704 -0.000003 -0.000003 0.821945 -3.075371 31.081739 -2.639474 0.000000 -0.000009 -0.000001 0.000002 0.000000 -6.774590 0.049798 -1.636027 1.275984 -8.669401 41.005676 -2.923900 -0.000001 0.000013 0.713385 -2.594916 23.801116 -2.718001 -0.000011 0.000003 -0.130790 -0.209827 20.215118 -2.379610 0.000000 0.000009 -0.000000 -0.000001 0.000001 -6.148537 -0.175708 -3.130186 2.500283 -10.281923 45.253060 -2.627893 -0.000005 -0.000008 1.612578 -4.332255 49.089683 -2.122490 0.000017 -0.000005 -0.378858 -2.603567 43.266790 -1.792002 0.000002 0.000002 0.000001 -0.000002 -0.000001 7.556999 -4.826313 0.300478 -28.471184 -0.342211 1.304119 0.315534 -24.058294 0.537043 67.064323 2.618833 7.077238 -0.315537 -33.061478 0.084927 4.493386 0.182786 -0.860744 0.092046 -7.483318 10.511632 -5.994857 0.425113 -5.474219 0.082184 -0.046741 6.420124 -0.000001 -0.000000 0.000000 -7.557003 -4.826306 0.300484 -4.101856 -12.101552 9.621857 -0.315557 -24.058256 0.712181 12.317594 1.831905 -1.835713 0.315562 -33.061462 0.096916 -7.148552 -5.093193 -4.973681 -0.092060 -7.483411 10.296527 -2.773197 -0.000002 -0.000001 -0.082208 -0.046777 6.411405 -0.000000 -0.000000 -0.000000 
0.219347 68.685059 110.724838 -0.285095 9.949105 -3.536945 -0.000001 3.962386 -0.274314 2.603319 -0.672811 2.332733 0.000001 14.122135 -0.320022 1.656092 -2.278673 0.845950 0.000000 11.399152 -0.365733 -2.923703 -2.285056 0.251910 0.000000 9.938174 -0.411431 -3.367573 -1.151239 -0.983951 -0.000000 8.579116 0.114201 -1.349393 -3.841517 0.310223 0.000000 25.089088 0.333908 -0.000000 0.000000 -0.000000 4.224101 8.888440 -0.424614 8.280039 -20.929231 3.137780 1.625316 4.497742 -76.980269 0.000011 -36.305099 0.000006 19.884209 -19.957143 5.430811 2.354134 -1.272457 1.802822 28.897513 8.894104 20.768607 1.999429 -1.154373 1.154374 -8.690638 18.041873 -12.337710 2.113314 -1.220119 1.220122 7.946593 -11.221933 1.406953 1.744290 -1.007034 1.007056 -0.000001 -0.000000 -0.000003 7.198479 -0.169237 1.742685 0.321249 3.500377 3.987061 2.844903 -0.000006 -0.000001 0.265683 2.465269 -16.816388 2.665505 -0.000019 0.000002 -0.020309 0.178482 -3.850820 2.297409 -0.000006 -0.000012 0.000000 0.000001 0.000000 6.876539 -0.000006 -0.000005 0.605069 7.624338 -16.487696 3.256827 0.000016 -0.000001 0.612746 3.443009 -27.102869 3.177892 -0.000010 -0.000002 0.271804 1.846630 -15.987009 2.695116 -0.000016 -0.000006 0.000000 0.000002 0.000003 6.623896 -0.059441 -1.696965 0.876768 8.006425 -34.399681 2.957999 -0.000007 0.000004 0.422035 2.000717 -17.172535 2.756902 0.000009 0.000002 0.298778 1.211759 -12.585002 2.334610 0.000011 0.000001 -0.000001 -0.000001 -0.000000 6.046968 -0.139187 -3.244340 3.587798 13.517598 -31.386116 2.623707 0.000009 0.000000 0.487203 2.680653 -29.100803 2.132117 0.000004 -0.000007 0.074785 1.530304 -6.724068 1.793219 0.000012 0.000000 -0.000003 -0.000001 0.000001 -4.224098 8.888414 -0.398196 -0.855008 5.246475 5.396786 22.093493 -2.727992 73.794723 -0.000020 32.516779 -0.000006 25.457271 8.380624 4.049675 -2.342537 -1.287619 1.805307 12.593951 -8.153694 -17.222421 -1.998870 -1.154047 1.154042 6.064830 -5.313234 -13.324095 -2.115646 -1.221473 1.221462 -13.753601 7.447206 9.069843 -1.745166 -1.007569 1.007566 -0.000001 -0.000011 -0.000001 -7.289624 -0.160562 1.788520 -0.934042 0.803122 10.773192 -2.816291 -0.000008 -0.000007 0.637324 -3.394051 26.746406 -2.639583 -0.000007 0.000007 -0.167847 -0.590567 17.433254 -2.241501 -0.000006 0.000014 0.000002 0.000002 0.000000 -7.060412 0.000008 0.000006 0.839964 -8.113515 23.112375 -3.340207 0.000003 0.000000 1.181246 -4.370036 38.023544 -3.056704 -0.000003 -0.000003 0.821945 -3.075371 31.081739 -2.639474 0.000000 -0.000009 -0.000001 0.000002 0.000000 -6.774590 0.049798 -1.636027 1.275984 -8.669401 41.005676 -2.923900 -0.000001 0.000013 0.713385 -2.594916 23.801116 -2.718001 -0.000011 0.000003 -0.130790 -0.209827 20.215118 -2.379610 0.000000 0.000009 -0.000000 -0.000001 0.000001 -6.148537 -0.175708 -3.130186 2.500283 -10.281923 45.253060 -2.627893 -0.000005 -0.000008 1.612578 -4.332255 49.089683 -2.122490 0.000017 -0.000005 -0.378858 -2.603567 43.266790 -1.792002 0.000002 0.000002 0.000001 -0.000002 -0.000001 7.556999 -4.826313 0.300478 -28.471184 -0.342211 1.304119 0.315534 -24.058294 0.537043 67.064323 2.618833 7.077238 -0.315537 -33.061478 0.084927 4.493386 0.182786 -0.860744 0.092046 -7.483318 10.511632 -5.994857 0.425113 -5.474219 0.082184 -0.046741 6.420124 -0.000001 -0.000000 0.000000 -7.557003 -4.826306 0.300484 -4.101856 -12.101552 9.621857 -0.315557 -24.058256 0.712181 12.317594 1.831905 -1.835713 0.315562 -33.061462 0.096916 -7.148552 -5.093193 -4.973681 -0.092060 -7.483411 10.296527 -2.773197 -0.000002 -0.000001 -0.082208 -0.046777 6.411405 -0.000000 -0.000000 -0.000000 
0.219347 68.685059 110.724838 -0.285095 9.949105 -3.536945 -0.000001 3.962386 -0.274314 2.603319 -0.672811 2.332733 0.000001 14.122135 -0.320022 1.656092 -2.278673 0.845950 0.000000 11.399152 -0.365733 -2.923703 -2.285056 0.251910 0.000000 9.938174 -0.411431 -3.367573 -1.151239 -0.983951 -0.000000 8.579116 0.114201 -1.349393 -3.841517 0.310223 0.000000 25.089088 0.333908 -0.000000 0.000000 -0.000000 4.224101 8.888440 -0.424614 8.280039 -20.929231 3.137780 1.625316 4.497742 -76.980269 0.000011 -36.305099 0.000006 19.884209 -19.957143 5.430811 2.354134 -1.272457 1.802822 28.897513 8.894104 20.768607 1.999429 -1.154373 1.154374 -8.690638 18.041873 -12.337710 2.113314 -1.220119 1.220122 7.946593 -11.221933 1.406953 1.744290 -1.007034 1.007056 -0.000001 -0.000000 -0.000003 7.198479 -0.169237 1.742685 0.321249 3.500377 3.987061 2.844903 -0.000006 -0.000001 0.265683 2.465269 -16.816388 2.665505 -0.000019 0.000002 -0.020309 0.178482 -3.850820 2.297409 -0.000006 -0.000012 0.000000 0.000001 0.000000 6.876539 -0.000006 -0.000005 0.605069 7.624338 -16.487696 3.256827 0.000016 -0.000001 0.612746 3.443009 -27.102869 3.177892 -0.000010 -0.000002 0.271804 1.846630 -15.987009 2.695116 -0.000016 -0.000006 0.000000 0.000002 0.000003 6.623896 -0.059441 -1.696965 0.876768 8.006425 -34.399681 2.957999 -0.000007 0.000004 0.422035 2.000717 -17.172535 2.756902 0.000009 0.000002 0.298778 1.211759 -12.585002 2.334610 0.000011 0.000001 -0.000001 -0.000001 -0.000000 6.046968 -0.139187 -3.244340 3.587798 13.517598 -31.386116 2.623707 0.000009 0.000000 0.487203 2.680653 -29.100803 2.132117 0.000004 -0.000007 0.074785 1.530304 -6.724068 1.793219 0.000012 0.000000 -0.000003 -0.000001 0.000001 -4.224098 8.888414 -0.398196 -0.855008 5.246475 5.396786 22.093493 -2.727992 73.794723 -0.000020 32.516779 -0.000006 25.457271 8.380624 4.049675 -2.342537 -1.287619 1.805307 12.593951 -8.153694 -17.222421 -1.998870 -1.154047 1.154042 6.064830 -5.313234 -13.324095 -2.115646 -1.221473 1.221462 -13.753601 7.447206 9.069843 -1.745166 -1.007569 1.007566 -0.000001 -0.000011 -0.000001 -7.289624 -0.160562 1.788520 -0.934042 0.803122 10.773192 -2.816291 -0.000008 -0.000007 0.637324 -3.394051 26.746406 -2.639583 -0.000007 0.000007 -0.167847 -0.590567 17.433254 -2.241501 -0.000006 0.000014 0.000002 0.000002 0.000000 -7.060412 0.000008 0.000006 0.839964 -8.113515 23.112375 -3.340207 0.000003 0.000000 1.181246 -4.370036 38.023544 -3.056704 -0.000003 -0.000003 0.821945 -3.075371 31.081739 -2.639474 0.000000 -0.000009 -0.000001 0.000002 0.000000 -6.774590 0.049798 -1.636027 1.275984 -8.669401 41.005676 -2.923900 -0.000001 0.000013 0.713385 -2.594916 23.801116 -2.718001 -0.000011 0.000003 -0.130790 -0.209827 20.215118 -2.379610 0.000000 0.000009 -0.000000 -0.000001 0.000001 -6.148537 -0.175708 -3.130186 2.500283 -10.281923 45.253060 -2.627893 -0.000005 -0.000008 1.612578 -4.332255 49.089683 -2.122490 0.000017 -0.000005 -0.378858 -2.603567 43.266790 -1.792002 0.000002 0.000002 0.000001 -0.000002 -0.000001 7.556999 -4.826313 0.300478 -28.471184 -0.342211 1.304119 0.315534 -24.058294 0.537043 67.064323 2.618833 7.077238 -0.315537 -33.061478 0.084927 4.493386 0.182786 -0.860744 0.092046 -7.483318 10.511632 -5.994857 0.425113 -5.474219 0.082184 -0.046741 6.420124 -0.000001 -0.000000 0.000000 -7.557003 -4.826306 0.300484 -4.101856 -12.101552 9.621857 -0.315557 -24.058256 0.712181 12.317594 1.831905 -1.835713 0.315562 -33.061462 0.096916 -7.148552 -5.093193 -4.973681 -0.092060 -7.483411 10.296527 -2.773197 -0.000002 -0.000001 -0.082208 -0.046777 6.411405 -0.000000 -0.000000 -0.000000 
0.219347 68.685059 110.724838 -0.285095 9.949105 -3.536945 -0.000001 3.962386 -0.274314 2.603319 -0.672811 2.332733 0.000001 14.122135 -0.320022 1.656092 -2.278673 0.845950 0.000000 11.399152 -0.365733 -2.923703 -2.285056 0.251910 0.000000 9.938174 -0.411431 -3.367573 -1.151239 -0.983951 -0.000000 8.579116 0.114201 -1.349393 -3.841517 0.310223 0.000000 25.089088 0.333908 -0.000000 0.000000 -0.000000 4.224101 8.888440 -0.424614 8.280039 -20.929231 3.137780 1.625316 4.497742 -76.980269 0.000011 -36.305099 0.000006 19.884209 -19.957143 5.430811 2.354134 -1.272457 1.802822 28.897513 8.894104 20.768607 1.999429 -1.154373 1.154374 -8.690638 18.041873 -12.337710 2.113314 -1.220119 1.220122 7.946593 -11.221933 1.406953 1.744290 -1.007034 1.007056 -0.000001 -0.000000 -0.000003 7.198479 -0.169237 1.742685 0.321249 3.500377 3.987061 2.844903 -0.000006 -0.000001 0.265683 2.465269 -16.816388 2.665505 -0.000019 0.000002 -0.020309 0.178482 -3.850820 2.297409 -0.000006 -0.000012 0.000000 0.000001 0.000000 6.876539 -0.000006 -0.000005 0.605069 7.624338 -16.487696 3.256827 0.000016 -0.000001 0.612746 3.443009 -27.102869 3.177892 -0.000010 -0.000002 0.271804 1.846630 -15.987009 2.695116 -0.000016 -0.000006 0.000000 0.000002 0.000003 6.623896 -0.059441 -1.696965 0.876768 8.006425 -34.399681 2.957999 -0.000007 0.000004 0.422035 2.000717 -17.172535 2.756902 0.000009 0.000002 0.298778 1.211759 -12.585002 2.334610 0.000011 0.000001 -0.000001 -0.000001 -0.000000 6.046968 -0.139187 -3.244340 3.587798 13.517598 -31.386116 2.623707 0.000009 0.000000 0.487203 2.680653 -29.100803 2.132117 0.000004 -0.000007 0.074785 1.530304 -6.724068 1.793219 0.000012 0.000000 -0.000003 -0.000001 0.000001 -4.224098 8.888414 -0.398196 -0.855008 5.246475 5.396786 22.093493 -2.727992 73.794723 -0.000020 32.516779 -0.000006 25.457271 8.380624 4.049675 -2.342537 -1.287619 1.805307 12.593951 -8.153694 -17.222421 -1.998870 -1.154047 1.154042 6.064830 -5.313234 -13.324095 -2.115646 -1.221473 1.221462 -13.753601 7.447206 9.069843 -1.745166 -1.007569 1.007566 -0.000001 -0.000011 -0.000001 -7.289624 -0.160562 1.788520 -0.934042 0.803122 10.773192 -2.816291 -0.000008 -0.000007 0.637324 -3.394051 26.746406 -2.639583 -0.000007 0.000007 -0.167847 -0.590567 17.433254 -2.241501 -0.000006 0.000014 0.000002 0.000002 0.000000 -7.060412 0.000008 0.000006 0.839964 -8.113515 23.112375 -3.340207 0.000003 0.000000 1.181246 -4.370036 38.023544 -3.056704 -0.000003 -0.000003 0.821945 -3.075371 31.081739 -2.639474 0.000000 -0.000009 -0.000001 0.000002 0.000000 -6.774590 0.049798 -1.636027 1.275984 -8.669401 41.005676 -2.923900 -0.000001 0.000013 0.713385 -2.594916 23.801116 -2.718001 -0.000011 0.000003 -0.130790 -0.209827 20.215118 -2.379610 0.000000 0.000009 -0.000000 -0.000001 0.000001 -6.148537 -0.175708 -3.130186 2.500283 -10.281923 45.253060 -2.627893 -0.000005 -0.000008 1.612578 -4.332255 49.089683 -2.122490 0.000017 -0.000005 -0.378858 -2.603567 43.266790 -1.792002 0.000002 0.000002 0.000001 -0.000002 -0.000001 7.556999 -4.826313 0.300478 -28.471184 -0.342211 1.304119 0.315534 -24.058294 0.537043 67.064323 2.618833 7.077238 -0.315537 -33.061478 0.084927 4.493386 0.182786 -0.860744 0.092046 -7.483318 10.511632 -5.994857 0.425113 -5.474219 0.082184 -0.046741 6.420124 -0.000001 -0.000000 0.000000 -7.557003 -4.826306 0.300484 -4.101856 -12.101552 9.621857 -0.315557 -24.058256 0.712181 12.317594 1.831905 -1.835713 0.315562 -33.061462 0.096916 -7.148552 -5.093193 -4.973681 -0.092060 -7.483411 10.296527 -2.773197 -0.000002 -0.000001 -0.082208 -0.046777 6.411405 -0.000000 -0.000000 -0.000000 
0.219347 68.685059 110.724838 -0.285095 9.949105 -3.536945 -0.000001 3.962386 -0.274314 2.603319 -0.672811 2.332733 0.000001 14.122135 -0.320022 1.656092 -2.278673 0.845950 0.000000 11.399152 -0.365733 -2.923703 -2.285056 0.251910 0.000000 9.938174 -0.411431 -3.367573 -1.151239 -0.983951 -0.000000 8.579116 0.114201 -1.349393 -3.841517 0.310223 0.000000 25.089088 0.333908 -0.000000 0.000000 -0.000000 4.224101 8.888440 -0.424614 8.280039 -20.929231 3.137780 1.625316 4.497742 -76.980269 0.000011 -36.305099 0.000006 19.884209 -19.957143 5.430811 2.354134 -1.272457 1.802822 28.897513 8.894104 20.768607 1.999429 -1.154373 1.154374 -8.690638 18.041873 -12.337710 2.113314 -1.220119 1.220122 7.946593 -11.221933 1.406953 1.744290 -1.007034 1.007056 -0.000001 -0.000000 -0.000003 7.198479 -0.169237 1.742685 0.321249 3.500377 3.987061 2.844903 -0.000006 -0.000001 0.265683 2.465269 -16.816388 2.665505 -0.000019 0.000002 -0.020309 0.178482 -3.850820 2.297409 -0.000006 -0.000012 0.000000 0.000001 0.000000 6.876539 -0.000006 -0.000005 0.605069 7.624338 -16.487696 3.256827 0.000016 -0.000001 0.612746 3.443009 -27.102869 3.177892 -0.000010 -0.000002 0.271804 1.846630 -15.987009 2.695116 -0.000016 -0.000006 0.000000 0.000002 0.000003 6.623896 -0.059441 -1.696965 0.876768 8.006425 -34.399681 2.957999 -0.000007 0.000004 0.422035 2.000717 -17.172535 2.756902 0.000009 0.000002 0.298778 1.211759 -12.585002 2.334610 0.000011 0.000001 -0.000001 -0.000001 -0.000000 6.046968 -0.139187 -3.244340 3.587798 13.517598 -31.386116 2.623707 0.000009 0.000000 0.487203 2.680653 -29.100803 2.132117 0.000004 -0.000007 0.074785 1.530304 -6.724068 1.793219 0.000012 0.000000 -0.000003 -0.000001 0.000001 -4.224098 8.888414 -0.398196 -0.855008 5.246475 5.396786 22.093493 -2.727992 73.794723 -0.000020 32.516779 -0.000006 25.457271 8.380624 4.049675 -2.342537 -1.287619 1.805307 12.593951 -8.153694 -17.222421 -1.998870 -1.154047 1.154042 6.064830 -5.313234 -13.324095 -2.115646 -1.221473 1.221462 -13.753601 7.447206 9.069843 -1.745166 -1.007569 1.007566 -0.000001 -0.000011 -0.000001 -7.289624 -0.160562 1.788520 -0.934042 0.803122 10.773192 -2.816291 -0.000008 -0.000007 0.637324 -3.394051 26.746406 -2.639583 -0.000007 0.000007 -0.167847 -0.590567 17.433254 -2.241501 -0.000006 0.000014 0.000002 0.000002 0.000000 -7.060412 0.000008 0.000006 0.839964 -8.113515 23.112375 -3.340207 0.000003 0.000000 1.181246 -4.370036 38.023544 -3.056704 -0.000003 -0.000003 0.821945 -3.075371 31.081739 -2.639474 0.000000 -0.000009 -0.000001 0.000002 0.000000 -6.774590 0.049798 -1.636027 1.275984 -8.669401 41.005676 -2.923900 -0.000001 0.000013 0.713385 -2.594916 23.801116 -2.718001 -0.000011 0.000003 -0.130790 -0.209827 20.215118 -2.379610 0.000000 0.000009 -0.000000 -0.000001 0.000001 -6.148537 -0.175708 -3.130186 2.500283 -10.281923 45.253060 -2.627893 -0.000005 -0.000008 1.612578 -4.332255 49.089683 -2.122490 0.000017 -0.000005 -0.378858 -2.603567 43.266790 -1.792002 0.000002 0.000002 0.000001 -0.000002 -0.000001 7.556999 -4.826313 0.300478 -28.471184 -0.342211 1.304119 0.315534 -24.058294 0.537043 67.064323 2.618833 7.077238 -0.315537 -33.061478 0.084927 4.493386 0.182786 -0.860744 0.092046 -7.483318 10.511632 -5.994857 0.425113 -5.474219 0.082184 -0.046741 6.420124 -0.000001 -0.000000 0.000000 -7.557003 -4.826306 0.300484 -4.101856 -12.101552 9.621857 -0.315557 -24.058256 0.712181 12.317594 1.831905 -1.835713 0.315562 -33.061462 0.096916 -7.148552 -5.093193 -4.973681 -0.092060 -7.483411 10.296527 -2.773197 -0.000002 -0.000001 -0.082208 -0.046777 6.411405 -0.000000 -0.000000 -0.000000 
0.219347 68.685059 110.724838 -0.285095 9.949105 -3.536945 -0.000001 3.962386 -0.274314 2.603319 -0.672811 2.332733 0.000001 14.122135 -0.320022 1.656092 -2.278673 0.845950 0.000000 11.399152 -0.365733 -2.923703 -2.285056 0.251910 0.000000 9.938174 -0.411431 -3.367573 -1.151239 -0.983951 -0.000000 8.579116 0.114201 -1.349393 -3.841517 0.310223 0.000000 25.089088 0.333908 -0.000000 0.000000 -0.000000 4.224101 8.888440 -0.424614 8.280039 -20.929231 3.137780 1.625316 4.497742 -76.980269 0.000011 -36.305099 0.000006 19.884209 -19.957143 5.430811 2.354134 -1.272457 1.802822 28.897513 8.894104 20.768607 1.999429 -1.154373 1.154374 -8.690638 18.041873 -12.337710 2.113314 -1.220119 1.220122 7.946593 -11.221933 1.406953 1.744290 -1.007034 1.007056 -0.000001 -0.000000 -0.000003 7.198479 -0.169237 1.742685 0.321249 3.500377 3.987061 2.844903 -0.000006 -0.000001 0.265683 2.465269 -16.816388 2.665505 -0.000019 0.000002 -0.020309 0.178482 -3.850820 2.297409 -0.000006 -0.000012 0.000000 0.000001 0.000000 6.876539 -0.000006 -0.000005 0.605069 7.624338 -16.487696 3.256827 0.000016 -0.000001 0.612746 3.443009 -27.102869 3.177892 -0.000010 -0.000002 0.271804 1.846630 -15.987009 2.695116 -0.000016 -0.000006 0.000000 0.000002 0.000003 6.623896 -0.059441 -1.696965 0.876768 8.006425 -34.399681 2.957999 -0.000007 0.000004 0.422035 2.000717 -17.172535 2.756902 0.000009 0.000002 0.298778 1.211759 -12.585002 2.334610 0.000011 0.000001 -0.000001 -0.000001 -0.000000 6.046968 -0.139187 -3.244340 3.587798 13.517598 -31.386116 2.623707 0.000009 0.000000 0.487203 2.680653 -29.100803 2.132117 0.000004 -0.000007 0.074785 1.530304 -6.724068 1.793219 0.000012 0.000000 -0.000003 -0.000001 0.000001 -4.224098 8.888414 -0.398196 -0.855008 5.246475 5.396786 22.093493 -2.727992 73.794723 -0.000020 32.516779 -0.000006 25.457271 8.380624 4.049675 -2.342537 -1.287619 1.805307 12.593951 -8.153694 -17.222421 -1.998870 -1.154047 1.154042 6.064830 -5.313234 -13.324095 -2.115646 -1.221473 1.221462 -13.753601 7.447206 9.069843 -1.745166 -1.007569 1.007566 -0.000001 -0.000011 -0.000001 -7.289624 -0.160562 1.788520 -0.934042 0.803122 10.773192 -2.816291 -0.000008 -0.000007 0.637324 -3.394051 26.746406 -2.639583 -0.000007 0.000007 -0.167847 -0.590567 17.433254 -2.241501 -0.000006 0.000014 0.000002 0.000002 0.000000 -7.060412 0.000008 0.000006 0.839964 -8.113515 23.112375 -3.340207 0.000003 0.000000 1.181246 -4.370036 38.023544 -3.056704 -0.000003 -0.000003 0.821945 -3.075371 31.081739 -2.639474 0.000000 -0.000009 -0.000001 0.000002 0.000000 -6.774590 0.049798 -1.636027 1.275984 -8.669401 41.005676 -2.923900 -0.000001 0.000013 0.713385 -2.594916 23.801116 -2.718001 -0.000011 0.000003 -0.130790 -0.209827 20.215118 -2.379610 0.000000 0.000009 -0.000000 -0.000001 0.000001 -6.148537 -0.175708 -3.130186 2.500283 -10.281923 45.253060 -2.627893 -0.000005 -0.000008 1.612578 -4.332255 49.089683 -2.122490 0.000017 -0.000005 -0.378858 -2.603567 43.266790 -1.792002 0.000002 0.000002 0.000001 -0.000002 -0.000001 7.556999 -4.826313 0.300478 -28.471184 -0.342211 1.304119 0.315534 -24.058294 0.537043 67.064323 2.618833 7.077238 -0.315537 -33.061478 0.084927 4.493386 0.182786 -0.860744 0.092046 -7.483318 10.511632 -5.994857 0.425113 -5.474219 0.082184 -0.046741 6.420124 -0.000001 -0.000000 0.000000 -7.557003 -4.826306 0.300484 -4.101856 -12.101552 9.621857 -0.315557 -24.058256 0.712181 12.317594 1.831905 -1.835713 0.315562 -33.061462 0.096916 -7.148552 -5.093193 -4.973681 -0.092060 -7.483411 10.296527 -2.773197 -0.000002 -0.000001 -0.082208 -0.046777 6.411405 -0.000000 -0.000000 -0.000000 
0.219347 68.685059 110.724838 -0.285095 9.949105 -3.536945 -0.000001 3.962386 -0.274314 2.603319 -0.672811 2.332733 0.000001 14.122135 -0.320022 1.656092 -2.278673 0.845950 0.000000 11.399152 -0.365733 -2.923703 -2.285056 0.251910 0.000000 9.938174 -0.411431 -3.367573 -1.151239 -0.983951 -0.000000 8.579116 0.114201 -1.349393 -3.841517 0.310223 0.000000 25.089088 0.333908 -0.000000 0.000000 -0.000000 4.224101 8.888440 -0.424614 8.280039 -20.929231 3.137780 1.625316 4.497742 -76.980269 0.000011 -36.305099 0.000006 19.884209 -19.957143 5.430811 2.354134 -1.272457 1.802822 28.897513 8.894104 20.768607 1.999429 -1.154373 1.154374 -8.690638 18.041873 -12.337710 2.113314 -1.220119 1.220122 7.946593 -11.221933 1.406953 1.744290 -1.007034 1.007056 -0.000001 -0.000000 -0.000003 7.198479 -0.169237 1.742685 0.321249 3.500377 3.987061 2.844903 -0.000006 -0.000001 0.265683 2.465269 -16.816388 2.665505 -0.000019 0.000002 -0.020309 0.178482 -3.850820 2.297409 -0.000006 -0.000012 0.000000 0.000001 0.000000 6.876539 -0.000006 -0.000005 0.605069 7.624338 -16.487696 3.256827 0.000016 -0.000001 0.612746 3.443009 -27.102869 3.177892 -0.000010 -0.000002 0.271804 1.846630 -15.987009 2.695116 -0.000016 -0.000006 0.000000 0.000002 0.000003 6.623896 -0.059441 -1.696965 0.876768 8.006425 -34.399681 2.957999 -0.000007 0.000004 0.422035 2.000717 -17.172535 2.756902 0.000009 0.000002 0.298778 1.211759 -12.585002 2.334610 0.000011 0.000001 -0.000001 -0.000001 -0.000000 6.046968 -0.139187 -3.244340 3.587798 13.517598 -31.386116 2.623707 0.000009 0.000000 0.487203 2.680653 -29.100803 2.132117 0.000004 -0.000007 0.074785 1.530304 -6.724068 1.793219 0.000012 0.000000 -0.000003 -0.000001 0.000001 -4.224098 8.888414 -0.398196 -0.855008 5.246475 5.396786 22.093493 -2.727992 73.794723 -0.000020 32.516779 -0.000006 25.457271 8.380624 4.049675 -2.342537 -1.287619 1.805307 12.593951 -8.153694 -17.222421 -1.998870 -1.154047 1.154042 6.064830 -5.313234 -13.324095 -2.115646 -1.221473 1.221462 -13.753601 7.447206 9.069843 -1.745166 -1.007569 1.007566 -0.000001 -0.000011 -0.000001 -7.289624 -0.160562 1.788520 -0.934042 0.803122 10.773192 -2.816291 -0.000008 -0.000007 0.637324 -3.394051 26.746406 -2.639583 -0.000007 0.000007 -0.167847 -0.590567 17.433254 -2.241501 -0.000006 0.000014 0.000002 0.000002 0.000000 -7.060412 0.000008 0.000006 0.839964 -8.113515 23.112375 -3.340207 0.000003 0.000000 1.181246 -4.370036 38.023544 -3.056704 -0.000003 -0.000003 0.821945 -3.075371 31.081739 -2.639474 0.000000 -0.000009 -0.000001 0.000002 0.000000 -6.774590 0.049798 -1.636027 1.275984 -8.669401 41.005676 -2.923900 -0.000001 0.000013 0.713385 -2.594916 23.801116 -2.718001 -0.000011 0.000003 -0.130790 -0.209827 20.215118 -2.379610 0.000000 0.000009 -0.000000 -0.000001 0.000001 -6.148537 -0.175708 -3.130186 2.500283 -10.281923 45.253060 -2.627893 -0.000005 -0.000008 1.612578 -4.332255 49.089683 -2.122490 0.000017 -0.000005 -0.378858 -2.603567 43.266790 -1.792002 0.000002 0.000002 0.000001 -0.000002 -0.000001 7.556999 -4.826313 0.300478 -28.471184 -0.342211 1.304119 0.315534 -24.058294 0.537043 67.064323 2.618833 7.077238 -0.315537 -33.061478 0.084927 4.493386 0.182786 -0.860744 0.092046 -7.483318 10.511632 -5.994857 0.425113 -5.474219 0.082184 -0.046741 6.420124 -0.000001 -0.000000 0.000000 -7.557003 -4.826306 0.300484 -4.101856 -12.101552 9.621857 -0.315557 -24.058256 0.712181 12.317594 1.831905 -1.835713 0.315562 -33.061462 0.096916 -7.148552 -5.093193 -4.973681 -0.092060 -7.483411 10.296527 -2.773197 -0.000002 -0.000001 -0.082208 -0.046777 6.411405 -0.000000 -0.000000 -0.000000 
0.219347 68.685059 110.724838 -0.285095 9.949105 -3.536945 -0.000001 3.962386 -0.274314 2.603319 -0.672811 2.332733 0.000001 14.122135 -0.320022 1.656092 -2.278673 0.845950 0.000000 11.399152 -0.365733 -2.923703 -2.285056 0.251910 0.000000 9.938174 -0.411431 -3.367573 -1.151239 -0.983951 -0.000000 8.579116 0.114201 -1.349393 -3.841517 0.310223 0.000000 25.089088 0.333908 -0.000000 0.000000 -0.000000 4.224101 8.888440 -0.424614 8.280039 -20.929231 3.137780 1.625316 4.497742 -76.980269 0.000011 -36.305099 0.000006 19.884209 -19.957143 5.430811 2.354134 -1.272457 1.802822 28.897513 8.894104 20.768607 1.999429 -1.154373 1.154374 -8.690638 18.041873 -12.337710 2.113314 -1.220119 1.220122 7.946593 -11.221933 1.406953 1.744290 -1.007034 1.007056 -0.000001 -0.000000 -0.000003 7.198479 -0.169237 1.742685 0.321249 3.500377 3.987061 2.844903 -0.000006 -0.000001 0.265683 2.465269 -16.816388 2.665505 -0.000019 0.000002 -0.020309 0.178482 -3.850820 2.297409 -0.000006 -0.000012 0.000000 0.000001 0.000000 6.876539 -0.000006 -0.000005 0.605069 7.624338 -16.487696 3.256827 0.000016 -0.000001 0.612746 3.443009 -27.102869 3.177892 -0.000010 -0.000002 0.271804 1.846630 -15.987009 2.695116 -0.000016 -0.000006 0.000000 0.000002 0.000003 6.623896 -0.059441 -1.696965 0.876768 8.006425 -34.399681 2.957999 -0.000007 0.000004 0.422035 2.000717 -17.172535 2.756902 0.000009 0.000002 0.298778 1.211759 -12.585002 2.334610 0.000011 0.000001 -0.000001 -0.000001 -0.000000 6.046968 -0.139187 -3.244340 3.587798 13.517598 -31.386116 2.623707 0.000009 0.000000 0.487203 2.680653 -29.100803 2.132117 0.000004 -0.000007 0.074785 1.530304 -6.724068 1.793219 0.000012 0.000000 -0.000003 -0.000001 0.000001 -4.224098 8.888414 -0.398196 -0.855008 5.246475 5.396786 22.093493 -2.727992 73.794723 -0.000020 32.516779 -0.000006 25.457271 8.380624 4.049675 -2.342537 -1.287619 1.805307 12.593951 -8.153694 -17.222421 -1.998870 -1.154047 1.154042 6.064830 -5.313234 -13.324095 -2.115646 -1.221473 1.221462 -13.753601 7.447206 9.069843 -1.745166 -1.007569 1.007566 -0.000001 -0.000011 -0.000001 -7.289624 -0.160562 1.788520 -0.934042 0.803122 10.773192 -2.816291 -0.000008 -0.000007 0.637324 -3.394051 26.746406 -2.639583 -0.000007 0.000007 -0.167847 -0.590567 17.433254 -2.241501 -0.000006 0.000014 0.000002 0.000002 0.000000 -7.060412 0.000008 0.000006 0.839964 -8.113515 23.112375 -3.340207 0.000003 0.000000 1.181246 -4.370036 38.023544 -3.056704 -0.000003 -0.000003 0.821945 -3.075371 31.081739 -2.639474 0.000000 -0.000009 -0.000001 0.000002 0.000000 -6.774590 0.049798 -1.636027 1.275984 -8.669401 41.005676 -2.923900 -0.000001 0.000013 0.713385 -2.594916 23.801116 -2.718001 -0.000011 0.000003 -0.130790 -0.209827 20.215118 -2.379610 0.000000 0.000009 -0.000000 -0.000001 0.000001 -6.148537 -0.175708 -3.130186 2.500283 -10.281923 45.253060 -2.627893 -0.000005 -0.000008 1.612578 -4.332255 49.089683 -2.122490 0.000017 -0.000005 -0.378858 -2.603567 43.266790 -1.792002 0.000002 0.000002 0.000001 -0.000002 -0.000001 7.556999 -4.826313 0.300478 -28.471184 -0.342211 1.304119 0.315534 -24.058294 0.537043 67.064323 2.618833 7.077238 -0.315537 -33.061478 0.084927 4.493386 0.182786 -0.860744 0.092046 -7.483318 10.511632 -5.994857 0.425113 -5.474219 0.082184 -0.046741 6.420124 -0.000001 -0.000000 0.000000 -7.557003 -4.826306 0.300484 -4.101856 -12.101552 9.621857 -0.315557 -24.058256 0.712181 12.317594 1.831905 -1.835713 0.315562 -33.061462 0.096916 -7.148552 -5.093193 -4.973681 -0.092060 -7.483411 10.296527 -2.773197 -0.000002 -0.000001 -0.082208 -0.046777 6.411405 -0.000000 -0.000000 -0.000000 
0.219347 68.685059 110.724838 -0.285095 9.949105 -3.536945 -0.000001 3.962386 -0.274314 2.603319 -0.672811 2.332733 0.000001 14.122135 -0.320022 1.656092 -2.278673 0.845950 0.000000 11.399152 -0.365733 -2.923703 -2.285056 0.251910 0.000000 9.938174 -0.411431 -3.367573 -1.151239 -0.983951 -0.000000 8.579116 0.114201 -1.349393 -3.841517 0.310223 0.000000 25.089088 0.333908 -0.000000 0.000000 -0.000000 4.224101 8.888440 -0.424614 8.280039 -20.929231 3.137780 1.625316 4.497742 -76.980269 0.000011 -36.305099 0.000006 19.884209 -19.957143 5.430811 2.354134 -1.272457 1.802822 28.897513 8.894104 20.768607 1.999429 -1.154373 1.154374 -8.690638 18.041873 -12.337710 2.113314 -1.220119 1.220122 7.946593 -11.221933 1.406953 1.744290 -1.007034 1.007056 -0.000001 -0.000000 -0.000003 7.198479 -0.169237 1.742685 0.321249 3.500377 3.987061 2.844903 -0.000006 -0.000001 0.265683 2.465269 -16.816388 2.665505 -0.000019 0.000002 -0.020309 0.178482 -3.850820 2.297409 -0.000006 -0.000012 0.000000 0.000001 0.000000 6.876539 -0.000006 -0.000005 0.605069 7.624338 -16.487696 3.256827 0.000016 -0.000001 0.612746 3.443009 -27.102869 3.177892 -0.000010 -0.000002 0.271804 1.846630 -15.987009 2.695116 -0.000016 -0.000006 0.000000 0.000002 0.000003 6.623896 -0.059441 -1.696965 0.876768 8.006425 -34.399681 2.957999 -0.000007 0.000004 0.422035 2.000717 -17.172535 2.756902 0.000009 0.000002 0.298778 1.211759 -12.585002 2.334610 0.000011 0.000001 -0.000001 -0.000001 -0.000000 6.046968 -0.139187 -3.244340 3.587798 13.517598 -31.386116 2.623707 0.000009 0.000000 0.487203 2.680653 -29.100803 2.132117 0.000004 -0.000007 0.074785 1.530304 -6.724068 1.793219 0.000012 0.000000 -0.000003 -0.000001 0.000001 -4.224098 8.888414 -0.398196 -0.855008 5.246475 5.396786 22.093493 -2.727992 73.794723 -0.000020 32.516779 -0.000006 25.457271 8.380624 4.049675 -2.342537 -1.287619 1.805307 12.593951 -8.153694 -17.222421 -1.998870 -1.154047 1.154042 6.064830 -5.313234 -13.324095 -2.115646 -1.221473 1.221462 -13.753601 7.447206 9.069843 -1.745166 -1.007569 1.007566 -0.000001 -0.000011 -0.000001 -7.289624 -0.160562 1.788520 -0.934042 0.803122 10.773192 -2.816291 -0.000008 -0.000007 0.637324 -3.394051 26.746406 -2.639583 -0.000007 0.000007 -0.167847 -0.590567 17.433254 -2.241501 -0.000006 0.000014 0.000002 0.000002 0.000000 -7.060412 0.000008 0.000006 0.839964 -8.113515 23.112375 -3.340207 0.000003 0.000000 1.181246 -4.370036 38.023544 -3.056704 -0.000003 -0.000003 0.821945 -3.075371 31.081739 -2.639474 0.000000 -0.000009 -0.000001 0.000002 0.000000 -6.774590 0.049798 -1.636027 1.275984 -8.669401 41.005676 -2.923900 -0.000001 0.000013 0.713385 -2.594916 23.801116 -2.718001 -0.000011 0.000003 -0.130790 -0.209827 20.215118 -2.379610 0.000000 0.000009 -0.000000 -0.000001 0.000001 -6.148537 -0.175708 -3.130186 2.500283 -10.281923 45.253060 -2.627893 -0.000005 -0.000008 1.612578 -4.332255 49.089683 -2.122490 0.000017 -0.000005 -0.378858 -2.603567 43.266790 -1.792002 0.000002 0.000002 0.000001 -0.000002 -0.000001 7.556999 -4.826313 0.300478 -28.471184 -0.342211 1.304119 0.315534 -24.058294 0.537043 67.064323 2.618833 7.077238 -0.315537 -33.061478 0.084927 4.493386 0.182786 -0.860744 0.092046 -7.483318 10.511632 -5.994857 0.425113 -5.474219 0.082184 -0.046741 6.420124 -0.000001 -0.000000 0.000000 -7.557003 -4.826306 0.300484 -4.101856 -12.101552 9.621857 -0.315557 -24.058256 0.712181 12.317594 1.831905 -1.835713 0.315562 -33.061462 0.096916 -7.148552 -5.093193 -4.973681 -0.092060 -7.483411 10.296527 -2.773197 -0.000002 -0.000001 -0.082208 -0.046777 6.411405 -0.000000 -0.000000 -0.000000 
0.219347 68.685059 110.724838 -0.285095 9.949105 -3.536945 -0.000001 3.962386 -0.274314 2.603319 -0.672811 2.332733 0.000001 14.122135 -0.320022 1.656092 -2.278673 0.845950 0.000000 11.399152 -0.365733 -2.923703 -2.285056 0.251910 0.000000 9.938174 -0.411431 -3.367573 -1.151239 -0.983951 -0.000000 8.579116 0.114201 -1.349393 -3.841517 0.310223 0.000000 25.089088 0.333908 -0.000000 0.000000 -0.000000 4.224101 8.888440 -0.424614 8.280039 -20.929231 3.137780 1.625316 4.497742 -76.980269 0.000011 -36.305099 0.000006 19.884209 -19.957143 5.430811 2.354134 -1.272457 1.802822 28.897513 8.894104 20.768607 1.999429 -1.154373 1.154374 -8.690638 18.041873 -12.337710 2.113314 -1.220119 1.220122 7.946593 -11.221933 1.406953 1.744290 -1.007034 1.007056 -0.000001 -0.000000 -0.000003 7.198479 -0.169237 1.742685 0.321249 3.500377 3.987061 2.844903 -0.000006 -0.000001 0.265683 2.465269 -16.816388 2.665505 -0.000019 0.000002 -0.020309 0.178482 -3.850820 2.297409 -0.000006 -0.000012 0.000000 0.000001 0.000000 6.876539 -0.000006 -0.000005 0.605069 7.624338 -16.487696 3.256827 0.000016 -0.000001 0.612746 3.443009 -27.102869 3.177892 -0.000010 -0.000002 0.271804 1.846630 -15.987009 2.695116 -0.000016 -0.000006 0.000000 0.000002 0.000003 6.623896 -0.059441 -1.696965 0.876768 8.006425 -34.399681 2.957999 -0.000007 0.000004 0.422035 2.000717 -17.172535 2.756902 0.000009 0.000002 0.298778 1.211759 -12.585002 2.334610 0.000011 0.000001 -0.000001 -0.000001 -0.000000 6.046968 -0.139187 -3.244340 3.587798 13.517598 -31.386116 2.623707 0.000009 0.000000 0.487203 2.680653 -29.100803 2.132117 0.000004 -0.000007 0.074785 1.530304 -6.724068 1.793219 0.000012 0.000000 -0.000003 -0.000001 0.000001 -4.224098 8.888414 -0.398196 -0.855008 5.246475 5.396786 22.093493 -2.727992 73.794723 -0.000020 32.516779 -0.000006 25.457271 8.380624 4.049675 -2.342537 -1.287619 1.805307 12.593951 -8.153694 -17.222421 -1.998870 -1.154047 1.154042 6.064830 -5.313234 -13.324095 -2.115646 -1.221473 1.221462 -13.753601 7.447206 9.069843 -1.745166 -1.007569 1.007566 -0.000001 -0.000011 -0.000001 -7.289624 -0.160562 1.788520 -0.934042 0.803122 10.773192 -2.816291 -0.000008 -0.000007 0.637324 -3.394051 26.746406 -2.639583 -0.000007 0.000007 -0.167847 -0.590567 17.433254 -2.241501 -0.000006 0.000014 0.000002 0.000002 0.000000 -7.060412 0.000008 0.000006 0.839964 -8.113515 23.112375 -3.340207 0.000003 0.000000 1.181246 -4.370036 38.023544 -3.056704 -0.000003 -0.000003 0.821945 -3.075371 31.081739 -2.639474 0.000000 -0.000009 -0.000001 0.000002 0.000000 -6.774590 0.049798 -1.636027 1.275984 -8.669401 41.005676 -2.923900 -0.000001 0.000013 0.713385 -2.594916 23.801116 -2.718001 -0.000011 0.000003 -0.130790 -0.209827 20.215118 -2.379610 0.000000 0.000009 -0.000000 -0.000001 0.000001 -6.148537 -0.175708 -3.130186 2.500283 -10.281923 45.253060 -2.627893 -0.000005 -0.000008 1.612578 -4.332255 49.089683 -2.122490 0.000017 -0.000005 -0.378858 -2.603567 43.266790 -1.792002 0.000002 0.000002 0.000001 -0.000002 -0.000001 7.556999 -4.826313 0.300478 -28.471184 -0.342211 1.304119 0.315534 -24.058294 0.537043 67.064323 2.618833 7.077238 -0.315537 -33.061478 0.084927 4.493386 0.182786 -0.860744 0.092046 -7.483318 10.511632 -5.994857 0.425113 -5.474219 0.082184 -0.046741 6.420124 -0.000001 -0.000000 0.000000 -7.557003 -4.826306 0.300484 -4.101856 -12.101552 9.621857 -0.315557 -24.058256 0.712181 12.317594 1.831905 -1.835713 0.315562 -33.061462 0.096916 -7.148552 -5.093193 -4.973681 -0.092060 -7.483411 10.296527 -2.773197 -0.000002 -0.000001 -0.082208 -0.046777 6.411405 -0.000000 -0.000000 -0.000000 
0.219347 68.685059 110.724838 -0.285095 9.949105 -3.536945 -0.000001 3.962386 -0.274314 2.603319 -0.672811 2.332733 0.000001 14.122135 -0.320022 1.656092 -2.278673 0.845950 0.000000 11.399152 -0.365733 -2.923703 -2.285056 0.251910 0.000000 9.938174 -0.411431 -3.367573 -1.151239 -0.983951 -0.000000 8.579116 0.114201 -1.349393 -3.841517 0.310223 0.000000 25.089088 0.333908 -0.000000 0.000000 -0.000000 4.224101 8.888440 -0.424614 8.280039 -20.929231 3.137780 1.625316 4.497742 -76.980269 0.000011 -36.305099 0.000006 19.884209 -19.957143 5.430811 2.354134 -1.272457 1.802822 28.897513 8.894104 20.768607 1.999429 -1.154373 1.154374 -8.690638 18.041873 -12.337710 2.113314 -1.220119 1.220122 7.946593 -11.221933 1.406953 1.744290 -1.007034 1.007056 -0.000001 -0.000000 -0.000003 7.198479 -0.169237 1.742685 0.321249 3.500377 3.987061 2.844903 -0.000006 -0.000001 0.265683 2.465269 -16.816388 2.665505 -0.000019 0.000002 -0.020309 0.178482 -3.850820 2.297409 -0.000006 -0.000012 0.000000 0.000001 0.000000 6.876539 -0.000006 -0.000005 0.605069 7.624338 -16.487696 3.256827 0.000016 -0.000001 0.612746 3.443009 -27.102869 3.177892 -0.000010 -0.000002 0.271804 1.846630 -15.987009 2.695116 -0.000016 -0.000006 0.000000 0.000002 0.000003 6.623896 -0.059441 -1.696965 0.876768 8.006425 -34.399681 2.957999 -0.000007 0.000004 0.422035 2.000717 -17.172535 2.756902 0.000009 0.000002 0.298778 1.211759 -12.585002 2.334610 0.000011 0.000001 -0.000001 -0.000001 -0.000000 6.046968 -0.139187 -3.244340 3.587798 13.517598 -31.386116 2.623707 0.000009 0.000000 0.487203 2.680653 -29.100803 2.132117 0.000004 -0.000007 0.074785 1.530304 -6.724068 1.793219 0.000012 0.000000 -0.000003 -0.000001 0.000001 -4.224098 8.888414 -0.398196 -0.855008 5.246475 5.396786 22.093493 -2.727992 73.794723 -0.000020 32.516779 -0.000006 25.457271 8.380624 4.049675 -2.342537 -1.287619 1.805307 12.593951 -8.153694 -17.222421 -1.998870 -1.154047 1.154042 6.064830 -5.313234 -13.324095 -2.115646 -1.221473 1.221462 -13.753601 7.447206 9.069843 -1.745166 -1.007569 1.007566 -0.000001 -0.000011 -0.000001 -7.289624 -0.160562 1.788520 -0.934042 0.803122 10.773192 -2.816291 -0.000008 -0.000007 0.637324 -3.394051 26.746406 -2.639583 -0.000007 0.000007 -0.167847 -0.590567 17.433254 -2.241501 -0.000006 0.000014 0.000002 0.000002 0.000000 -7.060412 0.000008 0.000006 0.839964 -8.113515 23.112375 -3.340207 0.000003 0.000000 1.181246 -4.370036 38.023544 -3.056704 -0.000003 -0.000003 0.821945 -3.075371 31.081739 -2.639474 0.000000 -0.000009 -0.000001 0.000002 0.000000 -6.774590 0.049798 -1.636027 1.275984 -8.669401 41.005676 -2.923900 -0.000001 0.000013 0.713385 -2.594916 23.801116 -2.718001 -0.000011 0.000003 -0.130790 -0.209827 20.215118 -2.379610 0.000000 0.000009 -0.000000 -0.000001 0.000001 -6.148537 -0.175708 -3.130186 2.500283 -10.281923 45.253060 -2.627893 -0.000005 -0.000008 1.612578 -4.332255 49.089683 -2.122490 0.000017 -0.000005 -0.378858 -2.603567 43.266790 -1.792002 0.000002 0.000002 0.000001 -0.000002 -0.000001 7.556999 -4.826313 0.300478 -28.471184 -0.342211 1.304119 0.315534 -24.058294 0.537043 67.064323 2.618833 7.077238 -0.315537 -33.061478 0.084927 4.493386 0.182786 -0.860744 0.092046 -7.483318 10.511632 -5.994857 0.425113 -5.474219 0.082184 -0.046741 6.420124 -0.000001 -0.000000 0.000000 -7.557003 -4.826306 0.300484 -4.101856 -12.101552 9.621857 -0.315557 -24.058256 0.712181 12.317594 1.831905 -1.835713 0.315562 -33.061462 0.096916 -7.148552 -5.093193 -4.973681 -0.092060 -7.483411 10.296527 -2.773197 -0.000002 -0.000001 -0.082208 -0.046777 6.411405 -0.000000 -0.000000 -0.000000 
0.219347 68.685059 110.724838 -0.285095 9.949105 -3.536945 -0.000001 3.962386 -0.274314 2.603319 -0.672811 2.332733 0.000001 14.122135 -0.320022 1.656092 -2.278673 0.845950 0.000000 11.399152 -0.365733 -2.923703 -2.285056 0.251910 0.000000 9.938174 -0.411431 -3.367573 -1.151239 -0.983951 -0.000000 8.579116 0.114201 -1.349393 -3.841517 0.310223 0.000000 25.089088 0.333908 -0.000000 0.000000 -0.000000 4.224101 8.888440 -0.424614 8.280039 -20.929231 3.137780 1.625316 4.497742 -76.980269 0.000011 -36.305099 0.000006 19.884209 -19.957143 5.430811 2.354134 -1.272457 1.802822 28.897513 8.894104 20.768607 1.999429 -1.154373 1.154374 -8.690638 18.041873 -12.337710 2.113314 -1.220119 1.220122 7.946593 -11.221933 1.406953 1.744290 -1.007034 1.007056 -0.000001 -0.000000 -0.000003 7.198479 -0.169237 1.742685 0.321249 3.500377 3.987061 2.844903 -0.000006 -0.000001 0.265683 2.465269 -16.816388 2.665505 -0.000019 0.000002 -0.020309 0.178482 -3.850820 2.297409 -0.000006 -0.000012 0.000000 0.000001 0.000000 6.876539 -0.000006 -0.000005 0.605069 7.624338 -16.487696 3.256827 0.000016 -0.000001 0.612746 3.443009 -27.102869 3.177892 -0.000010 -0.000002 0.271804 1.846630 -15.987009 2.695116 -0.000016 -0.000006 0.000000 0.000002 0.000003 6.623896 -0.059441 -1.696965 0.876768 8.006425 -34.399681 2.957999 -0.000007 0.000004 0.422035 2.000717 -17.172535 2.756902 0.000009 0.000002 0.298778 1.211759 -12.585002 2.334610 0.000011 0.000001 -0.000001 -0.000001 -0.000000 6.046968 -0.139187 -3.244340 3.587798 13.517598 -31.386116 2.623707 0.000009 0.000000 0.487203 2.680653 -29.100803 2.132117 0.000004 -0.000007 0.074785 1.530304 -6.724068 1.793219 0.000012 0.000000 -0.000003 -0.000001 0.000001 -4.224098 8.888414 -0.398196 -0.855008 5.246475 5.396786 22.093493 -2.727992 73.794723 -0.000020 32.516779 -0.000006 25.457271 8.380624 4.049675 -2.342537 -1.287619 1.805307 12.593951 -8.153694 -17.222421 -1.998870 -1.154047 1.154042 6.064830 -5.313234 -13.324095 -2.115646 -1.221473 1.221462 -13.753601 7.447206 9.069843 -1.745166 -1.007569 1.007566 -0.000001 -0.000011 -0.000001 -7.289624 -0.160562 1.788520 -0.934042 0.803122 10.773192 -2.816291 -0.000008 -0.000007 0.637324 -3.394051 26.746406 -2.639583 -0.000007 0.000007 -0.167847 -0.590567 17.433254 -2.241501 -0.000006 0.000014 0.000002 0.000002 0.000000 -7.060412 0.000008 0.000006 0.839964 -8.113515 23.112375 -3.340207 0.000003 0.000000 1.181246 -4.370036 38.023544 -3.056704 -0.000003 -0.000003 0.821945 -3.075371 31.081739 -2.639474 0.000000 -0.000009 -0.000001 0.000002 0.000000 -6.774590 0.049798 -1.636027 1.275984 -8.669401 41.005676 -2.923900 -0.000001 0.000013 0.713385 -2.594916 23.801116 -2.718001 -0.000011 0.000003 -0.130790 -0.209827 20.215118 -2.379610 0.000000 0.000009 -0.000000 -0.000001 0.000001 -6.148537 -0.175708 -3.130186 2.500283 -10.281923 45.253060 -2.627893 -0.000005 -0.000008 1.612578 -4.332255 49.089683 -2.122490 0.000017 -0.000005 -0.378858 -2.603567 43.266790 -1.792002 0.000002 0.000002 0.000001 -0.000002 -0.000001 7.556999 -4.826313 0.300478 -28.471184 -0.342211 1.304119 0.315534 -24.058294 0.537043 67.064323 2.618833 7.077238 -0.315537 -33.061478 0.084927 4.493386 0.182786 -0.860744 0.092046 -7.483318 10.511632 -5.994857 0.425113 -5.474219 0.082184 -0.046741 6.420124 -0.000001 -0.000000 0.000000 -7.557003 -4.826306 0.300484 -4.101856 -12.101552 9.621857 -0.315557 -24.058256 0.712181 12.317594 1.831905 -1.835713 0.315562 -33.061462 0.096916 -7.148552 -5.093193 -4.973681 -0.092060 -7.483411 10.296527 -2.773197 -0.000002 -0.000001 -0.082208 -0.046777 6.411405 -0.000000 -0.000000 -0.000000 
0.219347 68.685059 110.724838 -0.285095 9.949105 -3.536945 -0.000001 3.962386 -0.274314 2.603319 -0.672811 2.332733 0.000001 14.122135 -0.320022 1.656092 -2.278673 0.845950 0.000000 11.399152 -0.365733 -2.923703 -2.285056 0.251910 0.000000 9.938174 -0.411431 -3.367573 -1.151239 -0.983951 -0.000000 8.579116 0.114201 -1.349393 -3.841517 0.310223 0.000000 25.089088 0.333908 -0.000000 0.000000 -0.000000 4.224101 8.888440 -0.424614 8.280039 -20.929231 3.137780 1.625316 4.497742 -76.980269 0.000011 -36.305099 0.000006 19.884209 -19.957143 5.430811 2.354134 -1.272457 1.802822 28.897513 8.894104 20.768607 1.999429 -1.154373 1.154374 -8.690638 18.041873 -12.337710 2.113314 -1.220119 1.220122 7.946593 -11.221933 1.406953 1.744290 -1.007034 1.007056 -0.000001 -0.000000 -0.000003 7.198479 -0.169237 1.742685 0.321249 3.500377 3.987061 2.844903 -0.000006 -0.000001 0.265683 2.465269 -16.816388 2.665505 -0.000019 0.000002 -0.020309 0.178482 -3.850820 2.297409 -0.000006 -0.000012 0.000000 0.000001 0.000000 6.876539 -0.000006 -0.000005 0.605069 7.624338 -16.487696 3.256827 0.000016 -0.000001 0.612746 3.443009 -27.102869 3.177892 -0.000010 -0.000002 0.271804 1.846630 -15.987009 2.695116 -0.000016 -0.000006 0.000000 0.000002 0.000003 6.623896 -0.059441 -1.696965 0.876768 8.006425 -34.399681 2.957999 -0.000007 0.000004 0.422035 2.000717 -17.172535 2.756902 0.000009 0.000002 0.298778 1.211759 -12.585002 2.334610 0.000011 0.000001 -0.000001 -0.000001 -0.000000 6.046968 -0.139187 -3.244340 3.587798 13.517598 -31.386116 2.623707 0.000009 0.000000 0.487203 2.680653 -29.100803 2.132117 0.000004 -0.000007 0.074785 1.530304 -6.724068 1.793219 0.000012 0.000000 -0.000003 -0.000001 0.000001 -4.224098 8.888414 -0.398196 -0.855008 5.246475 5.396786 22.093493 -2.727992 73.794723 -0.000020 32.516779 -0.000006 25.457271 8.380624 4.049675 -2.342537 -1.287619 1.805307 12.593951 -8.153694 -17.222421 -1.998870 -1.154047 1.154042 6.064830 -5.313234 -13.324095 -2.115646 -1.221473 1.221462 -13.753601 7.447206 9.069843 -1.745166 -1.007569 1.007566 -0.000001 -0.000011 -0.000001 -7.289624 -0.160562 1.788520 -0.934042 0.803122 10.773192 -2.816291 -0.000008 -0.000007 0.637324 -3.394051 26.746406 -2.639583 -0.000007 0.000007 -0.167847 -0.590567 17.433254 -2.241501 -0.000006 0.000014 0.000002 0.000002 0.000000 -7.060412 0.000008 0.000006 0.839964 -8.113515 23.112375 -3.340207 0.000003 0.000000 1.181246 -4.370036 38.023544 -3.056704 -0.000003 -0.000003 0.821945 -3.075371 31.081739 -2.639474 0.000000 -0.000009 -0.000001 0.000002 0.000000 -6.774590 0.049798 -1.636027 1.275984 -8.669401 41.005676 -2.923900 -0.000001 0.000013 0.713385 -2.594916 23.801116 -2.718001 -0.000011 0.000003 -0.130790 -0.209827 20.215118 -2.379610 0.000000 0.000009 -0.000000 -0.000001 0.000001 -6.148537 -0.175708 -3.130186 2.500283 -10.281923 45.253060 -2.627893 -0.000005 -0.000008 1.612578 -4.332255 49.089683 -2.122490 0.000017 -0.000005 -0.378858 -2.603567 43.266790 -1.792002 0.000002 0.000002 0.000001 -0.000002 -0.000001 7.556999 -4.826313 0.300478 -28.471184 -0.342211 1.304119 0.315534 -24.058294 0.537043 67.064323 2.618833 7.077238 -0.315537 -33.061478 0.084927 4.493386 0.182786 -0.860744 0.092046 -7.483318 10.511632 -5.994857 0.425113 -5.474219 0.082184 -0.046741 6.420124 -0.000001 -0.000000 0.000000 -7.557003 -4.826306 0.300484 -4.101856 -12.101552 9.621857 -0.315557 -24.058256 0.712181 12.317594 1.831905 -1.835713 0.315562 -33.061462 0.096916 -7.148552 -5.093193 -4.973681 -0.092060 -7.483411 10.296527 -2.773197 -0.000002 -0.000001 -0.082208 -0.046777 6.411405 -0.000000 -0.000000 -0.000000 
0.219347 68.685059 110.724838 -0.285095 9.949105 -3.536945 -0.000001 3.962386 -0.274314 2.603319 -0.672811 2.332733 0.000001 14.122135 -0.320022 1.656092 -2.278673 0.845950 0.000000 11.399152 -0.365733 -2.923703 -2.285056 0.251910 0.000000 9.938174 -0.411431 -3.367573 -1.151239 -0.983951 -0.000000 8.579116 0.114201 -1.349393 -3.841517 0.310223 0.000000 25.089088 0.333908 -0.000000 0.000000 -0.000000 4.224101 8.888440 -0.424614 8.280039 -20.929231 3.137780 1.625316 4.497742 -76.980269 0.000011 -36.305099 0.000006 19.884209 -19.957143 5.430811 2.354134 -1.272457 1.802822 28.897513 8.894104 20.768607 1.999429 -1.154373 1.154374 -8.690638 18.041873 -12.337710 2.113314 -1.220119 1.220122 7.946593 -11.221933 1.406953 1.744290 -1.007034 1.007056 -0.000001 -0.000000 -0.000003 7.198479 -0.169237 1.742685 0.321249 3.500377 3.987061 2.844903 -0.000006 -0.000001 0.265683 2.465269 -16.816388 2.665505 -0.000019 0.000002 -0.020309 0.178482 -3.850820 2.297409 -0.000006 -0.000012 0.000000 0.000001 0.000000 6.876539 -0.000006 -0.000005 0.605069 7.624338 -16.487696 3.256827 0.000016 -0.000001 0.612746 3.443009 -27.102869 3.177892 -0.000010 -0.000002 0.271804 1.846630 -15.987009 2.695116 -0.000016 -0.000006 0.000000 0.000002 0.000003 6.623896 -0.059441 -1.696965 0.876768 8.006425 -34.399681 2.957999 -0.000007 0.000004 0.422035 2.000717 -17.172535 2.756902 0.000009 0.000002 0.298778 1.211759 -12.585002 2.334610 0.000011 0.000001 -0.000001 -0.000001 -0.000000 6.046968 -0.139187 -3.244340 3.587798 13.517598 -31.386116 2.623707 0.000009 0.000000 0.487203 2.680653 -29.100803 2.132117 0.000004 -0.000007 0.074785 1.530304 -6.724068 1.793219 0.000012 0.000000 -0.000003 -0.000001 0.000001 -4.224098 8.888414 -0.398196 -0.855008 5.246475 5.396786 22.093493 -2.727992 73.794723 -0.000020 32.516779 -0.000006 25.457271 8.380624 4.049675 -2.342537 -1.287619 1.805307 12.593951 -8.153694 -17.222421 -1.998870 -1.154047 1.154042 6.064830 -5.313234 -13.324095 -2.115646 -1.221473 1.221462 -13.753601 7.447206 9.069843 -1.745166 -1.007569 1.007566 -0.000001 -0.000011 -0.000001 -7.289624 -0.160562 1.788520 -0.934042 0.803122 10.773192 -2.816291 -0.000008 -0.000007 0.637324 -3.394051 26.746406 -2.639583 -0.000007 0.000007 -0.167847 -0.590567 17.433254 -2.241501 -0.000006 0.000014 0.000002 0.000002 0.000000 -7.060412 0.000008 0.000006 0.839964 -8.113515 23.112375 -3.340207 0.000003 0.000000 1.181246 -4.370036 38.023544 -3.056704 -0.000003 -0.000003 0.821945 -3.075371 31.081739 -2.639474 0.000000 -0.000009 -0.000001 0.000002 0.000000 -6.774590 0.049798 -1.636027 1.275984 -8.669401 41.005676 -2.923900 -0.000001 0.000013 0.713385 -2.594916 23.801116 -2.718001 -0.000011 0.000003 -0.130790 -0.209827 20.215118 -2.379610 0.000000 0.000009 -0.000000 -0.000001 0.000001 -6.148537 -0.175708 -3.130186 2.500283 -10.281923 45.253060 -2.627893 -0.000005 -0.000008 1.612578 -4.332255 49.089683 -2.122490 0.000017 -0.000005 -0.378858 -2.603567 43.266790 -1.792002 0.000002 0.000002 0.000001 -0.000002 -0.000001 7.556999 -4.826313 0.300478 -28.471184 -0.342211 1.304119 0.315534 -24.058294 0.537043 67.064323 2.618833 7.077238 -0.315537 -33.061478 0.084927 4.493386 0.182786 -0.860744 0.092046 -7.483318 10.511632 -5.994857 0.425113 -5.474219 0.082184 -0.046741 6.420124 -0.000001 -0.000000 0.000000 -7.557003 -4.826306 0.300484 -4.101856 -12.101552 9.621857 -0.315557 -24.058256 0.712181 12.317594 1.831905 -1.835713 0.315562 -33.061462 0.096916 -7.148552 -5.093193 -4.973681 -0.092060 -7.483411 10.296527 -2.773197 -0.000002 -0.000001 -0.082208 -0.046777 6.411405 -0.000000 -0.000000 -0.000000 
0.219347 68.685059 110.724838 -0.285095 9.949105 -3.536945 -0.000001 3.962386 -0.274314 2.603319 -0.672811 2.332733 0.000001 14.122135 -0.320022 1.656092 -2.278673 0.845950 0.000000 11.399152 -0.365733 -2.923703 -2.285056 0.251910 0.000000 9.938174 -0.411431 -3.367573 -1.151239 -0.983951 -0.000000 8.579116 0.114201 -1.349393 -3.841517 0.310223 0.000000 25.089088 0.333908 -0.000000 0.000000 -0.000000 4.224101 8.888440 -0.424614 8.280039 -20.929231 3.137780 1.625316 4.497742 -76.980269 0.000011 -36.305099 0.000006 19.884209 -19.957143 5.430811 2.354134 -1.272457 1.802822 28.897513 8.894104 20.768607 1.999429 -1.154373 1.154374 -8.690638 18.041873 -12.337710 2.113314 -1.220119 1.220122 7.946593 -11.221933 1.406953 1.744290 -1.007034 1.007056 -0.000001 -0.000000 -0.000003 7.198479 -0.169237 1.742685 0.321249 3.500377 3.987061 2.844903 -0.000006 -0.000001 0.265683 2.465269 -16.816388 2.665505 -0.000019 0.000002 -0.020309 0.178482 -3.850820 2.297409 -0.000006 -0.000012 0.000000 0.000001 0.000000 6.876539 -0.000006 -0.000005 0.605069 7.624338 -16.487696 3.256827 0.000016 -0.000001 0.612746 3.443009 -27.102869 3.177892 -0.000010 -0.000002 0.271804 1.846630 -15.987009 2.695116 -0.000016 -0.000006 0.000000 0.000002 0.000003 6.623896 -0.059441 -1.696965 0.876768 8.006425 -34.399681 2.957999 -0.000007 0.000004 0.422035 2.000717 -17.172535 2.756902 0.000009 0.000002 0.298778 1.211759 -12.585002 2.334610 0.000011 0.000001 -0.000001 -0.000001 -0.000000 6.046968 -0.139187 -3.244340 3.587798 13.517598 -31.386116 2.623707 0.000009 0.000000 0.487203 2.680653 -29.100803 2.132117 0.000004 -0.000007 0.074785 1.530304 -6.724068 1.793219 0.000012 0.000000 -0.000003 -0.000001 0.000001 -4.224098 8.888414 -0.398196 -0.855008 5.246475 5.396786 22.093493 -2.727992 73.794723 -0.000020 32.516779 -0.000006 25.457271 8.380624 4.049675 -2.342537 -1.287619 1.805307 12.593951 -8.153694 -17.222421 -1.998870 -1.154047 1.154042 6.064830 -5.313234 -13.324095 -2.115646 -1.221473 1.221462 -13.753601 7.447206 9.069843 -1.745166 -1.007569 1.007566 -0.000001 -0.000011 -0.000001 -7.289624 -0.160562 1.788520 -0.934042 0.803122 10.773192 -2.816291 -0.000008 -0.000007 0.637324 -3.394051 26.746406 -2.639583 -0.000007 0.000007 -0.167847 -0.590567 17.433254 -2.241501 -0.000006 0.000014 0.000002 0.000002 0.000000 -7.060412 0.000008 0.000006 0.839964 -8.113515 23.112375 -3.340207 0.000003 0.000000 1.181246 -4.370036 38.023544 -3.056704 -0.000003 -0.000003 0.821945 -3.075371 31.081739 -2.639474 0.000000 -0.000009 -0.000001 0.000002 0.000000 -6.774590 0.049798 -1.636027 1.275984 -8.669401 41.005676 -2.923900 -0.000001 0.000013 0.713385 -2.594916 23.801116 -2.718001 -0.000011 0.000003 -0.130790 -0.209827 20.215118 -2.379610 0.000000 0.000009 -0.000000 -0.000001 0.000001 -6.148537 -0.175708 -3.130186 2.500283 -10.281923 45.253060 -2.627893 -0.000005 -0.000008 1.612578 -4.332255 49.089683 -2.122490 0.000017 -0.000005 -0.378858 -2.603567 43.266790 -1.792002 0.000002 0.000002 0.000001 -0.000002 -0.000001 7.556999 -4.826313 0.300478 -28.471184 -0.342211 1.304119 0.315534 -24.058294 0.537043 67.064323 2.618833 7.077238 -0.315537 -33.061478 0.084927 4.493386 0.182786 -0.860744 0.092046 -7.483318 10.511632 -5.994857 0.425113 -5.474219 0.082184 -0.046741 6.420124 -0.000001 -0.000000 0.000000 -7.557003 -4.826306 0.300484 -4.101856 -12.101552 9.621857 -0.315557 -24.058256 0.712181 12.317594 1.831905 -1.835713 0.315562 -33.061462 0.096916 -7.148552 -5.093193 -4.973681 -0.092060 -7.483411 10.296527 -2.773197 -0.000002 -0.000001 -0.082208 -0.046777 6.411405 -0.000000 -0.000000 -0.000000 
0.219347 68.685059 110.724838 -0.285095 9.949105 -3.536945 -0.000001 3.962386 -0.274314 2.603319 -0.672811 2.332733 0.000001 14.122135 -0.320022 1.656092 -2.278673 0.845950 0.000000 11.399152 -0.365733 -2.923703 -2.285056 0.251910 0.000000 9.938174 -0.411431 -3.367573 -1.151239 -0.983951 -0.000000 8.579116 0.114201 -1.349393 -3.841517 0.310223 0.000000 25.089088 0.333908 -0.000000 0.000000 -0.000000 4.224101 8.888440 -0.424614 8.280039 -20.929231 3.137780 1.625316 4.497742 -76.980269 0.000011 -36.305099 0.000006 19.884209 -19.957143 5.430811 2.354134 -1.272457 1.802822 28.897513 8.894104 20.768607 1.999429 -1.154373 1.154374 -8.690638 18.041873 -12.337710 2.113314 -1.220119 1.220122 7.946593 -11.221933 1.406953 1.744290 -1.007034 1.007056 -0.000001 -0.000000 -0.000003 7.198479 -0.169237 1.742685 0.321249 3.500377 3.987061 2.844903 -0.000006 -0.000001 0.265683 2.465269 -16.816388 2.665505 -0.000019 0.000002 -0.020309 0.178482 -3.850820 2.297409 -0.000006 -0.000012 0.000000 0.000001 0.000000 6.876539 -0.000006 -0.000005 0.605069 7.624338 -16.487696 3.256827 0.000016 -0.000001 0.612746 3.443009 -27.102869 3.177892 -0.000010 -0.000002 0.271804 1.846630 -15.987009 2.695116 -0.000016 -0.000006 0.000000 0.000002 0.000003 6.623896 -0.059441 -1.696965 0.876768 8.006425 -34.399681 2.957999 -0.000007 0.000004 0.422035 2.000717 -17.172535 2.756902 0.000009 0.000002 0.298778 1.211759 -12.585002 2.334610 0.000011 0.000001 -0.000001 -0.000001 -0.000000 6.046968 -0.139187 -3.244340 3.587798 13.517598 -31.386116 2.623707 0.000009 0.000000 0.487203 2.680653 -29.100803 2.132117 0.000004 -0.000007 0.074785 1.530304 -6.724068 1.793219 0.000012 0.000000 -0.000003 -0.000001 0.000001 -4.224098 8.888414 -0.398196 -0.855008 5.246475 5.396786 22.093493 -2.727992 73.794723 -0.000020 32.516779 -0.000006 25.457271 8.380624 4.049675 -2.342537 -1.287619 1.805307 12.593951 -8.153694 -17.222421 -1.998870 -1.154047 1.154042 6.064830 -5.313234 -13.324095 -2.115646 -1.221473 1.221462 -13.753601 7.447206 9.069843 -1.745166 -1.007569 1.007566 -0.000001 -0.000011 -0.000001 -7.289624 -0.160562 1.788520 -0.934042 0.803122 10.773192 -2.816291 -0.000008 -0.000007 0.637324 -3.394051 26.746406 -2.639583 -0.000007 0.000007 -0.167847 -0.590567 17.433254 -2.241501 -0.000006 0.000014 0.000002 0.000002 0.000000 -7.060412 0.000008 0.000006 0.839964 -8.113515 23.112375 -3.340207 0.000003 0.000000 1.181246 -4.370036 38.023544 -3.056704 -0.000003 -0.000003 0.821945 -3.075371 31.081739 -2.639474 0.000000 -0.000009 -0.000001 0.000002 0.000000 -6.774590 0.049798 -1.636027 1.275984 -8.669401 41.005676 -2.923900 -0.000001 0.000013 0.713385 -2.594916 23.801116 -2.718001 -0.000011 0.000003 -0.130790 -0.209827 20.215118 -2.379610 0.000000 0.000009 -0.000000 -0.000001 0.000001 -6.148537 -0.175708 -3.130186 2.500283 -10.281923 45.253060 -2.627893 -0.000005 -0.000008 1.612578 -4.332255 49.089683 -2.122490 0.000017 -0.000005 -0.378858 -2.603567 43.266790 -1.792002 0.000002 0.000002 0.000001 -0.000002 -0.000001 7.556999 -4.826313 0.300478 -28.471184 -0.342211 1.304119 0.315534 -24.058294 0.537043 67.064323 2.618833 7.077238 -0.315537 -33.061478 0.084927 4.493386 0.182786 -0.860744 0.092046 -7.483318 10.511632 -5.994857 0.425113 -5.474219 0.082184 -0.046741 6.420124 -0.000001 -0.000000 0.000000 -7.557003 -4.826306 0.300484 -4.101856 -12.101552 9.621857 -0.315557 -24.058256 0.712181 12.317594 1.831905 -1.835713 0.315562 -33.061462 0.096916 -7.148552 -5.093193 -4.973681 -0.092060 -7.483411 10.296527 -2.773197 -0.000002 -0.000001 -0.082208 -0.046777 6.411405 -0.000000 -0.000000 -0.000000 
0.219347 68.685059 110.724838 -0.285095 9.949105 -3.536945 -0.000001 3.962386 -0.274314 2.603319 -0.672811 2.332733 0.000001 14.122135 -0.320022 1.656092 -2.278673 0.845950 0.000000 11.399152 -0.365733 -2.923703 -2.285056 0.251910 0.000000 9.938174 -0.411431 -3.367573 -1.151239 -0.983951 -0.000000 8.579116 0.114201 -1.349393 -3.841517 0.310223 0.000000 25.089088 0.333908 -0.000000 0.000000 -0.000000 4.224101 8.888440 -0.424614 8.280039 -20.929231 3.137780 1.625316 4.497742 -76.980269 0.000011 -36.305099 0.000006 19.884209 -19.957143 5.430811 2.354134 -1.272457 1.802822 28.897513 8.894104 20.768607 1.999429 -1.154373 1.154374 -8.690638 18.041873 -12.337710 2.113314 -1.220119 1.220122 7.946593 -11.221933 1.406953 1.744290 -1.007034 1.007056 -0.000001 -0.000000 -0.000003 7.198479 -0.169237 1.742685 0.321249 3.500377 3.987061 2.844903 -0.000006 -0.000001 0.265683 2.465269 -16.816388 2.665505 -0.000019 0.000002 -0.020309 0.178482 -3.850820 2.297409 -0.000006 -0.000012 0.000000 0.000001 0.000000 6.876539 -0.000006 -0.000005 0.605069 7.624338 -16.487696 3.256827 0.000016 -0.000001 0.612746 3.443009 -27.102869 3.177892 -0.000010 -0.000002 0.271804 1.846630 -15.987009 2.695116 -0.000016 -0.000006 0.000000 0.000002 0.000003 6.623896 -0.059441 -1.696965 0.876768 8.006425 -34.399681 2.957999 -0.000007 0.000004 0.422035 2.000717 -17.172535 2.756902 0.000009 0.000002 0.298778 1.211759 -12.585002 2.334610 0.000011 0.000001 -0.000001 -0.000001 -0.000000 6.046968 -0.139187 -3.244340 3.587798 13.517598 -31.386116 2.623707 0.000009 0.000000 0.487203 2.680653 -29.100803 2.132117 0.000004 -0.000007 0.074785 1.530304 -6.724068 1.793219 0.000012 0.000000 -0.000003 -0.000001 0.000001 -4.224098 8.888414 -0.398196 -0.855008 5.246475 5.396786 22.093493 -2.727992 73.794723 -0.000020 32.516779 -0.000006 25.457271 8.380624 4.049675 -2.342537 -1.287619 1.805307 12.593951 -8.153694 -17.222421 -1.998870 -1.154047 1.154042 6.064830 -5.313234 -13.324095 -2.115646 -1.221473 1.221462 -13.753601 7.447206 9.069843 -1.745166 -1.007569 1.007566 -0.000001 -0.000011 -0.000001 -7.289624 -0.160562 1.788520 -0.934042 0.803122 10.773192 -2.816291 -0.000008 -0.000007 0.637324 -3.394051 26.746406 -2.639583 -0.000007 0.000007 -0.167847 -0.590567 17.433254 -2.241501 -0.000006 0.000014 0.000002 0.000002 0.000000 -7.060412 0.000008 0.000006 0.839964 -8.113515 23.112375 -3.340207 0.000003 0.000000 1.181246 -4.370036 38.023544 -3.056704 -0.000003 -0.000003 0.821945 -3.075371 31.081739 -2.639474 0.000000 -0.000009 -0.000001 0.000002 0.000000 -6.774590 0.049798 -1.636027 1.275984 -8.669401 41.005676 -2.923900 -0.000001 0.000013 0.713385 -2.594916 23.801116 -2.718001 -0.000011 0.000003 -0.130790 -0.209827 20.215118 -2.379610 0.000000 0.000009 -0.000000 -0.000001 0.000001 -6.148537 -0.175708 -3.130186 2.500283 -10.281923 45.253060 -2.627893 -0.000005 -0.000008 1.612578 -4.332255 49.089683 -2.122490 0.000017 -0.000005 -0.378858 -2.603567 43.266790 -1.792002 0.000002 0.000002 0.000001 -0.000002 -0.000001 7.556999 -4.826313 0.300478 -28.471184 -0.342211 1.304119 0.315534 -24.058294 0.537043 67.064323 2.618833 7.077238 -0.315537 -33.061478 0.084927 4.493386 0.182786 -0.860744 0.092046 -7.483318 10.511632 -5.994857 0.425113 -5.474219 0.082184 -0.046741 6.420124 -0.000001 -0.000000 0.000000 -7.557003 -4.826306 0.300484 -4.101856 -12.101552 9.621857 -0.315557 -24.058256 0.712181 12.317594 1.831905 -1.835713 0.315562 -33.061462 0.096916 -7.148552 -5.093193 -4.973681 -0.092060 -7.483411 10.296527 -2.773197 -0.000002 -0.000001 -0.082208 -0.046777 6.411405 -0.000000 -0.000000 -0.000000 
0.219347 68.685059 110.724838 -0.285095 9.949105 -3.536945 -0.000001 3.962386 -0.274314 2.603319 -0.672811 2.332733 0.000001 14.122135 -0.320022 1.656092 -2.278673 0.845950 0.000000 11.399152 -0.365733 -2.923703 -2.285056 0.251910 0.000000 9.938174 -0.411431 -3.367573 -1.151239 -0.983951 -0.000000 8.579116 0.114201 -1.349393 -3.841517 0.310223 0.000000 25.089088 0.333908 -0.000000 0.000000 -0.000000 4.224101 8.888440 -0.424614 8.280039 -20.929231 3.137780 1.625316 4.497742 -76.980269 0.000011 -36.305099 0.000006 19.884209 -19.957143 5.430811 2.354134 -1.272457 1.802822 28.897513 8.894104 20.768607 1.999429 -1.154373 1.154374 -8.690638 18.041873 -12.337710 2.113314 -1.220119 1.220122 7.946593 -11.221933 1.406953 1.744290 -1.007034 1.007056 -0.000001 -0.000000 -0.000003 7.198479 -0.169237 1.742685 0.321249 3.500377 3.987061 2.844903 -0.000006 -0.000001 0.265683 2.465269 -16.816388 2.665505 -0.000019 0.000002 -0.020309 0.178482 -3.850820 2.297409 -0.000006 -0.000012 0.000000 0.000001 0.000000 6.876539 -0.000006 -0.000005 0.605069 7.624338 -16.487696 3.256827 0.000016 -0.000001 0.612746 3.443009 -27.102869 3.177892 -0.000010 -0.000002 0.271804 1.846630 -15.987009 2.695116 -0.000016 -0.000006 0.000000 0.000002 0.000003 6.623896 -0.059441 -1.696965 0.876768 8.006425 -34.399681 2.957999 -0.000007 0.000004 0.422035 2.000717 -17.172535 2.756902 0.000009 0.000002 0.298778 1.211759 -12.585002 2.334610 0.000011 0.000001 -0.000001 -0.000001 -0.000000 6.046968 -0.139187 -3.244340 3.587798 13.517598 -31.386116 2.623707 0.000009 0.000000 0.487203 2.680653 -29.100803 2.132117 0.000004 -0.000007 0.074785 1.530304 -6.724068 1.793219 0.000012 0.000000 -0.000003 -0.000001 0.000001 -4.224098 8.888414 -0.398196 -0.855008 5.246475 5.396786 22.093493 -2.727992 73.794723 -0.000020 32.516779 -0.000006 25.457271 8.380624 4.049675 -2.342537 -1.287619 1.805307 12.593951 -8.153694 -17.222421 -1.998870 -1.154047 1.154042 6.064830 -5.313234 -13.324095 -2.115646 -1.221473 1.221462 -13.753601 7.447206 9.069843 -1.745166 -1.007569 1.007566 -0.000001 -0.000011 -0.000001 -7.289624 -0.160562 1.788520 -0.934042 0.803122 10.773192 -2.816291 -0.000008 -0.000007 0.637324 -3.394051 26.746406 -2.639583 -0.000007 0.000007 -0.167847 -0.590567 17.433254 -2.241501 -0.000006 0.000014 0.000002 0.000002 0.000000 -7.060412 0.000008 0.000006 0.839964 -8.113515 23.112375 -3.340207 0.000003 0.000000 1.181246 -4.370036 38.023544 -3.056704 -0.000003 -0.000003 0.821945 -3.075371 31.081739 -2.639474 0.000000 -0.000009 -0.000001 0.000002 0.000000 -6.774590 0.049798 -1.636027 1.275984 -8.669401 41.005676 -2.923900 -0.000001 0.000013 0.713385 -2.594916 23.801116 -2.718001 -0.000011 0.000003 -0.130790 -0.209827 20.215118 -2.379610 0.000000 0.000009 -0.000000 -0.000001 0.000001 -6.148537 -0.175708 -3.130186 2.500283 -10.281923 45.253060 -2.627893 -0.000005 -0.000008 1.612578 -4.332255 49.089683 -2.122490 0.000017 -0.000005 -0.378858 -2.603567 43.266790 -1.792002 0.000002 0.000002 0.000001 -0.000002 -0.000001 7.556999 -4.826313 0.300478 -28.471184 -0.342211 1.304119 0.315534 -24.058294 0.537043 67.064323 2.618833 7.077238 -0.315537 -33.061478 0.084927 4.493386 0.182786 -0.860744 0.092046 -7.483318 10.511632 -5.994857 0.425113 -5.474219 0.082184 -0.046741 6.420124 -0.000001 -0.000000 0.000000 -7.557003 -4.826306 0.300484 -4.101856 -12.101552 9.621857 -0.315557 -24.058256 0.712181 12.317594 1.831905 -1.835713 0.315562 -33.061462 0.096916 -7.148552 -5.093193 -4.973681 -0.092060 -7.483411 10.296527 -2.773197 -0.000002 -0.000001 -0.082208 -0.046777 6.411405 -0.000000 -0.000000 -0.000000 
0.219347 68.685059 110.724838 -0.285095 9.949105 -3.536945 -0.000001 3.962386 -0.274314 2.603319 -0.672811 2.332733 0.000001 14.122135 -0.320022 1.656092 -2.278673 0.845950 0.000000 11.399152 -0.365733 -2.923703 -2.285056 0.251910 0.000000 9.938174 -0.411431 -3.367573 -1.151239 -0.983951 -0.000000 8.579116 0.114201 -1.349393 -3.841517 0.310223 0.000000 25.089088 0.333908 -0.000000 0.000000 -0.000000 4.224101 8.888440 -0.424614 8.280039 -20.929231 3.137780 1.625316 4.497742 -76.980269 0.000011 -36.305099 0.000006 19.884209 -19.957143 5.430811 2.354134 -1.272457 1.802822 28.897513 8.894104 20.768607 1.999429 -1.154373 1.154374 -8.690638 18.041873 -12.337710 2.113314 -1.220119 1.220122 7.946593 -11.221933 1.406953 1.744290 -1.007034 1.007056 -0.000001 -0.000000 -0.000003 7.198479 -0.169237 1.742685 0.321249 3.500377 3.987061 2.844903 -0.000006 -0.000001 0.265683 2.465269 -16.816388 2.665505 -0.000019 0.000002 -0.020309 0.178482 -3.850820 2.297409 -0.000006 -0.000012 0.000000 0.000001 0.000000 6.876539 -0.000006 -0.000005 0.605069 7.624338 -16.487696 3.256827 0.000016 -0.000001 0.612746 3.443009 -27.102869 3.177892 -0.000010 -0.000002 0.271804 1.846630 -15.987009 2.695116 -0.000016 -0.000006 0.000000 0.000002 0.000003 6.623896 -0.059441 -1.696965 0.876768 8.006425 -34.399681 2.957999 -0.000007 0.000004 0.422035 2.000717 -17.172535 2.756902 0.000009 0.000002 0.298778 1.211759 -12.585002 2.334610 0.000011 0.000001 -0.000001 -0.000001 -0.000000 6.046968 -0.139187 -3.244340 3.587798 13.517598 -31.386116 2.623707 0.000009 0.000000 0.487203 2.680653 -29.100803 2.132117 0.000004 -0.000007 0.074785 1.530304 -6.724068 1.793219 0.000012 0.000000 -0.000003 -0.000001 0.000001 -4.224098 8.888414 -0.398196 -0.855008 5.246475 5.396786 22.093493 -2.727992 73.794723 -0.000020 32.516779 -0.000006 25.457271 8.380624 4.049675 -2.342537 -1.287619 1.805307 12.593951 -8.153694 -17.222421 -1.998870 -1.154047 1.154042 6.064830 -5.313234 -13.324095 -2.115646 -1.221473 1.221462 -13.753601 7.447206 9.069843 -1.745166 -1.007569 1.007566 -0.000001 -0.000011 -0.000001 -7.289624 -0.160562 1.788520 -0.934042 0.803122 10.773192 -2.816291 -0.000008 -0.000007 0.637324 -3.394051 26.746406 -2.639583 -0.000007 0.000007 -0.167847 -0.590567 17.433254 -2.241501 -0.000006 0.000014 0.000002 0.000002 0.000000 -7.060412 0.000008 0.000006 0.839964 -8.113515 23.112375 -3.340207 0.000003 0.000000 1.181246 -4.370036 38.023544 -3.056704 -0.000003 -0.000003 0.821945 -3.075371 31.081739 -2.639474 0.000000 -0.000009 -0.000001 0.000002 0.000000 -6.774590 0.049798 -1.636027 1.275984 -8.669401 41.005676 -2.923900 -0.000001 0.000013 0.713385 -2.594916 23.801116 -2.718001 -0.000011 0.000003 -0.130790 -0.209827 20.215118 -2.379610 0.000000 0.000009 -0.000000 -0.000001 0.000001 -6.148537 -0.175708 -3.130186 2.500283 -10.281923 45.253060 -2.627893 -0.000005 -0.000008 1.612578 -4.332255 49.089683 -2.122490 0.000017 -0.000005 -0.378858 -2.603567 43.266790 -1.792002 0.000002 0.000002 0.000001 -0.000002 -0.000001 7.556999 -4.826313 0.300478 -28.471184 -0.342211 1.304119 0.315534 -24.058294 0.537043 67.064323 2.618833 7.077238 -0.315537 -33.061478 0.084927 4.493386 0.182786 -0.860744 0.092046 -7.483318 10.511632 -5.994857 0.425113 -5.474219 0.082184 -0.046741 6.420124 -0.000001 -0.000000 0.000000 -7.557003 -4.826306 0.300484 -4.101856 -12.101552 9.621857 -0.315557 -24.058256 0.712181 12.317594 1.831905 -1.835713 0.315562 -33.061462 0.096916 -7.148552 -5.093193 -4.973681 -0.092060 -7.483411 10.296527 -2.773197 -0.000002 -0.000001 -0.082208 -0.046777 6.411405 -0.000000 -0.000000 -0.000000 
0.219347 68.685059 110.724838 -0.285095 9.949105 -3.536945 -0.000001 3.962386 -0.274314 2.603319 -0.672811 2.332733 0.000001 14.122135 -0.320022 1.656092 -2.278673 0.845950 0.000000 11.399152 -0.365733 -2.923703 -2.285056 0.251910 0.000000 9.938174 -0.411431 -3.367573 -1.151239 -0.983951 -0.000000 8.579116 0.114201 -1.349393 -3.841517 0.310223 0.000000 25.089088 0.333908 -0.000000 0.000000 -0.000000 4.224101 8.888440 -0.424614 8.280039 -20.929231 3.137780 1.625316 4.497742 -76.980269 0.000011 -36.305099 0.000006 19.884209 -19.957143 5.430811 2.354134 -1.272457 1.802822 28.897513 8.894104 20.768607 1.999429 -1.154373 1.154374 -8.690638 18.041873 -12.337710 2.113314 -1.220119 1.220122 7.946593 -11.221933 1.406953 1.744290 -1.007034 1.007056 -0.000001 -0.000000 -0.000003 7.198479 -0.169237 1.742685 0.321249 3.500377 3.987061 2.844903 -0.000006 -0.000001 0.265683 2.465269 -16.816388 2.665505 -0.000019 0.000002 -0.020309 0.178482 -3.850820 2.297409 -0.000006 -0.000012 0.000000 0.000001 0.000000 6.876539 -0.000006 -0.000005 0.605069 7.624338 -16.487696 3.256827 0.000016 -0.000001 0.612746 3.443009 -27.102869 3.177892 -0.000010 -0.000002 0.271804 1.846630 -15.987009 2.695116 -0.000016 -0.000006 0.000000 0.000002 0.000003 6.623896 -0.059441 -1.696965 0.876768 8.006425 -34.399681 2.957999 -0.000007 0.000004 0.422035 2.000717 -17.172535 2.756902 0.000009 0.000002 0.298778 1.211759 -12.585002 2.334610 0.000011 0.000001 -0.000001 -0.000001 -0.000000 6.046968 -0.139187 -3.244340 3.587798 13.517598 -31.386116 2.623707 0.000009 0.000000 0.487203 2.680653 -29.100803 2.132117 0.000004 -0.000007 0.074785 1.530304 -6.724068 1.793219 0.000012 0.000000 -0.000003 -0.000001 0.000001 -4.224098 8.888414 -0.398196 -0.855008 5.246475 5.396786 22.093493 -2.727992 73.794723 -0.000020 32.516779 -0.000006 25.457271 8.380624 4.049675 -2.342537 -1.287619 1.805307 12.593951 -8.153694 -17.222421 -1.998870 -1.154047 1.154042 6.064830 -5.313234 -13.324095 -2.115646 -1.221473 1.221462 -13.753601 7.447206 9.069843 -1.745166 -1.007569 1.007566 -0.000001 -0.000011 -0.000001 -7.289624 -0.160562 1.788520 -0.934042 0.803122 10.773192 -2.816291 -0.000008 -0.000007 0.637324 -3.394051 26.746406 -2.639583 -0.000007 0.000007 -0.167847 -0.590567 17.433254 -2.241501 -0.000006 0.000014 0.000002 0.000002 0.000000 -7.060412 0.000008 0.000006 0.839964 -8.113515 23.112375 -3.340207 0.000003 0.000000 1.181246 -4.370036 38.023544 -3.056704 -0.000003 -0.000003 0.821945 -3.075371 31.081739 -2.639474 0.000000 -0.000009 -0.000001 0.000002 0.000000 -6.774590 0.049798 -1.636027 1.275984 -8.669401 41.005676 -2.923900 -0.000001 0.000013 0.713385 -2.594916 23.801116 -2.718001 -0.000011 0.000003 -0.130790 -0.209827 20.215118 -2.379610 0.000000 0.000009 -0.000000 -0.000001 0.000001 -6.148537 -0.175708 -3.130186 2.500283 -10.281923 45.253060 -2.627893 -0.000005 -0.000008 1.612578 -4.332255 49.089683 -2.122490 0.000017 -0.000005 -0.378858 -2.603567 43.266790 -1.792002 0.000002 0.000002 0.000001 -0.000002 -0.000001 7.556999 -4.826313 0.300478 -28.471184 -0.342211 1.304119 0.315534 -24.058294 0.537043 67.064323 2.618833 7.077238 -0.315537 -33.061478 0.084927 4.493386 0.182786 -0.860744 0.092046 -7.483318 10.511632 -5.994857 0.425113 -5.474219 0.082184 -0.046741 6.420124 -0.000001 -0.000000 0.000000 -7.557003 -4.826306 0.300484 -4.101856 -12.101552 9.621857 -0.315557 -24.058256 0.712181 12.317594 1.831905 -1.835713 0.315562 -33.061462 0.096916 -7.148552 -5.093193 -4.973681 -0.092060 -7.483411 10.296527 -2.773197 -0.000002 -0.000001 -0.082208 -0.046777 6.411405 -0.000000 -0.000000 -0.000000 
0.219347 68.685059 110.724838 -0.285095 9.949105 -3.536945 -0.000001 3.962386 -0.274314 2.603319 -0.672811 2.332733 0.000001 14.122135 -0.320022 1.656092 -2.278673 0.845950 0.000000 11.399152 -0.365733 -2.923703 -2.285056 0.251910 0.000000 9.938174 -0.411431 -3.367573 -1.151239 -0.983951 -0.000000 8.579116 0.114201 -1.349393 -3.841517 0.310223 0.000000 25.089088 0.333908 -0.000000 0.000000 -0.000000 4.224101 8.888440 -0.424614 8.280039 -20.929231 3.137780 1.625316 4.497742 -76.980269 0.000011 -36.305099 0.000006 19.884209 -19.957143 5.430811 2.354134 -1.272457 1.802822 28.897513 8.894104 20.768607 1.999429 -1.154373 1.154374 -8.690638 18.041873 -12.337710 2.113314 -1.220119 1.220122 7.946593 -11.221933 1.406953 1.744290 -1.007034 1.007056 -0.000001 -0.000000 -0.000003 7.198479 -0.169237 1.742685 0.321249 3.500377 3.987061 2.844903 -0.000006 -0.000001 0.265683 2.465269 -16.816388 2.665505 -0.000019 0.000002 -0.020309 0.178482 -3.850820 2.297409 -0.000006 -0.000012 0.000000 0.000001 0.000000 6.876539 -0.000006 -0.000005 0.605069 7.624338 -16.487696 3.256827 0.000016 -0.000001 0.612746 3.443009 -27.102869 3.177892 -0.000010 -0.000002 0.271804 1.846630 -15.987009 2.695116 -0.000016 -0.000006 0.000000 0.000002 0.000003 6.623896 -0.059441 -1.696965 0.876768 8.006425 -34.399681 2.957999 -0.000007 0.000004 0.422035 2.000717 -17.172535 2.756902 0.000009 0.000002 0.298778 1.211759 -12.585002 2.334610 0.000011 0.000001 -0.000001 -0.000001 -0.000000 6.046968 -0.139187 -3.244340 3.587798 13.517598 -31.386116 2.623707 0.000009 0.000000 0.487203 2.680653 -29.100803 2.132117 0.000004 -0.000007 0.074785 1.530304 -6.724068 1.793219 0.000012 0.000000 -0.000003 -0.000001 0.000001 -4.224098 8.888414 -0.398196 -0.855008 5.246475 5.396786 22.093493 -2.727992 73.794723 -0.000020 32.516779 -0.000006 25.457271 8.380624 4.049675 -2.342537 -1.287619 1.805307 12.593951 -8.153694 -17.222421 -1.998870 -1.154047 1.154042 6.064830 -5.313234 -13.324095 -2.115646 -1.221473 1.221462 -13.753601 7.447206 9.069843 -1.745166 -1.007569 1.007566 -0.000001 -0.000011 -0.000001 -7.289624 -0.160562 1.788520 -0.934042 0.803122 10.773192 -2.816291 -0.000008 -0.000007 0.637324 -3.394051 26.746406 -2.639583 -0.000007 0.000007 -0.167847 -0.590567 17.433254 -2.241501 -0.000006 0.000014 0.000002 0.000002 0.000000 -7.060412 0.000008 0.000006 0.839964 -8.113515 23.112375 -3.340207 0.000003 0.000000 1.181246 -4.370036 38.023544 -3.056704 -0.000003 -0.000003 0.821945 -3.075371 31.081739 -2.639474 0.000000 -0.000009 -0.000001 0.000002 0.000000 -6.774590 0.049798 -1.636027 1.275984 -8.669401 41.005676 -2.923900 -0.000001 0.000013 0.713385 -2.594916 23.801116 -2.718001 -0.000011 0.000003 -0.130790 -0.209827 20.215118 -2.379610 0.000000 0.000009 -0.000000 -0.000001 0.000001 -6.148537 -0.175708 -3.130186 2.500283 -10.281923 45.253060 -2.627893 -0.000005 -0.000008 1.612578 -4.332255 49.089683 -2.122490 0.000017 -0.000005 -0.378858 -2.603567 43.266790 -1.792002 0.000002 0.000002 0.000001 -0.000002 -0.000001 7.556999 -4.826313 0.300478 -28.471184 -0.342211 1.304119 0.315534 -24.058294 0.537043 67.064323 2.618833 7.077238 -0.315537 -33.061478 0.084927 4.493386 0.182786 -0.860744 0.092046 -7.483318 10.511632 -5.994857 0.425113 -5.474219 0.082184 -0.046741 6.420124 -0.000001 -0.000000 0.000000 -7.557003 -4.826306 0.300484 -4.101856 -12.101552 9.621857 -0.315557 -24.058256 0.712181 12.317594 1.831905 -1.835713 0.315562 -33.061462 0.096916 -7.148552 -5.093193 -4.973681 -0.092060 -7.483411 10.296527 -2.773197 -0.000002 -0.000001 -0.082208 -0.046777 6.411405 -0.000000 -0.000000 -0.000000 
0.219347 68.685059 110.724838 -0.285095 9.949105 -3.536945 -0.000001 3.962386 -0.274314 2.603319 -0.672811 2.332733 0.000001 14.122135 -0.320022 1.656092 -2.278673 0.845950 0.000000 11.399152 -0.365733 -2.923703 -2.285056 0.251910 0.000000 9.938174 -0.411431 -3.367573 -1.151239 -0.983951 -0.000000 8.579116 0.114201 -1.349393 -3.841517 0.310223 0.000000 25.089088 0.333908 -0.000000 0.000000 -0.000000 4.224101 8.888440 -0.424614 8.280039 -20.929231 3.137780 1.625316 4.497742 -76.980269 0.000011 -36.305099 0.000006 19.884209 -19.957143 5.430811 2.354134 -1.272457 1.802822 28.897513 8.894104 20.768607 1.999429 -1.154373 1.154374 -8.690638 18.041873 -12.337710 2.113314 -1.220119 1.220122 7.946593 -11.221933 1.406953 1.744290 -1.007034 1.007056 -0.000001 -0.000000 -0.000003 7.198479 -0.169237 1.742685 0.321249 3.500377 3.987061 2.844903 -0.000006 -0.000001 0.265683 2.465269 -16.816388 2.665505 -0.000019 0.000002 -0.020309 0.178482 -3.850820 2.297409 -0.000006 -0.000012 0.000000 0.000001 0.000000 6.876539 -0.000006 -0.000005 0.605069 7.624338 -16.487696 3.256827 0.000016 -0.000001 0.612746 3.443009 -27.102869 3.177892 -0.000010 -0.000002 0.271804 1.846630 -15.987009 2.695116 -0.000016 -0.000006 0.000000 0.000002 0.000003 6.623896 -0.059441 -1.696965 0.876768 8.006425 -34.399681 2.957999 -0.000007 0.000004 0.422035 2.000717 -17.172535 2.756902 0.000009 0.000002 0.298778 1.211759 -12.585002 2.334610 0.000011 0.000001 -0.000001 -0.000001 -0.000000 6.046968 -0.139187 -3.244340 3.587798 13.517598 -31.386116 2.623707 0.000009 0.000000 0.487203 2.680653 -29.100803 2.132117 0.000004 -0.000007 0.074785 1.530304 -6.724068 1.793219 0.000012 0.000000 -0.000003 -0.000001 0.000001 -4.224098 8.888414 -0.398196 -0.855008 5.246475 5.396786 22.093493 -2.727992 73.794723 -0.000020 32.516779 -0.000006 25.457271 8.380624 4.049675 -2.342537 -1.287619 1.805307 12.593951 -8.153694 -17.222421 -1.998870 -1.154047 1.154042 6.064830 -5.313234 -13.324095 -2.115646 -1.221473 1.221462 -13.753601 7.447206 9.069843 -1.745166 -1.007569 1.007566 -0.000001 -0.000011 -0.000001 -7.289624 -0.160562 1.788520 -0.934042 0.803122 10.773192 -2.816291 -0.000008 -0.000007 0.637324 -3.394051 26.746406 -2.639583 -0.000007 0.000007 -0.167847 -0.590567 17.433254 -2.241501 -0.000006 0.000014 0.000002 0.000002 0.000000 -7.060412 0.000008 0.000006 0.839964 -8.113515 23.112375 -3.340207 0.000003 0.000000 1.181246 -4.370036 38.023544 -3.056704 -0.000003 -0.000003 0.821945 -3.075371 31.081739 -2.639474 0.000000 -0.000009 -0.000001 0.000002 0.000000 -6.774590 0.049798 -1.636027 1.275984 -8.669401 41.005676 -2.923900 -0.000001 0.000013 0.713385 -2.594916 23.801116 -2.718001 -0.000011 0.000003 -0.130790 -0.209827 20.215118 -2.379610 0.000000 0.000009 -0.000000 -0.000001 0.000001 -6.148537 -0.175708 -3.130186 2.500283 -10.281923 45.253060 -2.627893 -0.000005 -0.000008 1.612578 -4.332255 49.089683 -2.122490 0.000017 -0.000005 -0.378858 -2.603567 43.266790 -1.792002 0.000002 0.000002 0.000001 -0.000002 -0.000001 7.556999 -4.826313 0.300478 -28.471184 -0.342211 1.304119 0.315534 -24.058294 0.537043 67.064323 2.618833 7.077238 -0.315537 -33.061478 0.084927 4.493386 0.182786 -0.860744 0.092046 -7.483318 10.511632 -5.994857 0.425113 -5.474219 0.082184 -0.046741 6.420124 -0.000001 -0.000000 0.000000 -7.557003 -4.826306 0.300484 -4.101856 -12.101552 9.621857 -0.315557 -24.058256 0.712181 12.317594 1.831905 -1.835713 0.315562 -33.061462 0.096916 -7.148552 -5.093193 -4.973681 -0.092060 -7.483411 10.296527 -2.773197 -0.000002 -0.000001 -0.082208 -0.046777 6.411405 -0.000000 -0.000000 -0.000000 
0.219347 68.685059 110.724838 -0.285095 9.949105 -3.536945 -0.000001 3.962386 -0.274314 2.603319 -0.672811 2.332733 0.000001 14.122135 -0.320022 1.656092 -2.278673 0.845950 0.000000 11.399152 -0.365733 -2.923703 -2.285056 0.251910 0.000000 9.938174 -0.411431 -3.367573 -1.151239 -0.983951 -0.000000 8.579116 0.114201 -1.349393 -3.841517 0.310223 0.000000 25.089088 0.333908 -0.000000 0.000000 -0.000000 4.224101 8.888440 -0.424614 8.280039 -20.929231 3.137780 1.625316 4.497742 -76.980269 0.000011 -36.305099 0.000006 19.884209 -19.957143 5.430811 2.354134 -1.272457 1.802822 28.897513 8.894104 20.768607 1.999429 -1.154373 1.154374 -8.690638 18.041873 -12.337710 2.113314 -1.220119 1.220122 7.946593 -11.221933 1.406953 1.744290 -1.007034 1.007056 -0.000001 -0.000000 -0.000003 7.198479 -0.169237 1.742685 0.321249 3.500377 3.987061 2.844903 -0.000006 -0.000001 0.265683 2.465269 -16.816388 2.665505 -0.000019 0.000002 -0.020309 0.178482 -3.850820 2.297409 -0.000006 -0.000012 0.000000 0.000001 0.000000 6.876539 -0.000006 -0.000005 0.605069 7.624338 -16.487696 3.256827 0.000016 -0.000001 0.612746 3.443009 -27.102869 3.177892 -0.000010 -0.000002 0.271804 1.846630 -15.987009 2.695116 -0.000016 -0.000006 0.000000 0.000002 0.000003 6.623896 -0.059441 -1.696965 0.876768 8.006425 -34.399681 2.957999 -0.000007 0.000004 0.422035 2.000717 -17.172535 2.756902 0.000009 0.000002 0.298778 1.211759 -12.585002 2.334610 0.000011 0.000001 -0.000001 -0.000001 -0.000000 6.046968 -0.139187 -3.244340 3.587798 13.517598 -31.386116 2.623707 0.000009 0.000000 0.487203 2.680653 -29.100803 2.132117 0.000004 -0.000007 0.074785 1.530304 -6.724068 1.793219 0.000012 0.000000 -0.000003 -0.000001 0.000001 -4.224098 8.888414 -0.398196 -0.855008 5.246475 5.396786 22.093493 -2.727992 73.794723 -0.000020 32.516779 -0.000006 25.457271 8.380624 4.049675 -2.342537 -1.287619 1.805307 12.593951 -8.153694 -17.222421 -1.998870 -1.154047 1.154042 6.064830 -5.313234 -13.324095 -2.115646 -1.221473 1.221462 -13.753601 7.447206 9.069843 -1.745166 -1.007569 1.007566 -0.000001 -0.000011 -0.000001 -7.289624 -0.160562 1.788520 -0.934042 0.803122 10.773192 -2.816291 -0.000008 -0.000007 0.637324 -3.394051 26.746406 -2.639583 -0.000007 0.000007 -0.167847 -0.590567 17.433254 -2.241501 -0.000006 0.000014 0.000002 0.000002 0.000000 -7.060412 0.000008 0.000006 0.839964 -8.113515 23.112375 -3.340207 0.000003 0.000000 1.181246 -4.370036 38.023544 -3.056704 -0.000003 -0.000003 0.821945 -3.075371 31.081739 -2.639474 0.000000 -0.000009 -0.000001 0.000002 0.000000 -6.774590 0.049798 -1.636027 1.275984 -8.669401 41.005676 -2.923900 -0.000001 0.000013 0.713385 -2.594916 23.801116 -2.718001 -0.000011 0.000003 -0.130790 -0.209827 20.215118 -2.379610 0.000000 0.000009 -0.000000 -0.000001 0.000001 -6.148537 -0.175708 -3.130186 2.500283 -10.281923 45.253060 -2.627893 -0.000005 -0.000008 1.612578 -4.332255 49.089683 -2.122490 0.000017 -0.000005 -0.378858 -2.603567 43.266790 -1.792002 0.000002 0.000002 0.000001 -0.000002 -0.000001 7.556999 -4.826313 0.300478 -28.471184 -0.342211 1.304119 0.315534 -24.058294 0.537043 67.064323 2.618833 7.077238 -0.315537 -33.061478 0.084927 4.493386 0.182786 -0.860744 0.092046 -7.483318 10.511632 -5.994857 0.425113 -5.474219 0.082184 -0.046741 6.420124 -0.000001 -0.000000 0.000000 -7.557003 -4.826306 0.300484 -4.101856 -12.101552 9.621857 -0.315557 -24.058256 0.712181 12.317594 1.831905 -1.835713 0.315562 -33.061462 0.096916 -7.148552 -5.093193 -4.973681 -0.092060 -7.483411 10.296527 -2.773197 -0.000002 -0.000001 -0.082208 -0.046777 6.411405 -0.000000 -0.000000 -0.000000 
0.219347 68.685059 110.724838 -0.285095 9.949105 -3.536945 -0.000001 3.962386 -0.274314 2.603319 -0.672811 2.332733 0.000001 14.122135 -0.320022 1.656092 -2.278673 0.845950 0.000000 11.399152 -0.365733 -2.923703 -2.285056 0.251910 0.000000 9.938174 -0.411431 -3.367573 -1.151239 -0.983951 -0.000000 8.579116 0.114201 -1.349393 -3.841517 0.310223 0.000000 25.089088 0.333908 -0.000000 0.000000 -0.000000 4.224101 8.888440 -0.424614 8.280039 -20.929231 3.137780 1.625316 4.497742 -76.980269 0.000011 -36.305099 0.000006 19.884209 -19.957143 5.430811 2.354134 -1.272457 1.802822 28.897513 8.894104 20.768607 1.999429 -1.154373 1.154374 -8.690638 18.041873 -12.337710 2.113314 -1.220119 1.220122 7.946593 -11.221933 1.406953 1.744290 -1.007034 1.007056 -0.000001 -0.000000 -0.000003 7.198479 -0.169237 1.742685 0.321249 3.500377 3.987061 2.844903 -0.000006 -0.000001 0.265683 2.465269 -16.816388 2.665505 -0.000019 0.000002 -0.020309 0.178482 -3.850820 2.297409 -0.000006 -0.000012 0.000000 0.000001 0.000000 6.876539 -0.000006 -0.000005 0.605069 7.624338 -16.487696 3.256827 0.000016 -0.000001 0.612746 3.443009 -27.102869 3.177892 -0.000010 -0.000002 0.271804 1.846630 -15.987009 2.695116 -0.000016 -0.000006 0.000000 0.000002 0.000003 6.623896 -0.059441 -1.696965 0.876768 8.006425 -34.399681 2.957999 -0.000007 0.000004 0.422035 2.000717 -17.172535 2.756902 0.000009 0.000002 0.298778 1.211759 -12.585002 2.334610 0.000011 0.000001 -0.000001 -0.000001 -0.000000 6.046968 -0.139187 -3.244340 3.587798 13.517598 -31.386116 2.623707 0.000009 0.000000 0.487203 2.680653 -29.100803 2.132117 0.000004 -0.000007 0.074785 1.530304 -6.724068 1.793219 0.000012 0.000000 -0.000003 -0.000001 0.000001 -4.224098 8.888414 -0.398196 -0.855008 5.246475 5.396786 22.093493 -2.727992 73.794723 -0.000020 32.516779 -0.000006 25.457271 8.380624 4.049675 -2.342537 -1.287619 1.805307 12.593951 -8.153694 -17.222421 -1.998870 -1.154047 1.154042 6.064830 -5.313234 -13.324095 -2.115646 -1.221473 1.221462 -13.753601 7.447206 9.069843 -1.745166 -1.007569 1.007566 -0.000001 -0.000011 -0.000001 -7.289624 -0.160562 1.788520 -0.934042 0.803122 10.773192 -2.816291 -0.000008 -0.000007 0.637324 -3.394051 26.746406 -2.639583 -0.000007 0.000007 -0.167847 -0.590567 17.433254 -2.241501 -0.000006 0.000014 0.000002 0.000002 0.000000 -7.060412 0.000008 0.000006 0.839964 -8.113515 23.112375 -3.340207 0.000003 0.000000 1.181246 -4.370036 38.023544 -3.056704 -0.000003 -0.000003 0.821945 -3.075371 31.081739 -2.639474 0.000000 -0.000009 -0.000001 0.000002 0.000000 -6.774590 0.049798 -1.636027 1.275984 -8.669401 41.005676 -2.923900 -0.000001 0.000013 0.713385 -2.594916 23.801116 -2.718001 -0.000011 0.000003 -0.130790 -0.209827 20.215118 -2.379610 0.000000 0.000009 -0.000000 -0.000001 0.000001 -6.148537 -0.175708 -3.130186 2.500283 -10.281923 45.253060 -2.627893 -0.000005 -0.000008 1.612578 -4.332255 49.089683 -2.122490 0.000017 -0.000005 -0.378858 -2.603567 43.266790 -1.792002 0.000002 0.000002 0.000001 -0.000002 -0.000001 7.556999 -4.826313 0.300478 -28.471184 -0.342211 1.304119 0.315534 -24.058294 0.537043 67.064323 2.618833 7.077238 -0.315537 -33.061478 0.084927 4.493386 0.182786 -0.860744 0.092046 -7.483318 10.511632 -5.994857 0.425113 -5.474219 0.082184 -0.046741 6.420124 -0.000001 -0.000000 0.000000 -7.557003 -4.826306 0.300484 -4.101856 -12.101552 9.621857 -0.315557 -24.058256 0.712181 12.317594 1.831905 -1.835713 0.315562 -33.061462 0.096916 -7.148552 -5.093193 -4.973681 -0.092060 -7.483411 10.296527 -2.773197 -0.000002 -0.000001 -0.082208 -0.046777 6.411405 -0.000000 -0.000000 -0.000000 
0.219347 68.685059 110.724838 -0.285095 9.949105 -3.536945 -0.000001 3.962386 -0.274314 2.603319 -0.672811 2.332733 0.000001 14.122135 -0.320022 1.656092 -2.278673 0.845950 0.000000 11.399152 -0.365733 -2.923703 -2.285056 0.251910 0.000000 9.938174 -0.411431 -3.367573 -1.151239 -0.983951 -0.000000 8.579116 0.114201 -1.349393 -3.841517 0.310223 0.000000 25.089088 0.333908 -0.000000 0.000000 -0.000000 4.224101 8.888440 -0.424614 8.280039 -20.929231 3.137780 1.625316 4.497742 -76.980269 0.000011 -36.305099 0.000006 19.884209 -19.957143 5.430811 2.354134 -1.272457 1.802822 28.897513 8.894104 20.768607 1.999429 -1.154373 1.154374 -8.690638 18.041873 -12.337710 2.113314 -1.220119 1.220122 7.946593 -11.221933 1.406953 1.744290 -1.007034 1.007056 -0.000001 -0.000000 -0.000003 7.198479 -0.169237 1.742685 0.321249 3.500377 3.987061 2.844903 -0.000006 -0.000001 0.265683 2.465269 -16.816388 2.665505 -0.000019 0.000002 -0.020309 0.178482 -3.850820 2.297409 -0.000006 -0.000012 0.000000 0.000001 0.000000 6.876539 -0.000006 -0.000005 0.605069 7.624338 -16.487696 3.256827 0.000016 -0.000001 0.612746 3.443009 -27.102869 3.177892 -0.000010 -0.000002 0.271804 1.846630 -15.987009 2.695116 -0.000016 -0.000006 0.000000 0.000002 0.000003 6.623896 -0.059441 -1.696965 0.876768 8.006425 -34.399681 2.957999 -0.000007 0.000004 0.422035 2.000717 -17.172535 2.756902 0.000009 0.000002 0.298778 1.211759 -12.585002 2.334610 0.000011 0.000001 -0.000001 -0.000001 -0.000000 6.046968 -0.139187 -3.244340 3.587798 13.517598 -31.386116 2.623707 0.000009 0.000000 0.487203 2.680653 -29.100803 2.132117 0.000004 -0.000007 0.074785 1.530304 -6.724068 1.793219 0.000012 0.000000 -0.000003 -0.000001 0.000001 -4.224098 8.888414 -0.398196 -0.855008 5.246475 5.396786 22.093493 -2.727992 73.794723 -0.000020 32.516779 -0.000006 25.457271 8.380624 4.049675 -2.342537 -1.287619 1.805307 12.593951 -8.153694 -17.222421 -1.998870 -1.154047 1.154042 6.064830 -5.313234 -13.324095 -2.115646 -1.221473 1.221462 -13.753601 7.447206 9.069843 -1.745166 -1.007569 1.007566 -0.000001 -0.000011 -0.000001 -7.289624 -0.160562 1.788520 -0.934042 0.803122 10.773192 -2.816291 -0.000008 -0.000007 0.637324 -3.394051 26.746406 -2.639583 -0.000007 0.000007 -0.167847 -0.590567 17.433254 -2.241501 -0.000006 0.000014 0.000002 0.000002 0.000000 -7.060412 0.000008 0.000006 0.839964 -8.113515 23.112375 -3.340207 0.000003 0.000000 1.181246 -4.370036 38.023544 -3.056704 -0.000003 -0.000003 0.821945 -3.075371 31.081739 -2.639474 0.000000 -0.000009 -0.000001 0.000002 0.000000 -6.774590 0.049798 -1.636027 1.275984 -8.669401 41.005676 -2.923900 -0.000001 0.000013 0.713385 -2.594916 23.801116 -2.718001 -0.000011 0.000003 -0.130790 -0.209827 20.215118 -2.379610 0.000000 0.000009 -0.000000 -0.000001 0.000001 -6.148537 -0.175708 -3.130186 2.500283 -10.281923 45.253060 -2.627893 -0.000005 -0.000008 1.612578 -4.332255 49.089683 -2.122490 0.000017 -0.000005 -0.378858 -2.603567 43.266790 -1.792002 0.000002 0.000002 0.000001 -0.000002 -0.000001 7.556999 -4.826313 0.300478 -28.471184 -0.342211 1.304119 0.315534 -24.058294 0.537043 67.064323 2.618833 7.077238 -0.315537 -33.061478 0.084927 4.493386 0.182786 -0.860744 0.092046 -7.483318 10.511632 -5.994857 0.425113 -5.474219 0.082184 -0.046741 6.420124 -0.000001 -0.000000 0.000000 -7.557003 -4.826306 0.300484 -4.101856 -12.101552 9.621857 -0.315557 -24.058256 0.712181 12.317594 1.831905 -1.835713 0.315562 -33.061462 0.096916 -7.148552 -5.093193 -4.973681 -0.092060 -7.483411 10.296527 -2.773197 -0.000002 -0.000001 -0.082208 -0.046777 6.411405 -0.000000 -0.000000 -0.000000 
0.219347 68.685059 110.724838 -0.285095 9.949105 -3.536945 -0.000001 3.962386 -0.274314 2.603319 -0.672811 2.332733 0.000001 14.122135 -0.320022 1.656092 -2.278673 0.845950 0.000000 11.399152 -0.365733 -2.923703 -2.285056 0.251910 0.000000 9.938174 -0.411431 -3.367573 -1.151239 -0.983951 -0.000000 8.579116 0.114201 -1.349393 -3.841517 0.310223 0.000000 25.089088 0.333908 -0.000000 0.000000 -0.000000 4.224101 8.888440 -0.424614 8.280039 -20.929231 3.137780 1.625316 4.497742 -76.980269 0.000011 -36.305099 0.000006 19.884209 -19.957143 5.430811 2.354134 -1.272457 1.802822 28.897513 8.894104 20.768607 1.999429 -1.154373 1.154374 -8.690638 18.041873 -12.337710 2.113314 -1.220119 1.220122 7.946593 -11.221933 1.406953 1.744290 -1.007034 1.007056 -0.000001 -0.000000 -0.000003 7.198479 -0.169237 1.742685 0.321249 3.500377 3.987061 2.844903 -0.000006 -0.000001 0.265683 2.465269 -16.816388 2.665505 -0.000019 0.000002 -0.020309 0.178482 -3.850820 2.297409 -0.000006 -0.000012 0.000000 0.000001 0.000000 6.876539 -0.000006 -0.000005 0.605069 7.624338 -16.487696 3.256827 0.000016 -0.000001 0.612746 3.443009 -27.102869 3.177892 -0.000010 -0.000002 0.271804 1.846630 -15.987009 2.695116 -0.000016 -0.000006 0.000000 0.000002 0.000003 6.623896 -0.059441 -1.696965 0.876768 8.006425 -34.399681 2.957999 -0.000007 0.000004 0.422035 2.000717 -17.172535 2.756902 0.000009 0.000002 0.298778 1.211759 -12.585002 2.334610 0.000011 0.000001 -0.000001 -0.000001 -0.000000 6.046968 -0.139187 -3.244340 3.587798 13.517598 -31.386116 2.623707 0.000009 0.000000 0.487203 2.680653 -29.100803 2.132117 0.000004 -0.000007 0.074785 1.530304 -6.724068 1.793219 0.000012 0.000000 -0.000003 -0.000001 0.000001 -4.224098 8.888414 -0.398196 -0.855008 5.246475 5.396786 22.093493 -2.727992 73.794723 -0.000020 32.516779 -0.000006 25.457271 8.380624 4.049675 -2.342537 -1.287619 1.805307 12.593951 -8.153694 -17.222421 -1.998870 -1.154047 1.154042 6.064830 -5.313234 -13.324095 -2.115646 -1.221473 1.221462 -13.753601 7.447206 9.069843 -1.745166 -1.007569 1.007566 -0.000001 -0.000011 -0.000001 -7.289624 -0.160562 1.788520 -0.934042 0.803122 10.773192 -2.816291 -0.000008 -0.000007 0.637324 -3.394051 26.746406 -2.639583 -0.000007 0.000007 -0.167847 -0.590567 17.433254 -2.241501 -0.000006 0.000014 0.000002 0.000002 0.000000 -7.060412 0.000008 0.000006 0.839964 -8.113515 23.112375 -3.340207 0.000003 0.000000 1.181246 -4.370036 38.023544 -3.056704 -0.000003 -0.000003 0.821945 -3.075371 31.081739 -2.639474 0.000000 -0.000009 -0.000001 0.000002 0.000000 -6.774590 0.049798 -1.636027 1.275984 -8.669401 41.005676 -2.923900 -0.000001 0.000013 0.713385 -2.594916 23.801116 -2.718001 -0.000011 0.000003 -0.130790 -0.209827 20.215118 -2.379610 0.000000 0.000009 -0.000000 -0.000001 0.000001 -6.148537 -0.175708 -3.130186 2.500283 -10.281923 45.253060 -2.627893 -0.000005 -0.000008 1.612578 -4.332255 49.089683 -2.122490 0.000017 -0.000005 -0.378858 -2.603567 43.266790 -1.792002 0.000002 0.000002 0.000001 -0.000002 -0.000001 7.556999 -4.826313 0.300478 -28.471184 -0.342211 1.304119 0.315534 -24.058294 0.537043 67.064323 2.618833 7.077238 -0.315537 -33.061478 0.084927 4.493386 0.182786 -0.860744 0.092046 -7.483318 10.511632 -5.994857 0.425113 -5.474219 0.082184 -0.046741 6.420124 -0.000001 -0.000000 0.000000 -7.557003 -4.826306 0.300484 -4.101856 -12.101552 9.621857 -0.315557 -24.058256 0.712181 12.317594 1.831905 -1.835713 0.315562 -33.061462 0.096916 -7.148552 -5.093193 -4.973681 -0.092060 -7.483411 10.296527 -2.773197 -0.000002 -0.000001 -0.082208 -0.046777 6.411405 -0.000000 -0.000000 -0.000000 
0.219347 68.685059 110.724838 -0.285095 9.949105 -3.536945 -0.000001 3.962386 -0.274314 2.603319 -0.672811 2.332733 0.000001 14.122135 -0.320022 1.656092 -2.278673 0.845950 0.000000 11.399152 -0.365733 -2.923703 -2.285056 0.251910 0.000000 9.938174 -0.411431 -3.367573 -1.151239 -0.983951 -0.000000 8.579116 0.114201 -1.349393 -3.841517 0.310223 0.000000 25.089088 0.333908 -0.000000 0.000000 -0.000000 4.224101 8.888440 -0.424614 8.280039 -20.929231 3.137780 1.625316 4.497742 -76.980269 0.000011 -36.305099 0.000006 19.884209 -19.957143 5.430811 2.354134 -1.272457 1.802822 28.897513 8.894104 20.768607 1.999429 -1.154373 1.154374 -8.690638 18.041873 -12.337710 2.113314 -1.220119 1.220122 7.946593 -11.221933 1.406953 1.744290 -1.007034 1.007056 -0.000001 -0.000000 -0.000003 7.198479 -0.169237 1.742685 0.321249 3.500377 3.987061 2.844903 -0.000006 -0.000001 0.265683 2.465269 -16.816388 2.665505 -0.000019 0.000002 -0.020309 0.178482 -3.850820 2.297409 -0.000006 -0.000012 0.000000 0.000001 0.000000 6.876539 -0.000006 -0.000005 0.605069 7.624338 -16.487696 3.256827 0.000016 -0.000001 0.612746 3.443009 -27.102869 3.177892 -0.000010 -0.000002 0.271804 1.846630 -15.987009 2.695116 -0.000016 -0.000006 0.000000 0.000002 0.000003 6.623896 -0.059441 -1.696965 0.876768 8.006425 -34.399681 2.957999 -0.000007 0.000004 0.422035 2.000717 -17.172535 2.756902 0.000009 0.000002 0.298778 1.211759 -12.585002 2.334610 0.000011 0.000001 -0.000001 -0.000001 -0.000000 6.046968 -0.139187 -3.244340 3.587798 13.517598 -31.386116 2.623707 0.000009 0.000000 0.487203 2.680653 -29.100803 2.132117 0.000004 -0.000007 0.074785 1.530304 -6.724068 1.793219 0.000012 0.000000 -0.000003 -0.000001 0.000001 -4.224098 8.888414 -0.398196 -0.855008 5.246475 5.396786 22.093493 -2.727992 73.794723 -0.000020 32.516779 -0.000006 25.457271 8.380624 4.049675 -2.342537 -1.287619 1.805307 12.593951 -8.153694 -17.222421 -1.998870 -1.154047 1.154042 6.064830 -5.313234 -13.324095 -2.115646 -1.221473 1.221462 -13.753601 7.447206 9.069843 -1.745166 -1.007569 1.007566 -0.000001 -0.000011 -0.000001 -7.289624 -0.160562 1.788520 -0.934042 0.803122 10.773192 -2.816291 -0.000008 -0.000007 0.637324 -3.394051 26.746406 -2.639583 -0.000007 0.000007 -0.167847 -0.590567 17.433254 -2.241501 -0.000006 0.000014 0.000002 0.000002 0.000000 -7.060412 0.000008 0.000006 0.839964 -8.113515 23.112375 -3.340207 0.000003 0.000000 1.181246 -4.370036 38.023544 -3.056704 -0.000003 -0.000003 0.821945 -3.075371 31.081739 -2.639474 0.000000 -0.000009 -0.000001 0.000002 0.000000 -6.774590 0.049798 -1.636027 1.275984 -8.669401 41.005676 -2.923900 -0.000001 0.000013 0.713385 -2.594916 23.801116 -2.718001 -0.000011 0.000003 -0.130790 -0.209827 20.215118 -2.379610 0.000000 0.000009 -0.000000 -0.000001 0.000001 -6.148537 -0.175708 -3.130186 2.500283 -10.281923 45.253060 -2.627893 -0.000005 -0.000008 1.612578 -4.332255 49.089683 -2.122490 0.000017 -0.000005 -0.378858 -2.603567 43.266790 -1.792002 0.000002 0.000002 0.000001 -0.000002 -0.000001 7.556999 -4.826313 0.300478 -28.471184 -0.342211 1.304119 0.315534 -24.058294 0.537043 67.064323 2.618833 7.077238 -0.315537 -33.061478 0.084927 4.493386 0.182786 -0.860744 0.092046 -7.483318 10.511632 -5.994857 0.425113 -5.474219 0.082184 -0.046741 6.420124 -0.000001 -0.000000 0.000000 -7.557003 -4.826306 0.300484 -4.101856 -12.101552 9.621857 -0.315557 -24.058256 0.712181 12.317594 1.831905 -1.835713 0.315562 -33.061462 0.096916 -7.148552 -5.093193 -4.973681 -0.092060 -7.483411 10.296527 -2.773197 -0.000002 -0.000001 -0.082208 -0.046777 6.411405 -0.000000 -0.000000 -0.000000 
0.219347 68.685059 110.724838 -0.285095 9.949105 -3.536945 -0.000001 3.962386 -0.274314 2.603319 -0.672811 2.332733 0.000001 14.122135 -0.320022 1.656092 -2.278673 0.845950 0.000000 11.399152 -0.365733 -2.923703 -2.285056 0.251910 0.000000 9.938174 -0.411431 -3.367573 -1.151239 -0.983951 -0.000000 8.579116 0.114201 -1.349393 -3.841517 0.310223 0.000000 25.089088 0.333908 -0.000000 0.000000 -0.000000 4.224101 8.888440 -0.424614 8.280039 -20.929231 3.137780 1.625316 4.497742 -76.980269 0.000011 -36.305099 0.000006 19.884209 -19.957143 5.430811 2.354134 -1.272457 1.802822 28.897513 8.894104 20.768607 1.999429 -1.154373 1.154374 -8.690638 18.041873 -12.337710 2.113314 -1.220119 1.220122 7.946593 -11.221933 1.406953 1.744290 -1.007034 1.007056 -0.000001 -0.000000 -0.000003 7.198479 -0.169237 1.742685 0.321249 3.500377 3.987061 2.844903 -0.000006 -0.000001 0.265683 2.465269 -16.816388 2.665505 -0.000019 0.000002 -0.020309 0.178482 -3.850820 2.297409 -0.000006 -0.000012 0.000000 0.000001 0.000000 6.876539 -0.000006 -0.000005 0.605069 7.624338 -16.487696 3.256827 0.000016 -0.000001 0.612746 3.443009 -27.102869 3.177892 -0.000010 -0.000002 0.271804 1.846630 -15.987009 2.695116 -0.000016 -0.000006 0.000000 0.000002 0.000003 6.623896 -0.059441 -1.696965 0.876768 8.006425 -34.399681 2.957999 -0.000007 0.000004 0.422035 2.000717 -17.172535 2.756902 0.000009 0.000002 0.298778 1.211759 -12.585002 2.334610 0.000011 0.000001 -0.000001 -0.000001 -0.000000 6.046968 -0.139187 -3.244340 3.587798 13.517598 -31.386116 2.623707 0.000009 0.000000 0.487203 2.680653 -29.100803 2.132117 0.000004 -0.000007 0.074785 1.530304 -6.724068 1.793219 0.000012 0.000000 -0.000003 -0.000001 0.000001 -4.224098 8.888414 -0.398196 -0.855008 5.246475 5.396786 22.093493 -2.727992 73.794723 -0.000020 32.516779 -0.000006 25.457271 8.380624 4.049675 -2.342537 -1.287619 1.805307 12.593951 -8.153694 -17.222421 -1.998870 -1.154047 1.154042 6.064830 -5.313234 -13.324095 -2.115646 -1.221473 1.221462 -13.753601 7.447206 9.069843 -1.745166 -1.007569 1.007566 -0.000001 -0.000011 -0.000001 -7.289624 -0.160562 1.788520 -0.934042 0.803122 10.773192 -2.816291 -0.000008 -0.000007 0.637324 -3.394051 26.746406 -2.639583 -0.000007 0.000007 -0.167847 -0.590567 17.433254 -2.241501 -0.000006 0.000014 0.000002 0.000002 0.000000 -7.060412 0.000008 0.000006 0.839964 -8.113515 23.112375 -3.340207 0.000003 0.000000 1.181246 -4.370036 38.023544 -3.056704 -0.000003 -0.000003 0.821945 -3.075371 31.081739 -2.639474 0.000000 -0.000009 -0.000001 0.000002 0.000000 -6.774590 0.049798 -1.636027 1.275984 -8.669401 41.005676 -2.923900 -0.000001 0.000013 0.713385 -2.594916 23.801116 -2.718001 -0.000011 0.000003 -0.130790 -0.209827 20.215118 -2.379610 0.000000 0.000009 -0.000000 -0.000001 0.000001 -6.148537 -0.175708 -3.130186 2.500283 -10.281923 45.253060 -2.627893 -0.000005 -0.000008 1.612578 -4.332255 49.089683 -2.122490 0.000017 -0.000005 -0.378858 -2.603567 43.266790 -1.792002 0.000002 0.000002 0.000001 -0.000002 -0.000001 7.556999 -4.826313 0.300478 -28.471184 -0.342211 1.304119 0.315534 -24.058294 0.537043 67.064323 2.618833 7.077238 -0.315537 -33.061478 0.084927 4.493386 0.182786 -0.860744 0.092046 -7.483318 10.511632 -5.994857 0.425113 -5.474219 0.082184 -0.046741 6.420124 -0.000001 -0.000000 0.000000 -7.557003 -4.826306 0.300484 -4.101856 -12.101552 9.621857 -0.315557 -24.058256 0.712181 12.317594 1.831905 -1.835713 0.315562 -33.061462 0.096916 -7.148552 -5.093193 -4.973681 -0.092060 -7.483411 10.296527 -2.773197 -0.000002 -0.000001 -0.082208 -0.046777 6.411405 -0.000000 -0.000000 -0.000000 
0.219347 68.685059 110.724838 -0.285095 9.949105 -3.536945 -0.000001 3.962386 -0.274314 2.603319 -0.672811 2.332733 0.000001 14.122135 -0.320022 1.656092 -2.278673 0.845950 0.000000 11.399152 -0.365733 -2.923703 -2.285056 0.251910 0.000000 9.938174 -0.411431 -3.367573 -1.151239 -0.983951 -0.000000 8.579116 0.114201 -1.349393 -3.841517 0.310223 0.000000 25.089088 0.333908 -0.000000 0.000000 -0.000000 4.224101 8.888440 -0.424614 8.280039 -20.929231 3.137780 1.625316 4.497742 -76.980269 0.000011 -36.305099 0.000006 19.884209 -19.957143 5.430811 2.354134 -1.272457 1.802822 28.897513 8.894104 20.768607 1.999429 -1.154373 1.154374 -8.690638 18.041873 -12.337710 2.113314 -1.220119 1.220122 7.946593 -11.221933 1.406953 1.744290 -1.007034 1.007056 -0.000001 -0.000000 -0.000003 7.198479 -0.169237 1.742685 0.321249 3.500377 3.987061 2.844903 -0.000006 -0.000001 0.265683 2.465269 -16.816388 2.665505 -0.000019 0.000002 -0.020309 0.178482 -3.850820 2.297409 -0.000006 -0.000012 0.000000 0.000001 0.000000 6.876539 -0.000006 -0.000005 0.605069 7.624338 -16.487696 3.256827 0.000016 -0.000001 0.612746 3.443009 -27.102869 3.177892 -0.000010 -0.000002 0.271804 1.846630 -15.987009 2.695116 -0.000016 -0.000006 0.000000 0.000002 0.000003 6.623896 -0.059441 -1.696965 0.876768 8.006425 -34.399681 2.957999 -0.000007 0.000004 0.422035 2.000717 -17.172535 2.756902 0.000009 0.000002 0.298778 1.211759 -12.585002 2.334610 0.000011 0.000001 -0.000001 -0.000001 -0.000000 6.046968 -0.139187 -3.244340 3.587798 13.517598 -31.386116 2.623707 0.000009 0.000000 0.487203 2.680653 -29.100803 2.132117 0.000004 -0.000007 0.074785 1.530304 -6.724068 1.793219 0.000012 0.000000 -0.000003 -0.000001 0.000001 -4.224098 8.888414 -0.398196 -0.855008 5.246475 5.396786 22.093493 -2.727992 73.794723 -0.000020 32.516779 -0.000006 25.457271 8.380624 4.049675 -2.342537 -1.287619 1.805307 12.593951 -8.153694 -17.222421 -1.998870 -1.154047 1.154042 6.064830 -5.313234 -13.324095 -2.115646 -1.221473 1.221462 -13.753601 7.447206 9.069843 -1.745166 -1.007569 1.007566 -0.000001 -0.000011 -0.000001 -7.289624 -0.160562 1.788520 -0.934042 0.803122 10.773192 -2.816291 -0.000008 -0.000007 0.637324 -3.394051 26.746406 -2.639583 -0.000007 0.000007 -0.167847 -0.590567 17.433254 -2.241501 -0.000006 0.000014 0.000002 0.000002 0.000000 -7.060412 0.000008 0.000006 0.839964 -8.113515 23.112375 -3.340207 0.000003 0.000000 1.181246 -4.370036 38.023544 -3.056704 -0.000003 -0.000003 0.821945 -3.075371 31.081739 -2.639474 0.000000 -0.000009 -0.000001 0.000002 0.000000 -6.774590 0.049798 -1.636027 1.275984 -8.669401 41.005676 -2.923900 -0.000001 0.000013 0.713385 -2.594916 23.801116 -2.718001 -0.000011 0.000003 -0.130790 -0.209827 20.215118 -2.379610 0.000000 0.000009 -0.000000 -0.000001 0.000001 -6.148537 -0.175708 -3.130186 2.500283 -10.281923 45.253060 -2.627893 -0.000005 -0.000008 1.612578 -4.332255 49.089683 -2.122490 0.000017 -0.000005 -0.378858 -2.603567 43.266790 -1.792002 0.000002 0.000002 0.000001 -0.000002 -0.000001 7.556999 -4.826313 0.300478 -28.471184 -0.342211 1.304119 0.315534 -24.058294 0.537043 67.064323 2.618833 7.077238 -0.315537 -33.061478 0.084927 4.493386 0.182786 -0.860744 0.092046 -7.483318 10.511632 -5.994857 0.425113 -5.474219 0.082184 -0.046741 6.420124 -0.000001 -0.000000 0.000000 -7.557003 -4.826306 0.300484 -4.101856 -12.101552 9.621857 -0.315557 -24.058256 0.712181 12.317594 1.831905 -1.835713 0.315562 -33.061462 0.096916 -7.148552 -5.093193 -4.973681 -0.092060 -7.483411 10.296527 -2.773197 -0.000002 -0.000001 -0.082208 -0.046777 6.411405 -0.000000 -0.000000 -0.000000 
0.219347 68.685059 110.724838 -0.285095 9.949105 -3.536945 -0.000001 3.962386 -0.274314 2.603319 -0.672811 2.332733 0.000001 14.122135 -0.320022 1.656092 -2.278673 0.845950 0.000000 11.399152 -0.365733 -2.923703 -2.285056 0.251910 0.000000 9.938174 -0.411431 -3.367573 -1.151239 -0.983951 -0.000000 8.579116 0.114201 -1.349393 -3.841517 0.310223 0.000000 25.089088 0.333908 -0.000000 0.000000 -0.000000 4.224101 8.888440 -0.424614 8.280039 -20.929231 3.137780 1.625316 4.497742 -76.980269 0.000011 -36.305099 0.000006 19.884209 -19.957143 5.430811 2.354134 -1.272457 1.802822 28.897513 8.894104 20.768607 1.999429 -1.154373 1.154374 -8.690638 18.041873 -12.337710 2.113314 -1.220119 1.220122 7.946593 -11.221933 1.406953 1.744290 -1.007034 1.007056 -0.000001 -0.000000 -0.000003 7.198479 -0.169237 1.742685 0.321249 3.500377 3.987061 2.844903 -0.000006 -0.000001 0.265683 2.465269 -16.816388 2.665505 -0.000019 0.000002 -0.020309 0.178482 -3.850820 2.297409 -0.000006 -0.000012 0.000000 0.000001 0.000000 6.876539 -0.000006 -0.000005 0.605069 7.624338 -16.487696 3.256827 0.000016 -0.000001 0.612746 3.443009 -27.102869 3.177892 -0.000010 -0.000002 0.271804 1.846630 -15.987009 2.695116 -0.000016 -0.000006 0.000000 0.000002 0.000003 6.623896 -0.059441 -1.696965 0.876768 8.006425 -34.399681 2.957999 -0.000007 0.000004 0.422035 2.000717 -17.172535 2.756902 0.000009 0.000002 0.298778 1.211759 -12.585002 2.334610 0.000011 0.000001 -0.000001 -0.000001 -0.000000 6.046968 -0.139187 -3.244340 3.587798 13.517598 -31.386116 2.623707 0.000009 0.000000 0.487203 2.680653 -29.100803 2.132117 0.000004 -0.000007 0.074785 1.530304 -6.724068 1.793219 0.000012 0.000000 -0.000003 -0.000001 0.000001 -4.224098 8.888414 -0.398196 -0.855008 5.246475 5.396786 22.093493 -2.727992 73.794723 -0.000020 32.516779 -0.000006 25.457271 8.380624 4.049675 -2.342537 -1.287619 1.805307 12.593951 -8.153694 -17.222421 -1.998870 -1.154047 1.154042 6.064830 -5.313234 -13.324095 -2.115646 -1.221473 1.221462 -13.753601 7.447206 9.069843 -1.745166 -1.007569 1.007566 -0.000001 -0.000011 -0.000001 -7.289624 -0.160562 1.788520 -0.934042 0.803122 10.773192 -2.816291 -0.000008 -0.000007 0.637324 -3.394051 26.746406 -2.639583 -0.000007 0.000007 -0.167847 -0.590567 17.433254 -2.241501 -0.000006 0.000014 0.000002 0.000002 0.000000 -7.060412 0.000008 0.000006 0.839964 -8.113515 23.112375 -3.340207 0.000003 0.000000 1.181246 -4.370036 38.023544 -3.056704 -0.000003 -0.000003 0.821945 -3.075371 31.081739 -2.639474 0.000000 -0.000009 -0.000001 0.000002 0.000000 -6.774590 0.049798 -1.636027 1.275984 -8.669401 41.005676 -2.923900 -0.000001 0.000013 0.713385 -2.594916 23.801116 -2.718001 -0.000011 0.000003 -0.130790 -0.209827 20.215118 -2.379610 0.000000 0.000009 -0.000000 -0.000001 0.000001 -6.148537 -0.175708 -3.130186 2.500283 -10.281923 45.253060 -2.627893 -0.000005 -0.000008 1.612578 -4.332255 49.089683 -2.122490 0.000017 -0.000005 -0.378858 -2.603567 43.266790 -1.792002 0.000002 0.000002 0.000001 -0.000002 -0.000001 7.556999 -4.826313 0.300478 -28.471184 -0.342211 1.304119 0.315534 -24.058294 0.537043 67.064323 2.618833 7.077238 -0.315537 -33.061478 0.084927 4.493386 0.182786 -0.860744 0.092046 -7.483318 10.511632 -5.994857 0.425113 -5.474219 0.082184 -0.046741 6.420124 -0.000001 -0.000000 0.000000 -7.557003 -4.826306 0.300484 -4.101856 -12.101552 9.621857 -0.315557 -24.058256 0.712181 12.317594 1.831905 -1.835713 0.315562 -33.061462 0.096916 -7.148552 -5.093193 -4.973681 -0.092060 -7.483411 10.296527 -2.773197 -0.000002 -0.000001 -0.082208 -0.046777 6.411405 -0.000000 -0.000000 -0.000000 
0.219347 68.685059 110.724838 -0.285095 9.949105 -3.536945 -0.000001 3.962386 -0.274314 2.603319 -0.672811 2.332733 0.000001 14.122135 -0.320022 1.656092 -2.278673 0.845950 0.000000 11.399152 -0.365733 -2.923703 -2.285056 0.251910 0.000000 9.938174 -0.411431 -3.367573 -1.151239 -0.983951 -0.000000 8.579116 0.114201 -1.349393 -3.841517 0.310223 0.000000 25.089088 0.333908 -0.000000 0.000000 -0.000000 4.224101 8.888440 -0.424614 8.280039 -20.929231 3.137780 1.625316 4.497742 -76.980269 0.000011 -36.305099 0.000006 19.884209 -19.957143 5.430811 2.354134 -1.272457 1.802822 28.897513 8.894104 20.768607 1.999429 -1.154373 1.154374 -8.690638 18.041873 -12.337710 2.113314 -1.220119 1.220122 7.946593 -11.221933 1.406953 1.744290 -1.007034 1.007056 -0.000001 -0.000000 -0.000003 7.198479 -0.169237 1.742685 0.321249 3.500377 3.987061 2.844903 -0.000006 -0.000001 0.265683 2.465269 -16.816388 2.665505 -0.000019 0.000002 -0.020309 0.178482 -3.850820 2.297409 -0.000006 -0.000012 0.000000 0.000001 0.000000 6.876539 -0.000006 -0.000005 0.605069 7.624338 -16.487696 3.256827 0.000016 -0.000001 0.612746 3.443009 -27.102869 3.177892 -0.000010 -0.000002 0.271804 1.846630 -15.987009 2.695116 -0.000016 -0.000006 0.000000 0.000002 0.000003 6.623896 -0.059441 -1.696965 0.876768 8.006425 -34.399681 2.957999 -0.000007 0.000004 0.422035 2.000717 -17.172535 2.756902 0.000009 0.000002 0.298778 1.211759 -12.585002 2.334610 0.000011 0.000001 -0.000001 -0.000001 -0.000000 6.046968 -0.139187 -3.244340 3.587798 13.517598 -31.386116 2.623707 0.000009 0.000000 0.487203 2.680653 -29.100803 2.132117 0.000004 -0.000007 0.074785 1.530304 -6.724068 1.793219 0.000012 0.000000 -0.000003 -0.000001 0.000001 -4.224098 8.888414 -0.398196 -0.855008 5.246475 5.396786 22.093493 -2.727992 73.794723 -0.000020 32.516779 -0.000006 25.457271 8.380624 4.049675 -2.342537 -1.287619 1.805307 12.593951 -8.153694 -17.222421 -1.998870 -1.154047 1.154042 6.064830 -5.313234 -13.324095 -2.115646 -1.221473 1.221462 -13.753601 7.447206 9.069843 -1.745166 -1.007569 1.007566 -0.000001 -0.000011 -0.000001 -7.289624 -0.160562 1.788520 -0.934042 0.803122 10.773192 -2.816291 -0.000008 -0.000007 0.637324 -3.394051 26.746406 -2.639583 -0.000007 0.000007 -0.167847 -0.590567 17.433254 -2.241501 -0.000006 0.000014 0.000002 0.000002 0.000000 -7.060412 0.000008 0.000006 0.839964 -8.113515 23.112375 -3.340207 0.000003 0.000000 1.181246 -4.370036 38.023544 -3.056704 -0.000003 -0.000003 0.821945 -3.075371 31.081739 -2.639474 0.000000 -0.000009 -0.000001 0.000002 0.000000 -6.774590 0.049798 -1.636027 1.275984 -8.669401 41.005676 -2.923900 -0.000001 0.000013 0.713385 -2.594916 23.801116 -2.718001 -0.000011 0.000003 -0.130790 -0.209827 20.215118 -2.379610 0.000000 0.000009 -0.000000 -0.000001 0.000001 -6.148537 -0.175708 -3.130186 2.500283 -10.281923 45.253060 -2.627893 -0.000005 -0.000008 1.612578 -4.332255 49.089683 -2.122490 0.000017 -0.000005 -0.378858 -2.603567 43.266790 -1.792002 0.000002 0.000002 0.000001 -0.000002 -0.000001 7.556999 -4.826313 0.300478 -28.471184 -0.342211 1.304119 0.315534 -24.058294 0.537043 67.064323 2.618833 7.077238 -0.315537 -33.061478 0.084927 4.493386 0.182786 -0.860744 0.092046 -7.483318 10.511632 -5.994857 0.425113 -5.474219 0.082184 -0.046741 6.420124 -0.000001 -0.000000 0.000000 -7.557003 -4.826306 0.300484 -4.101856 -12.101552 9.621857 -0.315557 -24.058256 0.712181 12.317594 1.831905 -1.835713 0.315562 -33.061462 0.096916 -7.148552 -5.093193 -4.973681 -0.092060 -7.483411 10.296527 -2.773197 -0.000002 -0.000001 -0.082208 -0.046777 6.411405 -0.000000 -0.000000 -0.000000 
0.219347 68.685059 110.724838 -0.285095 9.949105 -3.536945 -0.000001 3.962386 -0.274314 2.603319 -0.672811 2.332733 0.000001 14.122135 -0.320022 1.656092 -2.278673 0.845950 0.000000 11.399152 -0.365733 -2.923703 -2.285056 0.251910 0.000000 9.938174 -0.411431 -3.367573 -1.151239 -0.983951 -0.000000 8.579116 0.114201 -1.349393 -3.841517 0.310223 0.000000 25.089088 0.333908 -0.000000 0.000000 -0.000000 4.224101 8.888440 -0.424614 8.280039 -20.929231 3.137780 1.625316 4.497742 -76.980269 0.000011 -36.305099 0.000006 19.884209 -19.957143 5.430811 2.354134 -1.272457 1.802822 28.897513 8.894104 20.768607 1.999429 -1.154373 1.154374 -8.690638 18.041873 -12.337710 2.113314 -1.220119 1.220122 7.946593 -11.221933 1.406953 1.744290 -1.007034 1.007056 -0.000001 -0.000000 -0.000003 7.198479 -0.169237 1.742685 0.321249 3.500377 3.987061 2.844903 -0.000006 -0.000001 0.265683 2.465269 -16.816388 2.665505 -0.000019 0.000002 -0.020309 0.178482 -3.850820 2.297409 -0.000006 -0.000012 0.000000 0.000001 0.000000 6.876539 -0.000006 -0.000005 0.605069 7.624338 -16.487696 3.256827 0.000016 -0.000001 0.612746 3.443009 -27.102869 3.177892 -0.000010 -0.000002 0.271804 1.846630 -15.987009 2.695116 -0.000016 -0.000006 0.000000 0.000002 0.000003 6.623896 -0.059441 -1.696965 0.876768 8.006425 -34.399681 2.957999 -0.000007 0.000004 0.422035 2.000717 -17.172535 2.756902 0.000009 0.000002 0.298778 1.211759 -12.585002 2.334610 0.000011 0.000001 -0.000001 -0.000001 -0.000000 6.046968 -0.139187 -3.244340 3.587798 13.517598 -31.386116 2.623707 0.000009 0.000000 0.487203 2.680653 -29.100803 2.132117 0.000004 -0.000007 0.074785 1.530304 -6.724068 1.793219 0.000012 0.000000 -0.000003 -0.000001 0.000001 -4.224098 8.888414 -0.398196 -0.855008 5.246475 5.396786 22.093493 -2.727992 73.794723 -0.000020 32.516779 -0.000006 25.457271 8.380624 4.049675 -2.342537 -1.287619 1.805307 12.593951 -8.153694 -17.222421 -1.998870 -1.154047 1.154042 6.064830 -5.313234 -13.324095 -2.115646 -1.221473 1.221462 -13.753601 7.447206 9.069843 -1.745166 -1.007569 1.007566 -0.000001 -0.000011 -0.000001 -7.289624 -0.160562 1.788520 -0.934042 0.803122 10.773192 -2.816291 -0.000008 -0.000007 0.637324 -3.394051 26.746406 -2.639583 -0.000007 0.000007 -0.167847 -0.590567 17.433254 -2.241501 -0.000006 0.000014 0.000002 0.000002 0.000000 -7.060412 0.000008 0.000006 0.839964 -8.113515 23.112375 -3.340207 0.000003 0.000000 1.181246 -4.370036 38.023544 -3.056704 -0.000003 -0.000003 0.821945 -3.075371 31.081739 -2.639474 0.000000 -0.000009 -0.000001 0.000002 0.000000 -6.774590 0.049798 -1.636027 1.275984 -8.669401 41.005676 -2.923900 -0.000001 0.000013 0.713385 -2.594916 23.801116 -2.718001 -0.000011 0.000003 -0.130790 -0.209827 20.215118 -2.379610 0.000000 0.000009 -0.000000 -0.000001 0.000001 -6.148537 -0.175708 -3.130186 2.500283 -10.281923 45.253060 -2.627893 -0.000005 -0.000008 1.612578 -4.332255 49.089683 -2.122490 0.000017 -0.000005 -0.378858 -2.603567 43.266790 -1.792002 0.000002 0.000002 0.000001 -0.000002 -0.000001 7.556999 -4.826313 0.300478 -28.471184 -0.342211 1.304119 0.315534 -24.058294 0.537043 67.064323 2.618833 7.077238 -0.315537 -33.061478 0.084927 4.493386 0.182786 -0.860744 0.092046 -7.483318 10.511632 -5.994857 0.425113 -5.474219 0.082184 -0.046741 6.420124 -0.000001 -0.000000 0.000000 -7.557003 -4.826306 0.300484 -4.101856 -12.101552 9.621857 -0.315557 -24.058256 0.712181 12.317594 1.831905 -1.835713 0.315562 -33.061462 0.096916 -7.148552 -5.093193 -4.973681 -0.092060 -7.483411 10.296527 -2.773197 -0.000002 -0.000001 -0.082208 -0.046777 6.411405 -0.000000 -0.000000 -0.000000 
0.219347 68.685059 110.724838 -0.285095 9.949105 -3.536945 -0.000001 3.962386 -0.274314 2.603319 -0.672811 2.332733 0.000001 14.122135 -0.320022 1.656092 -2.278673 0.845950 0.000000 11.399152 -0.365733 -2.923703 -2.285056 0.251910 0.000000 9.938174 -0.411431 -3.367573 -1.151239 -0.983951 -0.000000 8.579116 0.114201 -1.349393 -3.841517 0.310223 0.000000 25.089088 0.333908 -0.000000 0.000000 -0.000000 4.224101 8.888440 -0.424614 8.280039 -20.929231 3.137780 1.625316 4.497742 -76.980269 0.000011 -36.305099 0.000006 19.884209 -19.957143 5.430811 2.354134 -1.272457 1.802822 28.897513 8.894104 20.768607 1.999429 -1.154373 1.154374 -8.690638 18.041873 -12.337710 2.113314 -1.220119 1.220122 7.946593 -11.221933 1.406953 1.744290 -1.007034 1.007056 -0.000001 -0.000000 -0.000003 7.198479 -0.169237 1.742685 0.321249 3.500377 3.987061 2.844903 -0.000006 -0.000001 0.265683 2.465269 -16.816388 2.665505 -0.000019 0.000002 -0.020309 0.178482 -3.850820 2.297409 -0.000006 -0.000012 0.000000 0.000001 0.000000 6.876539 -0.000006 -0.000005 0.605069 7.624338 -16.487696 3.256827 0.000016 -0.000001 0.612746 3.443009 -27.102869 3.177892 -0.000010 -0.000002 0.271804 1.846630 -15.987009 2.695116 -0.000016 -0.000006 0.000000 0.000002 0.000003 6.623896 -0.059441 -1.696965 0.876768 8.006425 -34.399681 2.957999 -0.000007 0.000004 0.422035 2.000717 -17.172535 2.756902 0.000009 0.000002 0.298778 1.211759 -12.585002 2.334610 0.000011 0.000001 -0.000001 -0.000001 -0.000000 6.046968 -0.139187 -3.244340 3.587798 13.517598 -31.386116 2.623707 0.000009 0.000000 0.487203 2.680653 -29.100803 2.132117 0.000004 -0.000007 0.074785 1.530304 -6.724068 1.793219 0.000012 0.000000 -0.000003 -0.000001 0.000001 -4.224098 8.888414 -0.398196 -0.855008 5.246475 5.396786 22.093493 -2.727992 73.794723 -0.000020 32.516779 -0.000006 25.457271 8.380624 4.049675 -2.342537 -1.287619 1.805307 12.593951 -8.153694 -17.222421 -1.998870 -1.154047 1.154042 6.064830 -5.313234 -13.324095 -2.115646 -1.221473 1.221462 -13.753601 7.447206 9.069843 -1.745166 -1.007569 1.007566 -0.000001 -0.000011 -0.000001 -7.289624 -0.160562 1.788520 -0.934042 0.803122 10.773192 -2.816291 -0.000008 -0.000007 0.637324 -3.394051 26.746406 -2.639583 -0.000007 0.000007 -0.167847 -0.590567 17.433254 -2.241501 -0.000006 0.000014 0.000002 0.000002 0.000000 -7.060412 0.000008 0.000006 0.839964 -8.113515 23.112375 -3.340207 0.000003 0.000000 1.181246 -4.370036 38.023544 -3.056704 -0.000003 -0.000003 0.821945 -3.075371 31.081739 -2.639474 0.000000 -0.000009 -0.000001 0.000002 0.000000 -6.774590 0.049798 -1.636027 1.275984 -8.669401 41.005676 -2.923900 -0.000001 0.000013 0.713385 -2.594916 23.801116 -2.718001 -0.000011 0.000003 -0.130790 -0.209827 20.215118 -2.379610 0.000000 0.000009 -0.000000 -0.000001 0.000001 -6.148537 -0.175708 -3.130186 2.500283 -10.281923 45.253060 -2.627893 -0.000005 -0.000008 1.612578 -4.332255 49.089683 -2.122490 0.000017 -0.000005 -0.378858 -2.603567 43.266790 -1.792002 0.000002 0.000002 0.000001 -0.000002 -0.000001 7.556999 -4.826313 0.300478 -28.471184 -0.342211 1.304119 0.315534 -24.058294 0.537043 67.064323 2.618833 7.077238 -0.315537 -33.061478 0.084927 4.493386 0.182786 -0.860744 0.092046 -7.483318 10.511632 -5.994857 0.425113 -5.474219 0.082184 -0.046741 6.420124 -0.000001 -0.000000 0.000000 -7.557003 -4.826306 0.300484 -4.101856 -12.101552 9.621857 -0.315557 -24.058256 0.712181 12.317594 1.831905 -1.835713 0.315562 -33.061462 0.096916 -7.148552 -5.093193 -4.973681 -0.092060 -7.483411 10.296527 -2.773197 -0.000002 -0.000001 -0.082208 -0.046777 6.411405 -0.000000 -0.000000 -0.000000 
0.219347 68.685059 110.724838 -0.285095 9.949105 -3.536945 -0.000001 3.962386 -0.274314 2.603319 -0.672811 2.332733 0.000001 14.122135 -0.320022 1.656092 -2.278673 0.845950 0.000000 11.399152 -0.365733 -2.923703 -2.285056 0.251910 0.000000 9.938174 -0.411431 -3.367573 -1.151239 -0.983951 -0.000000 8.579116 0.114201 -1.349393 -3.841517 0.310223 0.000000 25.089088 0.333908 -0.000000 0.000000 -0.000000 4.224101 8.888440 -0.424614 8.280039 -20.929231 3.137780 1.625316 4.497742 -76.980269 0.000011 -36.305099 0.000006 19.884209 -19.957143 5.430811 2.354134 -1.272457 1.802822 28.897513 8.894104 20.768607 1.999429 -1.154373 1.154374 -8.690638 18.041873 -12.337710 2.113314 -1.220119 1.220122 7.946593 -11.221933 1.406953 1.744290 -1.007034 1.007056 -0.000001 -0.000000 -0.000003 7.198479 -0.169237 1.742685 0.321249 3.500377 3.987061 2.844903 -0.000006 -0.000001 0.265683 2.465269 -16.816388 2.665505 -0.000019 0.000002 -0.020309 0.178482 -3.850820 2.297409 -0.000006 -0.000012 0.000000 0.000001 0.000000 6.876539 -0.000006 -0.000005 0.605069 7.624338 -16.487696 3.256827 0.000016 -0.000001 0.612746 3.443009 -27.102869 3.177892 -0.000010 -0.000002 0.271804 1.846630 -15.987009 2.695116 -0.000016 -0.000006 0.000000 0.000002 0.000003 6.623896 -0.059441 -1.696965 0.876768 8.006425 -34.399681 2.957999 -0.000007 0.000004 0.422035 2.000717 -17.172535 2.756902 0.000009 0.000002 0.298778 1.211759 -12.585002 2.334610 0.000011 0.000001 -0.000001 -0.000001 -0.000000 6.046968 -0.139187 -3.244340 3.587798 13.517598 -31.386116 2.623707 0.000009 0.000000 0.487203 2.680653 -29.100803 2.132117 0.000004 -0.000007 0.074785 1.530304 -6.724068 1.793219 0.000012 0.000000 -0.000003 -0.000001 0.000001 -4.224098 8.888414 -0.398196 -0.855008 5.246475 5.396786 22.093493 -2.727992 73.794723 -0.000020 32.516779 -0.000006 25.457271 8.380624 4.049675 -2.342537 -1.287619 1.805307 12.593951 -8.153694 -17.222421 -1.998870 -1.154047 1.154042 6.064830 -5.313234 -13.324095 -2.115646 -1.221473 1.221462 -13.753601 7.447206 9.069843 -1.745166 -1.007569 1.007566 -0.000001 -0.000011 -0.000001 -7.289624 -0.160562 1.788520 -0.934042 0.803122 10.773192 -2.816291 -0.000008 -0.000007 0.637324 -3.394051 26.746406 -2.639583 -0.000007 0.000007 -0.167847 -0.590567 17.433254 -2.241501 -0.000006 0.000014 0.000002 0.000002 0.000000 -7.060412 0.000008 0.000006 0.839964 -8.113515 23.112375 -3.340207 0.000003 0.000000 1.181246 -4.370036 38.023544 -3.056704 -0.000003 -0.000003 0.821945 -3.075371 31.081739 -2.639474 0.000000 -0.000009 -0.000001 0.000002 0.000000 -6.774590 0.049798 -1.636027 1.275984 -8.669401 41.005676 -2.923900 -0.000001 0.000013 0.713385 -2.594916 23.801116 -2.718001 -0.000011 0.000003 -0.130790 -0.209827 20.215118 -2.379610 0.000000 0.000009 -0.000000 -0.000001 0.000001 -6.148537 -0.175708 -3.130186 2.500283 -10.281923 45.253060 -2.627893 -0.000005 -0.000008 1.612578 -4.332255 49.089683 -2.122490 0.000017 -0.000005 -0.378858 -2.603567 43.266790 -1.792002 0.000002 0.000002 0.000001 -0.000002 -0.000001 7.556999 -4.826313 0.300478 -28.471184 -0.342211 1.304119 0.315534 -24.058294 0.537043 67.064323 2.618833 7.077238 -0.315537 -33.061478 0.084927 4.493386 0.182786 -0.860744 0.092046 -7.483318 10.511632 -5.994857 0.425113 -5.474219 0.082184 -0.046741 6.420124 -0.000001 -0.000000 0.000000 -7.557003 -4.826306 0.300484 -4.101856 -12.101552 9.621857 -0.315557 -24.058256 0.712181 12.317594 1.831905 -1.835713 0.315562 -33.061462 0.096916 -7.148552 -5.093193 -4.973681 -0.092060 -7.483411 10.296527 -2.773197 -0.000002 -0.000001 -0.082208 -0.046777 6.411405 -0.000000 -0.000000 -0.000000 
0.219347 68.685059 110.724838 -0.285095 9.949105 -3.536945 -0.000001 3.962386 -0.274314 2.603319 -0.672811 2.332733 0.000001 14.122135 -0.320022 1.656092 -2.278673 0.845950 0.000000 11.399152 -0.365733 -2.923703 -2.285056 0.251910 0.000000 9.938174 -0.411431 -3.367573 -1.151239 -0.983951 -0.000000 8.579116 0.114201 -1.349393 -3.841517 0.310223 0.000000 25.089088 0.333908 -0.000000 0.000000 -0.000000 4.224101 8.888440 -0.424614 8.280039 -20.929231 3.137780 1.625316 4.497742 -76.980269 0.000011 -36.305099 0.000006 19.884209 -19.957143 5.430811 2.354134 -1.272457 1.802822 28.897513 8.894104 20.768607 1.999429 -1.154373 1.154374 -8.690638 18.041873 -12.337710 2.113314 -1.220119 1.220122 7.946593 -11.221933 1.406953 1.744290 -1.007034 1.007056 -0.000001 -0.000000 -0.000003 7.198479 -0.169237 1.742685 0.321249 3.500377 3.987061 2.844903 -0.000006 -0.000001 0.265683 2.465269 -16.816388 2.665505 -0.000019 0.000002 -0.020309 0.178482 -3.850820 2.297409 -0.000006 -0.000012 0.000000 0.000001 0.000000 6.876539 -0.000006 -0.000005 0.605069 7.624338 -16.487696 3.256827 0.000016 -0.000001 0.612746 3.443009 -27.102869 3.177892 -0.000010 -0.000002 0.271804 1.846630 -15.987009 2.695116 -0.000016 -0.000006 0.000000 0.000002 0.000003 6.623896 -0.059441 -1.696965 0.876768 8.006425 -34.399681 2.957999 -0.000007 0.000004 0.422035 2.000717 -17.172535 2.756902 0.000009 0.000002 0.298778 1.211759 -12.585002 2.334610 0.000011 0.000001 -0.000001 -0.000001 -0.000000 6.046968 -0.139187 -3.244340 3.587798 13.517598 -31.386116 2.623707 0.000009 0.000000 0.487203 2.680653 -29.100803 2.132117 0.000004 -0.000007 0.074785 1.530304 -6.724068 1.793219 0.000012 0.000000 -0.000003 -0.000001 0.000001 -4.224098 8.888414 -0.398196 -0.855008 5.246475 5.396786 22.093493 -2.727992 73.794723 -0.000020 32.516779 -0.000006 25.457271 8.380624 4.049675 -2.342537 -1.287619 1.805307 12.593951 -8.153694 -17.222421 -1.998870 -1.154047 1.154042 6.064830 -5.313234 -13.324095 -2.115646 -1.221473 1.221462 -13.753601 7.447206 9.069843 -1.745166 -1.007569 1.007566 -0.000001 -0.000011 -0.000001 -7.289624 -0.160562 1.788520 -0.934042 0.803122 10.773192 -2.816291 -0.000008 -0.000007 0.637324 -3.394051 26.746406 -2.639583 -0.000007 0.000007 -0.167847 -0.590567 17.433254 -2.241501 -0.000006 0.000014 0.000002 0.000002 0.000000 -7.060412 0.000008 0.000006 0.839964 -8.113515 23.112375 -3.340207 0.000003 0.000000 1.181246 -4.370036 38.023544 -3.056704 -0.000003 -0.000003 0.821945 -3.075371 31.081739 -2.639474 0.000000 -0.000009 -0.000001 0.000002 0.000000 -6.774590 0.049798 -1.636027 1.275984 -8.669401 41.005676 -2.923900 -0.000001 0.000013 0.713385 -2.594916 23.801116 -2.718001 -0.000011 0.000003 -0.130790 -0.209827 20.215118 -2.379610 0.000000 0.000009 -0.000000 -0.000001 0.000001 -6.148537 -0.175708 -3.130186 2.500283 -10.281923 45.253060 -2.627893 -0.000005 -0.000008 1.612578 -4.332255 49.089683 -2.122490 0.000017 -0.000005 -0.378858 -2.603567 43.266790 -1.792002 0.000002 0.000002 0.000001 -0.000002 -0.000001 7.556999 -4.826313 0.300478 -28.471184 -0.342211 1.304119 0.315534 -24.058294 0.537043 67.064323 2.618833 7.077238 -0.315537 -33.061478 0.084927 4.493386 0.182786 -0.860744 0.092046 -7.483318 10.511632 -5.994857 0.425113 -5.474219 0.082184 -0.046741 6.420124 -0.000001 -0.000000 0.000000 -7.557003 -4.826306 0.300484 -4.101856 -12.101552 9.621857 -0.315557 -24.058256 0.712181 12.317594 1.831905 -1.835713 0.315562 -33.061462 0.096916 -7.148552 -5.093193 -4.973681 -0.092060 -7.483411 10.296527 -2.773197 -0.000002 -0.000001 -0.082208 -0.046777 6.411405 -0.000000 -0.000000 -0.000000 
0.219347 68.685059 110.724838 -0.285095 9.949105 -3.536945 -0.000001 3.962386 -0.274314 2.603319 -0.672811 2.332733 0.000001 14.122135 -0.320022 1.656092 -2.278673 0.845950 0.000000 11.399152 -0.365733 -2.923703 -2.285056 0.251910 0.000000 9.938174 -0.411431 -3.367573 -1.151239 -0.983951 -0.000000 8.579116 0.114201 -1.349393 -3.841517 0.310223 0.000000 25.089088 0.333908 -0.000000 0.000000 -0.000000 4.224101 8.888440 -0.424614 8.280039 -20.929231 3.137780 1.625316 4.497742 -76.980269 0.000011 -36.305099 0.000006 19.884209 -19.957143 5.430811 2.354134 -1.272457 1.802822 28.897513 8.894104 20.768607 1.999429 -1.154373 1.154374 -8.690638 18.041873 -12.337710 2.113314 -1.220119 1.220122 7.946593 -11.221933 1.406953 1.744290 -1.007034 1.007056 -0.000001 -0.000000 -0.000003 7.198479 -0.169237 1.742685 0.321249 3.500377 3.987061 2.844903 -0.000006 -0.000001 0.265683 2.465269 -16.816388 2.665505 -0.000019 0.000002 -0.020309 0.178482 -3.850820 2.297409 -0.000006 -0.000012 0.000000 0.000001 0.000000 6.876539 -0.000006 -0.000005 0.605069 7.624338 -16.487696 3.256827 0.000016 -0.000001 0.612746 3.443009 -27.102869 3.177892 -0.000010 -0.000002 0.271804 1.846630 -15.987009 2.695116 -0.000016 -0.000006 0.000000 0.000002 0.000003 6.623896 -0.059441 -1.696965 0.876768 8.006425 -34.399681 2.957999 -0.000007 0.000004 0.422035 2.000717 -17.172535 2.756902 0.000009 0.000002 0.298778 1.211759 -12.585002 2.334610 0.000011 0.000001 -0.000001 -0.000001 -0.000000 6.046968 -0.139187 -3.244340 3.587798 13.517598 -31.386116 2.623707 0.000009 0.000000 0.487203 2.680653 -29.100803 2.132117 0.000004 -0.000007 0.074785 1.530304 -6.724068 1.793219 0.000012 0.000000 -0.000003 -0.000001 0.000001 -4.224098 8.888414 -0.398196 -0.855008 5.246475 5.396786 22.093493 -2.727992 73.794723 -0.000020 32.516779 -0.000006 25.457271 8.380624 4.049675 -2.342537 -1.287619 1.805307 12.593951 -8.153694 -17.222421 -1.998870 -1.154047 1.154042 6.064830 -5.313234 -13.324095 -2.115646 -1.221473 1.221462 -13.753601 7.447206 9.069843 -1.745166 -1.007569 1.007566 -0.000001 -0.000011 -0.000001 -7.289624 -0.160562 1.788520 -0.934042 0.803122 10.773192 -2.816291 -0.000008 -0.000007 0.637324 -3.394051 26.746406 -2.639583 -0.000007 0.000007 -0.167847 -0.590567 17.433254 -2.241501 -0.000006 0.000014 0.000002 0.000002 0.000000 -7.060412 0.000008 0.000006 0.839964 -8.113515 23.112375 -3.340207 0.000003 0.000000 1.181246 -4.370036 38.023544 -3.056704 -0.000003 -0.000003 0.821945 -3.075371 31.081739 -2.639474 0.000000 -0.000009 -0.000001 0.000002 0.000000 -6.774590 0.049798 -1.636027 1.275984 -8.669401 41.005676 -2.923900 -0.000001 0.000013 0.713385 -2.594916 23.801116 -2.718001 -0.000011 0.000003 -0.130790 -0.209827 20.215118 -2.379610 0.000000 0.000009 -0.000000 -0.000001 0.000001 -6.148537 -0.175708 -3.130186 2.500283 -10.281923 45.253060 -2.627893 -0.000005 -0.000008 1.612578 -4.332255 49.089683 -2.122490 0.000017 -0.000005 -0.378858 -2.603567 43.266790 -1.792002 0.000002 0.000002 0.000001 -0.000002 -0.000001 7.556999 -4.826313 0.300478 -28.471184 -0.342211 1.304119 0.315534 -24.058294 0.537043 67.064323 2.618833 7.077238 -0.315537 -33.061478 0.084927 4.493386 0.182786 -0.860744 0.092046 -7.483318 10.511632 -5.994857 0.425113 -5.474219 0.082184 -0.046741 6.420124 -0.000001 -0.000000 0.000000 -7.557003 -4.826306 0.300484 -4.101856 -12.101552 9.621857 -0.315557 -24.058256 0.712181 12.317594 1.831905 -1.835713 0.315562 -33.061462 0.096916 -7.148552 -5.093193 -4.973681 -0.092060 -7.483411 10.296527 -2.773197 -0.000002 -0.000001 -0.082208 -0.046777 6.411405 -0.000000 -0.000000 -0.000000 
0.219347 68.685059 110.724838 -0.285095 9.949105 -3.536945 -0.000001 3.962386 -0.274314 2.603319 -0.672811 2.332733 0.000001 14.122135 -0.320022 1.656092 -2.278673 0.845950 0.000000 11.399152 -0.365733 -2.923703 -2.285056 0.251910 0.000000 9.938174 -0.411431 -3.367573 -1.151239 -0.983951 -0.000000 8.579116 0.114201 -1.349393 -3.841517 0.310223 0.000000 25.089088 0.333908 -0.000000 0.000000 -0.000000 4.224101 8.888440 -0.424614 8.280039 -20.929231 3.137780 1.625316 4.497742 -76.980269 0.000011 -36.305099 0.000006 19.884209 -19.957143 5.430811 2.354134 -1.272457 1.802822 28.897513 8.894104 20.768607 1.999429 -1.154373 1.154374 -8.690638 18.041873 -12.337710 2.113314 -1.220119 1.220122 7.946593 -11.221933 1.406953 1.744290 -1.007034 1.007056 -0.000001 -0.000000 -0.000003 7.198479 -0.169237 1.742685 0.321249 3.500377 3.987061 2.844903 -0.000006 -0.000001 0.265683 2.465269 -16.816388 2.665505 -0.000019 0.000002 -0.020309 0.178482 -3.850820 2.297409 -0.000006 -0.000012 0.000000 0.000001 0.000000 6.876539 -0.000006 -0.000005 0.605069 7.624338 -16.487696 3.256827 0.000016 -0.000001 0.612746 3.443009 -27.102869 3.177892 -0.000010 -0.000002 0.271804 1.846630 -15.987009 2.695116 -0.000016 -0.000006 0.000000 0.000002 0.000003 6.623896 -0.059441 -1.696965 0.876768 8.006425 -34.399681 2.957999 -0.000007 0.000004 0.422035 2.000717 -17.172535 2.756902 0.000009 0.000002 0.298778 1.211759 -12.585002 2.334610 0.000011 0.000001 -0.000001 -0.000001 -0.000000 6.046968 -0.139187 -3.244340 3.587798 13.517598 -31.386116 2.623707 0.000009 0.000000 0.487203 2.680653 -29.100803 2.132117 0.000004 -0.000007 0.074785 1.530304 -6.724068 1.793219 0.000012 0.000000 -0.000003 -0.000001 0.000001 -4.224098 8.888414 -0.398196 -0.855008 5.246475 5.396786 22.093493 -2.727992 73.794723 -0.000020 32.516779 -0.000006 25.457271 8.380624 4.049675 -2.342537 -1.287619 1.805307 12.593951 -8.153694 -17.222421 -1.998870 -1.154047 1.154042 6.064830 -5.313234 -13.324095 -2.115646 -1.221473 1.221462 -13.753601 7.447206 9.069843 -1.745166 -1.007569 1.007566 -0.000001 -0.000011 -0.000001 -7.289624 -0.160562 1.788520 -0.934042 0.803122 10.773192 -2.816291 -0.000008 -0.000007 0.637324 -3.394051 26.746406 -2.639583 -0.000007 0.000007 -0.167847 -0.590567 17.433254 -2.241501 -0.000006 0.000014 0.000002 0.000002 0.000000 -7.060412 0.000008 0.000006 0.839964 -8.113515 23.112375 -3.340207 0.000003 0.000000 1.181246 -4.370036 38.023544 -3.056704 -0.000003 -0.000003 0.821945 -3.075371 31.081739 -2.639474 0.000000 -0.000009 -0.000001 0.000002 0.000000 -6.774590 0.049798 -1.636027 1.275984 -8.669401 41.005676 -2.923900 -0.000001 0.000013 0.713385 -2.594916 23.801116 -2.718001 -0.000011 0.000003 -0.130790 -0.209827 20.215118 -2.379610 0.000000 0.000009 -0.000000 -0.000001 0.000001 -6.148537 -0.175708 -3.130186 2.500283 -10.281923 45.253060 -2.627893 -0.000005 -0.000008 1.612578 -4.332255 49.089683 -2.122490 0.000017 -0.000005 -0.378858 -2.603567 43.266790 -1.792002 0.000002 0.000002 0.000001 -0.000002 -0.000001 7.556999 -4.826313 0.300478 -28.471184 -0.342211 1.304119 0.315534 -24.058294 0.537043 67.064323 2.618833 7.077238 -0.315537 -33.061478 0.084927 4.493386 0.182786 -0.860744 0.092046 -7.483318 10.511632 -5.994857 0.425113 -5.474219 0.082184 -0.046741 6.420124 -0.000001 -0.000000 0.000000 -7.557003 -4.826306 0.300484 -4.101856 -12.101552 9.621857 -0.315557 -24.058256 0.712181 12.317594 1.831905 -1.835713 0.315562 -33.061462 0.096916 -7.148552 -5.093193 -4.973681 -0.092060 -7.483411 10.296527 -2.773197 -0.000002 -0.000001 -0.082208 -0.046777 6.411405 -0.000000 -0.000000 -0.000000 
0.219347 68.685059 110.724838 -0.285095 9.949105 -3.536945 -0.000001 3.962386 -0.274314 2.603319 -0.672811 2.332733 0.000001 14.122135 -0.320022 1.656092 -2.278673 0.845950 0.000000 11.399152 -0.365733 -2.923703 -2.285056 0.251910 0.000000 9.938174 -0.411431 -3.367573 -1.151239 -0.983951 -0.000000 8.579116 0.114201 -1.349393 -3.841517 0.310223 0.000000 25.089088 0.333908 -0.000000 0.000000 -0.000000 4.224101 8.888440 -0.424614 8.280039 -20.929231 3.137780 1.625316 4.497742 -76.980269 0.000011 -36.305099 0.000006 19.884209 -19.957143 5.430811 2.354134 -1.272457 1.802822 28.897513 8.894104 20.768607 1.999429 -1.154373 1.154374 -8.690638 18.041873 -12.337710 2.113314 -1.220119 1.220122 7.946593 -11.221933 1.406953 1.744290 -1.007034 1.007056 -0.000001 -0.000000 -0.000003 7.198479 -0.169237 1.742685 0.321249 3.500377 3.987061 2.844903 -0.000006 -0.000001 0.265683 2.465269 -16.816388 2.665505 -0.000019 0.000002 -0.020309 0.178482 -3.850820 2.297409 -0.000006 -0.000012 0.000000 0.000001 0.000000 6.876539 -0.000006 -0.000005 0.605069 7.624338 -16.487696 3.256827 0.000016 -0.000001 0.612746 3.443009 -27.102869 3.177892 -0.000010 -0.000002 0.271804 1.846630 -15.987009 2.695116 -0.000016 -0.000006 0.000000 0.000002 0.000003 6.623896 -0.059441 -1.696965 0.876768 8.006425 -34.399681 2.957999 -0.000007 0.000004 0.422035 2.000717 -17.172535 2.756902 0.000009 0.000002 0.298778 1.211759 -12.585002 2.334610 0.000011 0.000001 -0.000001 -0.000001 -0.000000 6.046968 -0.139187 -3.244340 3.587798 13.517598 -31.386116 2.623707 0.000009 0.000000 0.487203 2.680653 -29.100803 2.132117 0.000004 -0.000007 0.074785 1.530304 -6.724068 1.793219 0.000012 0.000000 -0.000003 -0.000001 0.000001 -4.224098 8.888414 -0.398196 -0.855008 5.246475 5.396786 22.093493 -2.727992 73.794723 -0.000020 32.516779 -0.000006 25.457271 8.380624 4.049675 -2.342537 -1.287619 1.805307 12.593951 -8.153694 -17.222421 -1.998870 -1.154047 1.154042 6.064830 -5.313234 -13.324095 -2.115646 -1.221473 1.221462 -13.753601 7.447206 9.069843 -1.745166 -1.007569 1.007566 -0.000001 -0.000011 -0.000001 -7.289624 -0.160562 1.788520 -0.934042 0.803122 10.773192 -2.816291 -0.000008 -0.000007 0.637324 -3.394051 26.746406 -2.639583 -0.000007 0.000007 -0.167847 -0.590567 17.433254 -2.241501 -0.000006 0.000014 0.000002 0.000002 0.000000 -7.060412 0.000008 0.000006 0.839964 -8.113515 23.112375 -3.340207 0.000003 0.000000 1.181246 -4.370036 38.023544 -3.056704 -0.000003 -0.000003 0.821945 -3.075371 31.081739 -2.639474 0.000000 -0.000009 -0.000001 0.000002 0.000000 -6.774590 0.049798 -1.636027 1.275984 -8.669401 41.005676 -2.923900 -0.000001 0.000013 0.713385 -2.594916 23.801116 -2.718001 -0.000011 0.000003 -0.130790 -0.209827 20.215118 -2.379610 0.000000 0.000009 -0.000000 -0.000001 0.000001 -6.148537 -0.175708 -3.130186 2.500283 -10.281923 45.253060 -2.627893 -0.000005 -0.000008 1.612578 -4.332255 49.089683 -2.122490 0.000017 -0.000005 -0.378858 -2.603567 43.266790 -1.792002 0.000002 0.000002 0.000001 -0.000002 -0.000001 7.556999 -4.826313 0.300478 -28.471184 -0.342211 1.304119 0.315534 -24.058294 0.537043 67.064323 2.618833 7.077238 -0.315537 -33.061478 0.084927 4.493386 0.182786 -0.860744 0.092046 -7.483318 10.511632 -5.994857 0.425113 -5.474219 0.082184 -0.046741 6.420124 -0.000001 -0.000000 0.000000 -7.557003 -4.826306 0.300484 -4.101856 -12.101552 9.621857 -0.315557 -24.058256 0.712181 12.317594 1.831905 -1.835713 0.315562 -33.061462 0.096916 -7.148552 -5.093193 -4.973681 -0.092060 -7.483411 10.296527 -2.773197 -0.000002 -0.000001 -0.082208 -0.046777 6.411405 -0.000000 -0.000000 -0.000000 
0.219347 68.685059 110.724838 -0.285095 9.949105 -3.536945 -0.000001 3.962386 -0.274314 2.603319 -0.672811 2.332733 0.000001 14.122135 -0.320022 1.656092 -2.278673 0.845950 0.000000 11.399152 -0.365733 -2.923703 -2.285056 0.251910 0.000000 9.938174 -0.411431 -3.367573 -1.151239 -0.983951 -0.000000 8.579116 0.114201 -1.349393 -3.841517 0.310223 0.000000 25.089088 0.333908 -0.000000 0.000000 -0.000000 4.224101 8.888440 -0.424614 8.280039 -20.929231 3.137780 1.625316 4.497742 -76.980269 0.000011 -36.305099 0.000006 19.884209 -19.957143 5.430811 2.354134 -1.272457 1.802822 28.897513 8.894104 20.768607 1.999429 -1.154373 1.154374 -8.690638 18.041873 -12.337710 2.113314 -1.220119 1.220122 7.946593 -11.221933 1.406953 1.744290 -1.007034 1.007056 -0.000001 -0.000000 -0.000003 7.198479 -0.169237 1.742685 0.321249 3.500377 3.987061 2.844903 -0.000006 -0.000001 0.265683 2.465269 -16.816388 2.665505 -0.000019 0.000002 -0.020309 0.178482 -3.850820 2.297409 -0.000006 -0.000012 0.000000 0.000001 0.000000 6.876539 -0.000006 -0.000005 0.605069 7.624338 -16.487696 3.256827 0.000016 -0.000001 0.612746 3.443009 -27.102869 3.177892 -0.000010 -0.000002 0.271804 1.846630 -15.987009 2.695116 -0.000016 -0.000006 0.000000 0.000002 0.000003 6.623896 -0.059441 -1.696965 0.876768 8.006425 -34.399681 2.957999 -0.000007 0.000004 0.422035 2.000717 -17.172535 2.756902 0.000009 0.000002 0.298778 1.211759 -12.585002 2.334610 0.000011 0.000001 -0.000001 -0.000001 -0.000000 6.046968 -0.139187 -3.244340 3.587798 13.517598 -31.386116 2.623707 0.000009 0.000000 0.487203 2.680653 -29.100803 2.132117 0.000004 -0.000007 0.074785 1.530304 -6.724068 1.793219 0.000012 0.000000 -0.000003 -0.000001 0.000001 -4.224098 8.888414 -0.398196 -0.855008 5.246475 5.396786 22.093493 -2.727992 73.794723 -0.000020 32.516779 -0.000006 25.457271 8.380624 4.049675 -2.342537 -1.287619 1.805307 12.593951 -8.153694 -17.222421 -1.998870 -1.154047 1.154042 6.064830 -5.313234 -13.324095 -2.115646 -1.221473 1.221462 -13.753601 7.447206 9.069843 -1.745166 -1.007569 1.007566 -0.000001 -0.000011 -0.000001 -7.289624 -0.160562 1.788520 -0.934042 0.803122 10.773192 -2.816291 -0.000008 -0.000007 0.637324 -3.394051 26.746406 -2.639583 -0.000007 0.000007 -0.167847 -0.590567 17.433254 -2.241501 -0.000006 0.000014 0.000002 0.000002 0.000000 -7.060412 0.000008 0.000006 0.839964 -8.113515 23.112375 -3.340207 0.000003 0.000000 1.181246 -4.370036 38.023544 -3.056704 -0.000003 -0.000003 0.821945 -3.075371 31.081739 -2.639474 0.000000 -0.000009 -0.000001 0.000002 0.000000 -6.774590 0.049798 -1.636027 1.275984 -8.669401 41.005676 -2.923900 -0.000001 0.000013 0.713385 -2.594916 23.801116 -2.718001 -0.000011 0.000003 -0.130790 -0.209827 20.215118 -2.379610 0.000000 0.000009 -0.000000 -0.000001 0.000001 -6.148537 -0.175708 -3.130186 2.500283 -10.281923 45.253060 -2.627893 -0.000005 -0.000008 1.612578 -4.332255 49.089683 -2.122490 0.000017 -0.000005 -0.378858 -2.603567 43.266790 -1.792002 0.000002 0.000002 0.000001 -0.000002 -0.000001 7.556999 -4.826313 0.300478 -28.471184 -0.342211 1.304119 0.315534 -24.058294 0.537043 67.064323 2.618833 7.077238 -0.315537 -33.061478 0.084927 4.493386 0.182786 -0.860744 0.092046 -7.483318 10.511632 -5.994857 0.425113 -5.474219 0.082184 -0.046741 6.420124 -0.000001 -0.000000 0.000000 -7.557003 -4.826306 0.300484 -4.101856 -12.101552 9.621857 -0.315557 -24.058256 0.712181 12.317594 1.831905 -1.835713 0.315562 -33.061462 0.096916 -7.148552 -5.093193 -4.973681 -0.092060 -7.483411 10.296527 -2.773197 -0.000002 -0.000001 -0.082208 -0.046777 6.411405 -0.000000 -0.000000 -0.000000 
0.219347 68.685059 110.724838 -0.285095 9.949105 -3.536945 -0.000001 3.962386 -0.274314 2.603319 -0.672811 2.332733 0.000001 14.122135 -0.320022 1.656092 -2.278673 0.845950 0.000000 11.399152 -0.365733 -2.923703 -2.285056 0.251910 0.000000 9.938174 -0.411431 -3.367573 -1.151239 -0.983951 -0.000000 8.579116 0.114201 -1.349393 -3.841517 0.310223 0.000000 25.089088 0.333908 -0.000000 0.000000 -0.000000 4.224101 8.888440 -0.424614 8.280039 -20.929231 3.137780 1.625316 4.497742 -76.980269 0.000011 -36.305099 0.000006 19.884209 -19.957143 5.430811 2.354134 -1.272457 1.802822 28.897513 8.894104 20.768607 1.999429 -1.154373 1.154374 -8.690638 18.041873 -12.337710 2.113314 -1.220119 1.220122 7.946593 -11.221933 1.406953 1.744290 -1.007034 1.007056 -0.000001 -0.000000 -0.000003 7.198479 -0.169237 1.742685 0.321249 3.500377 3.987061 2.844903 -0.000006 -0.000001 0.265683 2.465269 -16.816388 2.665505 -0.000019 0.000002 -0.020309 0.178482 -3.850820 2.297409 -0.000006 -0.000012 0.000000 0.000001 0.000000 6.876539 -0.000006 -0.000005 0.605069 7.624338 -16.487696 3.256827 0.000016 -0.000001 0.612746 3.443009 -27.102869 3.177892 -0.000010 -0.000002 0.271804 1.846630 -15.987009 2.695116 -0.000016 -0.000006 0.000000 0.000002 0.000003 6.623896 -0.059441 -1.696965 0.876768 8.006425 -34.399681 2.957999 -0.000007 0.000004 0.422035 2.000717 -17.172535 2.756902 0.000009 0.000002 0.298778 1.211759 -12.585002 2.334610 0.000011 0.000001 -0.000001 -0.000001 -0.000000 6.046968 -0.139187 -3.244340 3.587798 13.517598 -31.386116 2.623707 0.000009 0.000000 0.487203 2.680653 -29.100803 2.132117 0.000004 -0.000007 0.074785 1.530304 -6.724068 1.793219 0.000012 0.000000 -0.000003 -0.000001 0.000001 -4.224098 8.888414 -0.398196 -0.855008 5.246475 5.396786 22.093493 -2.727992 73.794723 -0.000020 32.516779 -0.000006 25.457271 8.380624 4.049675 -2.342537 -1.287619 1.805307 12.593951 -8.153694 -17.222421 -1.998870 -1.154047 1.154042 6.064830 -5.313234 -13.324095 -2.115646 -1.221473 1.221462 -13.753601 7.447206 9.069843 -1.745166 -1.007569 1.007566 -0.000001 -0.000011 -0.000001 -7.289624 -0.160562 1.788520 -0.934042 0.803122 10.773192 -2.816291 -0.000008 -0.000007 0.637324 -3.394051 26.746406 -2.639583 -0.000007 0.000007 -0.167847 -0.590567 17.433254 -2.241501 -0.000006 0.000014 0.000002 0.000002 0.000000 -7.060412 0.000008 0.000006 0.839964 -8.113515 23.112375 -3.340207 0.000003 0.000000 1.181246 -4.370036 38.023544 -3.056704 -0.000003 -0.000003 0.821945 -3.075371 31.081739 -2.639474 0.000000 -0.000009 -0.000001 0.000002 0.000000 -6.774590 0.049798 -1.636027 1.275984 -8.669401 41.005676 -2.923900 -0.000001 0.000013 0.713385 -2.594916 23.801116 -2.718001 -0.000011 0.000003 -0.130790 -0.209827 20.215118 -2.379610 0.000000 0.000009 -0.000000 -0.000001 0.000001 -6.148537 -0.175708 -3.130186 2.500283 -10.281923 45.253060 -2.627893 -0.000005 -0.000008 1.612578 -4.332255 49.089683 -2.122490 0.000017 -0.000005 -0.378858 -2.603567 43.266790 -1.792002 0.000002 0.000002 0.000001 -0.000002 -0.000001 7.556999 -4.826313 0.300478 -28.471184 -0.342211 1.304119 0.315534 -24.058294 0.537043 67.064323 2.618833 7.077238 -0.315537 -33.061478 0.084927 4.493386 0.182786 -0.860744 0.092046 -7.483318 10.511632 -5.994857 0.425113 -5.474219 0.082184 -0.046741 6.420124 -0.000001 -0.000000 0.000000 -7.557003 -4.826306 0.300484 -4.101856 -12.101552 9.621857 -0.315557 -24.058256 0.712181 12.317594 1.831905 -1.835713 0.315562 -33.061462 0.096916 -7.148552 -5.093193 -4.973681 -0.092060 -7.483411 10.296527 -2.773197 -0.000002 -0.000001 -0.082208 -0.046777 6.411405 -0.000000 -0.000000 -0.000000 
0.219347 68.685059 110.724838 -0.285095 9.949105 -3.536945 -0.000001 3.962386 -0.274314 2.603319 -0.672811 2.332733 0.000001 14.122135 -0.320022 1.656092 -2.278673 0.845950 0.000000 11.399152 -0.365733 -2.923703 -2.285056 0.251910 0.000000 9.938174 -0.411431 -3.367573 -1.151239 -0.983951 -0.000000 8.579116 0.114201 -1.349393 -3.841517 0.310223 0.000000 25.089088 0.333908 -0.000000 0.000000 -0.000000 4.224101 8.888440 -0.424614 8.280039 -20.929231 3.137780 1.625316 4.497742 -76.980269 0.000011 -36.305099 0.000006 19.884209 -19.957143 5.430811 2.354134 -1.272457 1.802822 28.897513 8.894104 20.768607 1.999429 -1.154373 1.154374 -8.690638 18.041873 -12.337710 2.113314 -1.220119 1.220122 7.946593 -11.221933 1.406953 1.744290 -1.007034 1.007056 -0.000001 -0.000000 -0.000003 7.198479 -0.169237 1.742685 0.321249 3.500377 3.987061 2.844903 -0.000006 -0.000001 0.265683 2.465269 -16.816388 2.665505 -0.000019 0.000002 -0.020309 0.178482 -3.850820 2.297409 -0.000006 -0.000012 0.000000 0.000001 0.000000 6.876539 -0.000006 -0.000005 0.605069 7.624338 -16.487696 3.256827 0.000016 -0.000001 0.612746 3.443009 -27.102869 3.177892 -0.000010 -0.000002 0.271804 1.846630 -15.987009 2.695116 -0.000016 -0.000006 0.000000 0.000002 0.000003 6.623896 -0.059441 -1.696965 0.876768 8.006425 -34.399681 2.957999 -0.000007 0.000004 0.422035 2.000717 -17.172535 2.756902 0.000009 0.000002 0.298778 1.211759 -12.585002 2.334610 0.000011 0.000001 -0.000001 -0.000001 -0.000000 6.046968 -0.139187 -3.244340 3.587798 13.517598 -31.386116 2.623707 0.000009 0.000000 0.487203 2.680653 -29.100803 2.132117 0.000004 -0.000007 0.074785 1.530304 -6.724068 1.793219 0.000012 0.000000 -0.000003 -0.000001 0.000001 -4.224098 8.888414 -0.398196 -0.855008 5.246475 5.396786 22.093493 -2.727992 73.794723 -0.000020 32.516779 -0.000006 25.457271 8.380624 4.049675 -2.342537 -1.287619 1.805307 12.593951 -8.153694 -17.222421 -1.998870 -1.154047 1.154042 6.064830 -5.313234 -13.324095 -2.115646 -1.221473 1.221462 -13.753601 7.447206 9.069843 -1.745166 -1.007569 1.007566 -0.000001 -0.000011 -0.000001 -7.289624 -0.160562 1.788520 -0.934042 0.803122 10.773192 -2.816291 -0.000008 -0.000007 0.637324 -3.394051 26.746406 -2.639583 -0.000007 0.000007 -0.167847 -0.590567 17.433254 -2.241501 -0.000006 0.000014 0.000002 0.000002 0.000000 -7.060412 0.000008 0.000006 0.839964 -8.113515 23.112375 -3.340207 0.000003 0.000000 1.181246 -4.370036 38.023544 -3.056704 -0.000003 -0.000003 0.821945 -3.075371 31.081739 -2.639474 0.000000 -0.000009 -0.000001 0.000002 0.000000 -6.774590 0.049798 -1.636027 1.275984 -8.669401 41.005676 -2.923900 -0.000001 0.000013 0.713385 -2.594916 23.801116 -2.718001 -0.000011 0.000003 -0.130790 -0.209827 20.215118 -2.379610 0.000000 0.000009 -0.000000 -0.000001 0.000001 -6.148537 -0.175708 -3.130186 2.500283 -10.281923 45.253060 -2.627893 -0.000005 -0.000008 1.612578 -4.332255 49.089683 -2.122490 0.000017 -0.000005 -0.378858 -2.603567 43.266790 -1.792002 0.000002 0.000002 0.000001 -0.000002 -0.000001 7.556999 -4.826313 0.300478 -28.471184 -0.342211 1.304119 0.315534 -24.058294 0.537043 67.064323 2.618833 7.077238 -0.315537 -33.061478 0.084927 4.493386 0.182786 -0.860744 0.092046 -7.483318 10.511632 -5.994857 0.425113 -5.474219 0.082184 -0.046741 6.420124 -0.000001 -0.000000 0.000000 -7.557003 -4.826306 0.300484 -4.101856 -12.101552 9.621857 -0.315557 -24.058256 0.712181 12.317594 1.831905 -1.835713 0.315562 -33.061462 0.096916 -7.148552 -5.093193 -4.973681 -0.092060 -7.483411 10.296527 -2.773197 -0.000002 -0.000001 -0.082208 -0.046777 6.411405 -0.000000 -0.000000 -0.000000 
0.219347 68.685059 110.724838 -0.285095 9.949105 -3.536945 -0.000001 3.962386 -0.274314 2.603319 -0.672811 2.332733 0.000001 14.122135 -0.320022 1.656092 -2.278673 0.845950 0.000000 11.399152 -0.365733 -2.923703 -2.285056 0.251910 0.000000 9.938174 -0.411431 -3.367573 -1.151239 -0.983951 -0.000000 8.579116 0.114201 -1.349393 -3.841517 0.310223 0.000000 25.089088 0.333908 -0.000000 0.000000 -0.000000 4.224101 8.888440 -0.424614 8.280039 -20.929231 3.137780 1.625316 4.497742 -76.980269 0.000011 -36.305099 0.000006 19.884209 -19.957143 5.430811 2.354134 -1.272457 1.802822 28.897513 8.894104 20.768607 1.999429 -1.154373 1.154374 -8.690638 18.041873 -12.337710 2.113314 -1.220119 1.220122 7.946593 -11.221933 1.406953 1.744290 -1.007034 1.007056 -0.000001 -0.000000 -0.000003 7.198479 -0.169237 1.742685 0.321249 3.500377 3.987061 2.844903 -0.000006 -0.000001 0.265683 2.465269 -16.816388 2.665505 -0.000019 0.000002 -0.020309 0.178482 -3.850820 2.297409 -0.000006 -0.000012 0.000000 0.000001 0.000000 6.876539 -0.000006 -0.000005 0.605069 7.624338 -16.487696 3.256827 0.000016 -0.000001 0.612746 3.443009 -27.102869 3.177892 -0.000010 -0.000002 0.271804 1.846630 -15.987009 2.695116 -0.000016 -0.000006 0.000000 0.000002 0.000003 6.623896 -0.059441 -1.696965 0.876768 8.006425 -34.399681 2.957999 -0.000007 0.000004 0.422035 2.000717 -17.172535 2.756902 0.000009 0.000002 0.298778 1.211759 -12.585002 2.334610 0.000011 0.000001 -0.000001 -0.000001 -0.000000 6.046968 -0.139187 -3.244340 3.587798 13.517598 -31.386116 2.623707 0.000009 0.000000 0.487203 2.680653 -29.100803 2.132117 0.000004 -0.000007 0.074785 1.530304 -6.724068 1.793219 0.000012 0.000000 -0.000003 -0.000001 0.000001 -4.224098 8.888414 -0.398196 -0.855008 5.246475 5.396786 22.093493 -2.727992 73.794723 -0.000020 32.516779 -0.000006 25.457271 8.380624 4.049675 -2.342537 -1.287619 1.805307 12.593951 -8.153694 -17.222421 -1.998870 -1.154047 1.154042 6.064830 -5.313234 -13.324095 -2.115646 -1.221473 1.221462 -13.753601 7.447206 9.069843 -1.745166 -1.007569 1.007566 -0.000001 -0.000011 -0.000001 -7.289624 -0.160562 1.788520 -0.934042 0.803122 10.773192 -2.816291 -0.000008 -0.000007 0.637324 -3.394051 26.746406 -2.639583 -0.000007 0.000007 -0.167847 -0.590567 17.433254 -2.241501 -0.000006 0.000014 0.000002 0.000002 0.000000 -7.060412 0.000008 0.000006 0.839964 -8.113515 23.112375 -3.340207 0.000003 0.000000 1.181246 -4.370036 38.023544 -3.056704 -0.000003 -0.000003 0.821945 -3.075371 31.081739 -2.639474 0.000000 -0.000009 -0.000001 0.000002 0.000000 -6.774590 0.049798 -1.636027 1.275984 -8.669401 41.005676 -2.923900 -0.000001 0.000013 0.713385 -2.594916 23.801116 -2.718001 -0.000011 0.000003 -0.130790 -0.209827 20.215118 -2.379610 0.000000 0.000009 -0.000000 -0.000001 0.000001 -6.148537 -0.175708 -3.130186 2.500283 -10.281923 45.253060 -2.627893 -0.000005 -0.000008 1.612578 -4.332255 49.089683 -2.122490 0.000017 -0.000005 -0.378858 -2.603567 43.266790 -1.792002 0.000002 0.000002 0.000001 -0.000002 -0.000001 7.556999 -4.826313 0.300478 -28.471184 -0.342211 1.304119 0.315534 -24.058294 0.537043 67.064323 2.618833 7.077238 -0.315537 -33.061478 0.084927 4.493386 0.182786 -0.860744 0.092046 -7.483318 10.511632 -5.994857 0.425113 -5.474219 0.082184 -0.046741 6.420124 -0.000001 -0.000000 0.000000 -7.557003 -4.826306 0.300484 -4.101856 -12.101552 9.621857 -0.315557 -24.058256 0.712181 12.317594 1.831905 -1.835713 0.315562 -33.061462 0.096916 -7.148552 -5.093193 -4.973681 -0.092060 -7.483411 10.296527 -2.773197 -0.000002 -0.000001 -0.082208 -0.046777 6.411405 -0.000000 -0.000000 -0.000000 
0.219347 68.685059 110.724838 -0.285095 9.949105 -3.536945 -0.000001 3.962386 -0.274314 2.603319 -0.672811 2.332733 0.000001 14.122135 -0.320022 1.656092 -2.278673 0.845950 0.000000 11.399152 -0.365733 -2.923703 -2.285056 0.251910 0.000000 9.938174 -0.411431 -3.367573 -1.151239 -0.983951 -0.000000 8.579116 0.114201 -1.349393 -3.841517 0.310223 0.000000 25.089088 0.333908 -0.000000 0.000000 -0.000000 4.224101 8.888440 -0.424614 8.280039 -20.929231 3.137780 1.625316 4.497742 -76.980269 0.000011 -36.305099 0.000006 19.884209 -19.957143 5.430811 2.354134 -1.272457 1.802822 28.897513 8.894104 20.768607 1.999429 -1.154373 1.154374 -8.690638 18.041873 -12.337710 2.113314 -1.220119 1.220122 7.946593 -11.221933 1.406953 1.744290 -1.007034 1.007056 -0.000001 -0.000000 -0.000003 7.198479 -0.169237 1.742685 0.321249 3.500377 3.987061 2.844903 -0.000006 -0.000001 0.265683 2.465269 -16.816388 2.665505 -0.000019 0.000002 -0.020309 0.178482 -3.850820 2.297409 -0.000006 -0.000012 0.000000 0.000001 0.000000 6.876539 -0.000006 -0.000005 0.605069 7.624338 -16.487696 3.256827 0.000016 -0.000001 0.612746 3.443009 -27.102869 3.177892 -0.000010 -0.000002 0.271804 1.846630 -15.987009 2.695116 -0.000016 -0.000006 0.000000 0.000002 0.000003 6.623896 -0.059441 -1.696965 0.876768 8.006425 -34.399681 2.957999 -0.000007 0.000004 0.422035 2.000717 -17.172535 2.756902 0.000009 0.000002 0.298778 1.211759 -12.585002 2.334610 0.000011 0.000001 -0.000001 -0.000001 -0.000000 6.046968 -0.139187 -3.244340 3.587798 13.517598 -31.386116 2.623707 0.000009 0.000000 0.487203 2.680653 -29.100803 2.132117 0.000004 -0.000007 0.074785 1.530304 -6.724068 1.793219 0.000012 0.000000 -0.000003 -0.000001 0.000001 -4.224098 8.888414 -0.398196 -0.855008 5.246475 5.396786 22.093493 -2.727992 73.794723 -0.000020 32.516779 -0.000006 25.457271 8.380624 4.049675 -2.342537 -1.287619 1.805307 12.593951 -8.153694 -17.222421 -1.998870 -1.154047 1.154042 6.064830 -5.313234 -13.324095 -2.115646 -1.221473 1.221462 -13.753601 7.447206 9.069843 -1.745166 -1.007569 1.007566 -0.000001 -0.000011 -0.000001 -7.289624 -0.160562 1.788520 -0.934042 0.803122 10.773192 -2.816291 -0.000008 -0.000007 0.637324 -3.394051 26.746406 -2.639583 -0.000007 0.000007 -0.167847 -0.590567 17.433254 -2.241501 -0.000006 0.000014 0.000002 0.000002 0.000000 -7.060412 0.000008 0.000006 0.839964 -8.113515 23.112375 -3.340207 0.000003 0.000000 1.181246 -4.370036 38.023544 -3.056704 -0.000003 -0.000003 0.821945 -3.075371 31.081739 -2.639474 0.000000 -0.000009 -0.000001 0.000002 0.000000 -6.774590 0.049798 -1.636027 1.275984 -8.669401 41.005676 -2.923900 -0.000001 0.000013 0.713385 -2.594916 23.801116 -2.718001 -0.000011 0.000003 -0.130790 -0.209827 20.215118 -2.379610 0.000000 0.000009 -0.000000 -0.000001 0.000001 -6.148537 -0.175708 -3.130186 2.500283 -10.281923 45.253060 -2.627893 -0.000005 -0.000008 1.612578 -4.332255 49.089683 -2.122490 0.000017 -0.000005 -0.378858 -2.603567 43.266790 -1.792002 0.000002 0.000002 0.000001 -0.000002 -0.000001 7.556999 -4.826313 0.300478 -28.471184 -0.342211 1.304119 0.315534 -24.058294 0.537043 67.064323 2.618833 7.077238 -0.315537 -33.061478 0.084927 4.493386 0.182786 -0.860744 0.092046 -7.483318 10.511632 -5.994857 0.425113 -5.474219 0.082184 -0.046741 6.420124 -0.000001 -0.000000 0.000000 -7.557003 -4.826306 0.300484 -4.101856 -12.101552 9.621857 -0.315557 -24.058256 0.712181 12.317594 1.831905 -1.835713 0.315562 -33.061462 0.096916 -7.148552 -5.093193 -4.973681 -0.092060 -7.483411 10.296527 -2.773197 -0.000002 -0.000001 -0.082208 -0.046777 6.411405 -0.000000 -0.000000 -0.000000 
0.219347 68.685059 110.724838 -0.285095 9.949105 -3.536945 -0.000001 3.962386 -0.274314 2.603319 -0.672811 2.332733 0.000001 14.122135 -0.320022 1.656092 -2.278673 0.845950 0.000000 11.399152 -0.365733 -2.923703 -2.285056 0.251910 0.000000 9.938174 -0.411431 -3.367573 -1.151239 -0.983951 -0.000000 8.579116 0.114201 -1.349393 -3.841517 0.310223 0.000000 25.089088 0.333908 -0.000000 0.000000 -0.000000 4.224101 8.888440 -0.424614 8.280039 -20.929231 3.137780 1.625316 4.497742 -76.980269 0.000011 -36.305099 0.000006 19.884209 -19.957143 5.430811 2.354134 -1.272457 1.802822 28.897513 8.894104 20.768607 1.999429 -1.154373 1.154374 -8.690638 18.041873 -12.337710 2.113314 -1.220119 1.220122 7.946593 -11.221933 1.406953 1.744290 -1.007034 1.007056 -0.000001 -0.000000 -0.000003 7.198479 -0.169237 1.742685 0.321249 3.500377 3.987061 2.844903 -0.000006 -0.000001 0.265683 2.465269 -16.816388 2.665505 -0.000019 0.000002 -0.020309 0.178482 -3.850820 2.297409 -0.000006 -0.000012 0.000000 0.000001 0.000000 6.876539 -0.000006 -0.000005 0.605069 7.624338 -16.487696 3.256827 0.000016 -0.000001 0.612746 3.443009 -27.102869 3.177892 -0.000010 -0.000002 0.271804 1.846630 -15.987009 2.695116 -0.000016 -0.000006 0.000000 0.000002 0.000003 6.623896 -0.059441 -1.696965 0.876768 8.006425 -34.399681 2.957999 -0.000007 0.000004 0.422035 2.000717 -17.172535 2.756902 0.000009 0.000002 0.298778 1.211759 -12.585002 2.334610 0.000011 0.000001 -0.000001 -0.000001 -0.000000 6.046968 -0.139187 -3.244340 3.587798 13.517598 -31.386116 2.623707 0.000009 0.000000 0.487203 2.680653 -29.100803 2.132117 0.000004 -0.000007 0.074785 1.530304 -6.724068 1.793219 0.000012 0.000000 -0.000003 -0.000001 0.000001 -4.224098 8.888414 -0.398196 -0.855008 5.246475 5.396786 22.093493 -2.727992 73.794723 -0.000020 32.516779 -0.000006 25.457271 8.380624 4.049675 -2.342537 -1.287619 1.805307 12.593951 -8.153694 -17.222421 -1.998870 -1.154047 1.154042 6.064830 -5.313234 -13.324095 -2.115646 -1.221473 1.221462 -13.753601 7.447206 9.069843 -1.745166 -1.007569 1.007566 -0.000001 -0.000011 -0.000001 -7.289624 -0.160562 1.788520 -0.934042 0.803122 10.773192 -2.816291 -0.000008 -0.000007 0.637324 -3.394051 26.746406 -2.639583 -0.000007 0.000007 -0.167847 -0.590567 17.433254 -2.241501 -0.000006 0.000014 0.000002 0.000002 0.000000 -7.060412 0.000008 0.000006 0.839964 -8.113515 23.112375 -3.340207 0.000003 0.000000 1.181246 -4.370036 38.023544 -3.056704 -0.000003 -0.000003 0.821945 -3.075371 31.081739 -2.639474 0.000000 -0.000009 -0.000001 0.000002 0.000000 -6.774590 0.049798 -1.636027 1.275984 -8.669401 41.005676 -2.923900 -0.000001 0.000013 0.713385 -2.594916 23.801116 -2.718001 -0.000011 0.000003 -0.130790 -0.209827 20.215118 -2.379610 0.000000 0.000009 -0.000000 -0.000001 0.000001 -6.148537 -0.175708 -3.130186 2.500283 -10.281923 45.253060 -2.627893 -0.000005 -0.000008 1.612578 -4.332255 49.089683 -2.122490 0.000017 -0.000005 -0.378858 -2.603567 43.266790 -1.792002 0.000002 0.000002 0.000001 -0.000002 -0.000001 7.556999 -4.826313 0.300478 -28.471184 -0.342211 1.304119 0.315534 -24.058294 0.537043 67.064323 2.618833 7.077238 -0.315537 -33.061478 0.084927 4.493386 0.182786 -0.860744 0.092046 -7.483318 10.511632 -5.994857 0.425113 -5.474219 0.082184 -0.046741 6.420124 -0.000001 -0.000000 0.000000 -7.557003 -4.826306 0.300484 -4.101856 -12.101552 9.621857 -0.315557 -24.058256 0.712181 12.317594 1.831905 -1.835713 0.315562 -33.061462 0.096916 -7.148552 -5.093193 -4.973681 -0.092060 -7.483411 10.296527 -2.773197 -0.000002 -0.000001 -0.082208 -0.046777 6.411405 -0.000000 -0.000000 -0.000000 
0.219347 68.685059 110.724838 -0.285095 9.949105 -3.536945 -0.000001 3.962386 -0.274314 2.603319 -0.672811 2.332733 0.000001 14.122135 -0.320022 1.656092 -2.278673 0.845950 0.000000 11.399152 -0.365733 -2.923703 -2.285056 0.251910 0.000000 9.938174 -0.411431 -3.367573 -1.151239 -0.983951 -0.000000 8.579116 0.114201 -1.349393 -3.841517 0.310223 0.000000 25.089088 0.333908 -0.000000 0.000000 -0.000000 4.224101 8.888440 -0.424614 8.280039 -20.929231 3.137780 1.625316 4.497742 -76.980269 0.000011 -36.305099 0.000006 19.884209 -19.957143 5.430811 2.354134 -1.272457 1.802822 28.897513 8.894104 20.768607 1.999429 -1.154373 1.154374 -8.690638 18.041873 -12.337710 2.113314 -1.220119 1.220122 7.946593 -11.221933 1.406953 1.744290 -1.007034 1.007056 -0.000001 -0.000000 -0.000003 7.198479 -0.169237 1.742685 0.321249 3.500377 3.987061 2.844903 -0.000006 -0.000001 0.265683 2.465269 -16.816388 2.665505 -0.000019 0.000002 -0.020309 0.178482 -3.850820 2.297409 -0.000006 -0.000012 0.000000 0.000001 0.000000 6.876539 -0.000006 -0.000005 0.605069 7.624338 -16.487696 3.256827 0.000016 -0.000001 0.612746 3.443009 -27.102869 3.177892 -0.000010 -0.000002 0.271804 1.846630 -15.987009 2.695116 -0.000016 -0.000006 0.000000 0.000002 0.000003 6.623896 -0.059441 -1.696965 0.876768 8.006425 -34.399681 2.957999 -0.000007 0.000004 0.422035 2.000717 -17.172535 2.756902 0.000009 0.000002 0.298778 1.211759 -12.585002 2.334610 0.000011 0.000001 -0.000001 -0.000001 -0.000000 6.046968 -0.139187 -3.244340 3.587798 13.517598 -31.386116 2.623707 0.000009 0.000000 0.487203 2.680653 -29.100803 2.132117 0.000004 -0.000007 0.074785 1.530304 -6.724068 1.793219 0.000012 0.000000 -0.000003 -0.000001 0.000001 -4.224098 8.888414 -0.398196 -0.855008 5.246475 5.396786 22.093493 -2.727992 73.794723 -0.000020 32.516779 -0.000006 25.457271 8.380624 4.049675 -2.342537 -1.287619 1.805307 12.593951 -8.153694 -17.222421 -1.998870 -1.154047 1.154042 6.064830 -5.313234 -13.324095 -2.115646 -1.221473 1.221462 -13.753601 7.447206 9.069843 -1.745166 -1.007569 1.007566 -0.000001 -0.000011 -0.000001 -7.289624 -0.160562 1.788520 -0.934042 0.803122 10.773192 -2.816291 -0.000008 -0.000007 0.637324 -3.394051 26.746406 -2.639583 -0.000007 0.000007 -0.167847 -0.590567 17.433254 -2.241501 -0.000006 0.000014 0.000002 0.000002 0.000000 -7.060412 0.000008 0.000006 0.839964 -8.113515 23.112375 -3.340207 0.000003 0.000000 1.181246 -4.370036 38.023544 -3.056704 -0.000003 -0.000003 0.821945 -3.075371 31.081739 -2.639474 0.000000 -0.000009 -0.000001 0.000002 0.000000 -6.774590 0.049798 -1.636027 1.275984 -8.669401 41.005676 -2.923900 -0.000001 0.000013 0.713385 -2.594916 23.801116 -2.718001 -0.000011 0.000003 -0.130790 -0.209827 20.215118 -2.379610 0.000000 0.000009 -0.000000 -0.000001 0.000001 -6.148537 -0.175708 -3.130186 2.500283 -10.281923 45.253060 -2.627893 -0.000005 -0.000008 1.612578 -4.332255 49.089683 -2.122490 0.000017 -0.000005 -0.378858 -2.603567 43.266790 -1.792002 0.000002 0.000002 0.000001 -0.000002 -0.000001 7.556999 -4.826313 0.300478 -28.471184 -0.342211 1.304119 0.315534 -24.058294 0.537043 67.064323 2.618833 7.077238 -0.315537 -33.061478 0.084927 4.493386 0.182786 -0.860744 0.092046 -7.483318 10.511632 -5.994857 0.425113 -5.474219 0.082184 -0.046741 6.420124 -0.000001 -0.000000 0.000000 -7.557003 -4.826306 0.300484 -4.101856 -12.101552 9.621857 -0.315557 -24.058256 0.712181 12.317594 1.831905 -1.835713 0.315562 -33.061462 0.096916 -7.148552 -5.093193 -4.973681 -0.092060 -7.483411 10.296527 -2.773197 -0.000002 -0.000001 -0.082208 -0.046777 6.411405 -0.000000 -0.000000 -0.000000 
